Language	Lambda	Quantile	Samples
Afrikaans	0.0	0.792452812195	53
Afrikaans	0.02	0.792452812195	53
Afrikaans	0.04	0.811320781708	53
Afrikaans	0.06	0.811320781708	53
Afrikaans	0.08	0.811320781708	53
Afrikaans	0.1	0.811320781708	53
Afrikaans	0.12	0.811320781708	53
Afrikaans	0.14	0.811320781708	53
Afrikaans	0.16	0.830188691616	53
Afrikaans	0.18	0.830188691616	53
Afrikaans	0.2	0.830188691616	53
Afrikaans	0.22	0.830188691616	53
Afrikaans	0.24	0.830188691616	53
Afrikaans	0.26	0.849056601524	53
Afrikaans	0.28	0.849056601524	53
Afrikaans	0.3	0.849056601524	53
Afrikaans	0.32	0.849056601524	53
Afrikaans	0.34	0.849056601524	53
Afrikaans	0.36	0.849056601524	53
Afrikaans	0.38	0.849056601524	53
Afrikaans	0.4	0.849056601524	53
Afrikaans	0.42	0.867924511433	53
Afrikaans	0.44	0.867924511433	53
Afrikaans	0.46	0.886792480946	53
Afrikaans	0.48	0.886792480946	53
Afrikaans	0.5	0.886792480946	53
Afrikaans	0.52	0.886792480946	53
Afrikaans	0.54	0.886792480946	53
Afrikaans	0.56	0.886792480946	53
Afrikaans	0.58	0.886792480946	53
Afrikaans	0.6	0.886792480946	53
Afrikaans	0.62	0.886792480946	53
Afrikaans	0.64	0.886792480946	53
Afrikaans	0.66	0.886792480946	53
Afrikaans	0.68	0.905660390854	53
Afrikaans	0.7	0.905660390854	53
Afrikaans	0.72	0.924528300762	53
Afrikaans	0.74	0.924528300762	53
Afrikaans	0.76	0.924528300762	53
Afrikaans	0.78	0.924528300762	53
Afrikaans	0.8	0.924528300762	53
Afrikaans	0.82	0.924528300762	53
Afrikaans	0.84	0.924528300762	53
Afrikaans	0.86	0.94339621067	53
Afrikaans	0.88	0.94339621067	53
Afrikaans	0.9	0.94339621067	53
Afrikaans	0.92	0.94339621067	53
Afrikaans	0.94	0.94339621067	53
Afrikaans	0.96	0.94339621067	53
Afrikaans	0.98	0.94339621067	53
Ancient_Greek	0.0	0.333333343267	54
Ancient_Greek	0.02	0.351851850748	54
Ancient_Greek	0.04	0.351851850748	54
Ancient_Greek	0.06	0.351851850748	54
Ancient_Greek	0.08	0.351851850748	54
Ancient_Greek	0.1	0.370370358229	54
Ancient_Greek	0.12	0.370370358229	54
Ancient_Greek	0.14	0.388888895512	54
Ancient_Greek	0.16	0.388888895512	54
Ancient_Greek	0.18	0.388888895512	54
Ancient_Greek	0.2	0.407407402992	54
Ancient_Greek	0.22	0.407407402992	54
Ancient_Greek	0.24	0.407407402992	54
Ancient_Greek	0.26	0.425925940275	54
Ancient_Greek	0.28	0.425925940275	54
Ancient_Greek	0.3	0.425925940275	54
Ancient_Greek	0.32	0.425925940275	54
Ancient_Greek	0.34	0.425925940275	54
Ancient_Greek	0.36	0.425925940275	54
Ancient_Greek	0.38	0.425925940275	54
Ancient_Greek	0.4	0.444444447756	54
Ancient_Greek	0.42	0.444444447756	54
Ancient_Greek	0.44	0.444444447756	54
Ancient_Greek	0.46	0.462962955236	54
Ancient_Greek	0.48	0.462962955236	54
Ancient_Greek	0.5	0.462962955236	54
Ancient_Greek	0.52	0.462962955236	54
Ancient_Greek	0.54	0.462962955236	54
Ancient_Greek	0.56	0.481481492519	54
Ancient_Greek	0.58	0.5	54
Ancient_Greek	0.6	0.5	54
Ancient_Greek	0.62	0.5	54
Ancient_Greek	0.64	0.5	54
Ancient_Greek	0.66	0.5	54
Ancient_Greek	0.68	0.5	54
Ancient_Greek	0.7	0.5	54
Ancient_Greek	0.72	0.518518507481	54
Ancient_Greek	0.74	0.5	54
Ancient_Greek	0.76	0.518518507481	54
Ancient_Greek	0.78	0.518518507481	54
Ancient_Greek	0.8	0.537037014961	54
Ancient_Greek	0.82	0.537037014961	54
Ancient_Greek	0.84	0.537037014961	54
Ancient_Greek	0.86	0.555555582047	54
Ancient_Greek	0.88	0.574074089527	54
Ancient_Greek	0.9	0.574074089527	54
Ancient_Greek	0.92	0.574074089527	54
Ancient_Greek	0.94	0.574074089527	54
Ancient_Greek	0.96	0.574074089527	54
Ancient_Greek	0.98	0.574074089527	54
Arabic	0.0	0.979591846466	49
Arabic	0.02	1.0	49
Arabic	0.04	1.0	49
Arabic	0.06	1.0	49
Arabic	0.08	1.0	49
Arabic	0.1	1.0	49
Arabic	0.12	1.0	49
Arabic	0.14	0.979591846466	49
Arabic	0.16	0.979591846466	49
Arabic	0.18	0.979591846466	49
Arabic	0.2	0.979591846466	49
Arabic	0.22	0.979591846466	49
Arabic	0.24	0.979591846466	49
Arabic	0.26	0.979591846466	49
Arabic	0.28	0.979591846466	49
Arabic	0.3	0.979591846466	49
Arabic	0.32	0.979591846466	49
Arabic	0.34	0.979591846466	49
Arabic	0.36	0.979591846466	49
Arabic	0.38	0.979591846466	49
Arabic	0.4	0.979591846466	49
Arabic	0.42	0.979591846466	49
Arabic	0.44	0.979591846466	49
Arabic	0.46	0.979591846466	49
Arabic	0.48	0.979591846466	49
Arabic	0.5	0.979591846466	49
Arabic	0.52	0.979591846466	49
Arabic	0.54	0.979591846466	49
Arabic	0.56	0.979591846466	49
Arabic	0.58	0.979591846466	49
Arabic	0.6	0.979591846466	49
Arabic	0.62	0.979591846466	49
Arabic	0.64	0.979591846466	49
Arabic	0.66	0.979591846466	49
Arabic	0.68	0.979591846466	49
Arabic	0.7	0.979591846466	49
Arabic	0.72	0.979591846466	49
Arabic	0.74	0.979591846466	49
Arabic	0.76	0.979591846466	49
Arabic	0.78	0.979591846466	49
Arabic	0.8	0.979591846466	49
Arabic	0.82	0.959183692932	49
Arabic	0.84	0.959183692932	49
Arabic	0.86	0.959183692932	49
Arabic	0.88	0.959183692932	49
Arabic	0.9	0.959183692932	49
Arabic	0.92	0.959183692932	49
Arabic	0.94	0.959183692932	49
Arabic	0.96	0.959183692932	49
Arabic	0.98	0.959183692932	49
Basque	0.0	0.283018857241	53
Basque	0.02	0.301886796951	53
Basque	0.04	0.32075470686	53
Basque	0.06	0.33962264657	53
Basque	0.08	0.33962264657	53
Basque	0.1	0.33962264657	53
Basque	0.12	0.377358496189	53
Basque	0.14	0.396226406097	53
Basque	0.16	0.415094345808	53
Basque	0.18	0.433962255716	53
Basque	0.2	0.433962255716	53
Basque	0.22	0.452830195427	53
Basque	0.24	0.471698105335	53
Basque	0.26	0.471698105335	53
Basque	0.28	0.490566045046	53
Basque	0.3	0.490566045046	53
Basque	0.32	0.490566045046	53
Basque	0.34	0.509433984756	53
Basque	0.36	0.509433984756	53
Basque	0.38	0.509433984756	53
Basque	0.4	0.528301894665	53
Basque	0.42	0.566037714481	53
Basque	0.44	0.566037714481	53
Basque	0.46	0.566037714481	53
Basque	0.48	0.603773593903	53
Basque	0.5	0.603773593903	53
Basque	0.52	0.622641503811	53
Basque	0.54	0.622641503811	53
Basque	0.56	0.622641503811	53
Basque	0.58	0.622641503811	53
Basque	0.6	0.622641503811	53
Basque	0.62	0.622641503811	53
Basque	0.64	0.622641503811	53
Basque	0.66	0.641509413719	53
Basque	0.68	0.641509413719	53
Basque	0.7	0.660377383232	53
Basque	0.72	0.67924529314	53
Basque	0.74	0.67924529314	53
Basque	0.76	0.698113203049	53
Basque	0.78	0.698113203049	53
Basque	0.8	0.698113203049	53
Basque	0.82	0.698113203049	53
Basque	0.84	0.698113203049	53
Basque	0.86	0.698113203049	53
Basque	0.88	0.698113203049	53
Basque	0.9	0.716981112957	53
Basque	0.92	0.716981112957	53
Basque	0.94	0.716981112957	53
Basque	0.96	0.716981112957	53
Basque	0.98	0.716981112957	53
Belarusian	0.0	1.0	51
Belarusian	0.02	1.0	51
Belarusian	0.04	1.0	51
Belarusian	0.06	1.0	51
Belarusian	0.08	1.0	51
Belarusian	0.1	1.0	51
Belarusian	0.12	1.0	51
Belarusian	0.14	1.0	51
Belarusian	0.16	1.0	51
Belarusian	0.18	1.0	51
Belarusian	0.2	1.0	51
Belarusian	0.22	0.980392158031	51
Belarusian	0.24	0.980392158031	51
Belarusian	0.26	0.980392158031	51
Belarusian	0.28	0.980392158031	51
Belarusian	0.3	0.980392158031	51
Belarusian	0.32	0.980392158031	51
Belarusian	0.34	0.980392158031	51
Belarusian	0.36	0.980392158031	51
Belarusian	0.38	0.980392158031	51
Belarusian	0.4	0.980392158031	51
Belarusian	0.42	0.980392158031	51
Belarusian	0.44	0.980392158031	51
Belarusian	0.46	0.941176474094	51
Belarusian	0.48	0.941176474094	51
Belarusian	0.5	0.941176474094	51
Belarusian	0.52	0.941176474094	51
Belarusian	0.54	0.941176474094	51
Belarusian	0.56	0.941176474094	51
Belarusian	0.58	0.941176474094	51
Belarusian	0.6	0.941176474094	51
Belarusian	0.62	0.941176474094	51
Belarusian	0.64	0.941176474094	51
Belarusian	0.66	0.941176474094	51
Belarusian	0.68	0.941176474094	51
Belarusian	0.7	0.941176474094	51
Belarusian	0.72	0.921568632126	51
Belarusian	0.74	0.921568632126	51
Belarusian	0.76	0.901960790157	51
Belarusian	0.78	0.901960790157	51
Belarusian	0.8	0.882352948189	51
Belarusian	0.82	0.843137264252	51
Belarusian	0.84	0.823529422283	51
Belarusian	0.86	0.784313738346	51
Belarusian	0.88	0.745098054409	51
Belarusian	0.9	0.745098054409	51
Belarusian	0.92	0.72549021244	51
Belarusian	0.94	0.72549021244	51
Belarusian	0.96	0.705882370472	51
Belarusian	0.98	0.686274528503	51
Bulgarian	0.0	1.0	50
Bulgarian	0.02	1.0	50
Bulgarian	0.04	1.0	50
Bulgarian	0.06	1.0	50
Bulgarian	0.08	1.0	50
Bulgarian	0.1	1.0	50
Bulgarian	0.12	1.0	50
Bulgarian	0.14	1.0	50
Bulgarian	0.16	1.0	50
Bulgarian	0.18	1.0	50
Bulgarian	0.2	1.0	50
Bulgarian	0.22	1.0	50
Bulgarian	0.24	1.0	50
Bulgarian	0.26	1.0	50
Bulgarian	0.28	1.0	50
Bulgarian	0.3	1.0	50
Bulgarian	0.32	1.0	50
Bulgarian	0.34	1.0	50
Bulgarian	0.36	1.0	50
Bulgarian	0.38	1.0	50
Bulgarian	0.4	1.0	50
Bulgarian	0.42	1.0	50
Bulgarian	0.44	1.0	50
Bulgarian	0.46	1.0	50
Bulgarian	0.48	1.0	50
Bulgarian	0.5	1.0	50
Bulgarian	0.52	1.0	50
Bulgarian	0.54	1.0	50
Bulgarian	0.56	1.0	50
Bulgarian	0.58	1.0	50
Bulgarian	0.6	1.0	50
Bulgarian	0.62	1.0	50
Bulgarian	0.64	1.0	50
Bulgarian	0.66	1.0	50
Bulgarian	0.68	1.0	50
Bulgarian	0.7	1.0	50
Bulgarian	0.72	1.0	50
Bulgarian	0.74	1.0	50
Bulgarian	0.76	1.0	50
Bulgarian	0.78	1.0	50
Bulgarian	0.8	1.0	50
Bulgarian	0.82	1.0	50
Bulgarian	0.84	1.0	50
Bulgarian	0.86	1.0	50
Bulgarian	0.88	1.0	50
Bulgarian	0.9	1.0	50
Bulgarian	0.92	1.0	50
Bulgarian	0.94	1.0	50
Bulgarian	0.96	1.0	50
Bulgarian	0.98	1.0	50
Catalan	0.0	1.0	54
Catalan	0.02	1.0	54
Catalan	0.04	1.0	54
Catalan	0.06	1.0	54
Catalan	0.08	1.0	54
Catalan	0.1	1.0	54
Catalan	0.12	1.0	54
Catalan	0.14	1.0	54
Catalan	0.16	1.0	54
Catalan	0.18	1.0	54
Catalan	0.2	1.0	54
Catalan	0.22	1.0	54
Catalan	0.24	1.0	54
Catalan	0.26	1.0	54
Catalan	0.28	1.0	54
Catalan	0.3	1.0	54
Catalan	0.32	1.0	54
Catalan	0.34	1.0	54
Catalan	0.36	1.0	54
Catalan	0.38	1.0	54
Catalan	0.4	1.0	54
Catalan	0.42	1.0	54
Catalan	0.44	1.0	54
Catalan	0.46	1.0	54
Catalan	0.48	1.0	54
Catalan	0.5	1.0	54
Catalan	0.52	1.0	54
Catalan	0.54	1.0	54
Catalan	0.56	1.0	54
Catalan	0.58	1.0	54
Catalan	0.6	1.0	54
Catalan	0.62	1.0	54
Catalan	0.64	1.0	54
Catalan	0.66	1.0	54
Catalan	0.68	1.0	54
Catalan	0.7	1.0	54
Catalan	0.72	1.0	54
Catalan	0.74	1.0	54
Catalan	0.76	1.0	54
Catalan	0.78	1.0	54
Catalan	0.8	1.0	54
Catalan	0.82	1.0	54
Catalan	0.84	1.0	54
Catalan	0.86	1.0	54
Catalan	0.88	1.0	54
Catalan	0.9	1.0	54
Catalan	0.92	1.0	54
Catalan	0.94	1.0	54
Catalan	0.96	1.0	54
Catalan	0.98	1.0	54
Chinese	0.0	0.696428596973	56
Chinese	0.02	0.696428596973	56
Chinese	0.04	0.696428596973	56
Chinese	0.06	0.696428596973	56
Chinese	0.08	0.696428596973	56
Chinese	0.1	0.696428596973	56
Chinese	0.12	0.696428596973	56
Chinese	0.14	0.696428596973	56
Chinese	0.16	0.696428596973	56
Chinese	0.18	0.714285731316	56
Chinese	0.2	0.714285731316	56
Chinese	0.22	0.714285731316	56
Chinese	0.24	0.732142865658	56
Chinese	0.26	0.75	56
Chinese	0.28	0.75	56
Chinese	0.3	0.75	56
Chinese	0.32	0.75	56
Chinese	0.34	0.767857134342	56
Chinese	0.36	0.767857134342	56
Chinese	0.38	0.767857134342	56
Chinese	0.4	0.767857134342	56
Chinese	0.42	0.767857134342	56
Chinese	0.44	0.767857134342	56
Chinese	0.46	0.767857134342	56
Chinese	0.48	0.767857134342	56
Chinese	0.5	0.767857134342	56
Chinese	0.52	0.767857134342	56
Chinese	0.54	0.767857134342	56
Chinese	0.56	0.767857134342	56
Chinese	0.58	0.767857134342	56
Chinese	0.6	0.767857134342	56
Chinese	0.62	0.767857134342	56
Chinese	0.64	0.767857134342	56
Chinese	0.66	0.767857134342	56
Chinese	0.68	0.767857134342	56
Chinese	0.7	0.767857134342	56
Chinese	0.72	0.767857134342	56
Chinese	0.74	0.767857134342	56
Chinese	0.76	0.767857134342	56
Chinese	0.78	0.767857134342	56
Chinese	0.8	0.767857134342	56
Chinese	0.82	0.767857134342	56
Chinese	0.84	0.767857134342	56
Chinese	0.86	0.767857134342	56
Chinese	0.88	0.767857134342	56
Chinese	0.9	0.767857134342	56
Chinese	0.92	0.767857134342	56
Chinese	0.94	0.767857134342	56
Chinese	0.96	0.767857134342	56
Chinese	0.98	0.767857134342	56
Coptic	0.0	1.0	49
Coptic	0.02	1.0	49
Coptic	0.04	1.0	49
Coptic	0.06	1.0	49
Coptic	0.08	1.0	49
Coptic	0.1	1.0	49
Coptic	0.12	1.0	49
Coptic	0.14	1.0	49
Coptic	0.16	1.0	49
Coptic	0.18	1.0	49
Coptic	0.2	1.0	49
Coptic	0.22	1.0	49
Coptic	0.24	1.0	49
Coptic	0.26	1.0	49
Coptic	0.28	1.0	49
Coptic	0.3	1.0	49
Coptic	0.32	1.0	49
Coptic	0.34	1.0	49
Coptic	0.36	1.0	49
Coptic	0.38	1.0	49
Coptic	0.4	1.0	49
Coptic	0.42	1.0	49
Coptic	0.44	1.0	49
Coptic	0.46	1.0	49
Coptic	0.48	1.0	49
Coptic	0.5	1.0	49
Coptic	0.52	1.0	49
Coptic	0.54	1.0	49
Coptic	0.56	1.0	49
Coptic	0.58	1.0	49
Coptic	0.6	1.0	49
Coptic	0.62	1.0	49
Coptic	0.64	1.0	49
Coptic	0.66	1.0	49
Coptic	0.68	1.0	49
Coptic	0.7	1.0	49
Coptic	0.72	1.0	49
Coptic	0.74	1.0	49
Coptic	0.76	1.0	49
Coptic	0.78	1.0	49
Coptic	0.8	1.0	49
Coptic	0.82	1.0	49
Coptic	0.84	1.0	49
Coptic	0.86	1.0	49
Coptic	0.88	1.0	49
Coptic	0.9	1.0	49
Coptic	0.92	1.0	49
Coptic	0.94	1.0	49
Coptic	0.96	1.0	49
Coptic	0.98	1.0	49
Croatian	0.0	1.0	51
Croatian	0.02	1.0	51
Croatian	0.04	1.0	51
Croatian	0.06	1.0	51
Croatian	0.08	1.0	51
Croatian	0.1	1.0	51
Croatian	0.12	1.0	51
Croatian	0.14	1.0	51
Croatian	0.16	1.0	51
Croatian	0.18	1.0	51
Croatian	0.2	1.0	51
Croatian	0.22	1.0	51
Croatian	0.24	1.0	51
Croatian	0.26	1.0	51
Croatian	0.28	1.0	51
Croatian	0.3	1.0	51
Croatian	0.32	1.0	51
Croatian	0.34	1.0	51
Croatian	0.36	1.0	51
Croatian	0.38	1.0	51
Croatian	0.4	1.0	51
Croatian	0.42	1.0	51
Croatian	0.44	1.0	51
Croatian	0.46	1.0	51
Croatian	0.48	1.0	51
Croatian	0.5	1.0	51
Croatian	0.52	1.0	51
Croatian	0.54	1.0	51
Croatian	0.56	1.0	51
Croatian	0.58	1.0	51
Croatian	0.6	1.0	51
Croatian	0.62	1.0	51
Croatian	0.64	1.0	51
Croatian	0.66	1.0	51
Croatian	0.68	1.0	51
Croatian	0.7	1.0	51
Croatian	0.72	1.0	51
Croatian	0.74	1.0	51
Croatian	0.76	1.0	51
Croatian	0.78	1.0	51
Croatian	0.8	1.0	51
Croatian	0.82	1.0	51
Croatian	0.84	1.0	51
Croatian	0.86	1.0	51
Croatian	0.88	1.0	51
Croatian	0.9	1.0	51
Croatian	0.92	1.0	51
Croatian	0.94	1.0	51
Croatian	0.96	1.0	51
Croatian	0.98	1.0	51
Czech	0.0	1.0	45
Czech	0.02	1.0	45
Czech	0.04	1.0	45
Czech	0.06	1.0	45
Czech	0.08	1.0	45
Czech	0.1	1.0	45
Czech	0.12	1.0	45
Czech	0.14	1.0	45
Czech	0.16	1.0	45
Czech	0.18	1.0	45
Czech	0.2	1.0	45
Czech	0.22	1.0	45
Czech	0.24	1.0	45
Czech	0.26	1.0	45
Czech	0.28	1.0	45
Czech	0.3	1.0	45
Czech	0.32	1.0	45
Czech	0.34	1.0	45
Czech	0.36	1.0	45
Czech	0.38	1.0	45
Czech	0.4	1.0	45
Czech	0.42	1.0	45
Czech	0.44	1.0	45
Czech	0.46	1.0	45
Czech	0.48	1.0	45
Czech	0.5	1.0	45
Czech	0.52	1.0	45
Czech	0.54	1.0	45
Czech	0.56	1.0	45
Czech	0.58	1.0	45
Czech	0.6	1.0	45
Czech	0.62	1.0	45
Czech	0.64	1.0	45
Czech	0.66	1.0	45
Czech	0.68	1.0	45
Czech	0.7	1.0	45
Czech	0.72	1.0	45
Czech	0.74	1.0	45
Czech	0.76	1.0	45
Czech	0.78	1.0	45
Czech	0.8	0.977777779102	45
Czech	0.82	0.977777779102	45
Czech	0.84	0.977777779102	45
Czech	0.86	0.977777779102	45
Czech	0.88	0.977777779102	45
Czech	0.9	0.977777779102	45
Czech	0.92	0.977777779102	45
Czech	0.94	0.977777779102	45
Czech	0.96	0.977777779102	45
Czech	0.98	0.977777779102	45
Danish	0.0	1.0	53
Danish	0.02	1.0	53
Danish	0.04	1.0	53
Danish	0.06	1.0	53
Danish	0.08	1.0	53
Danish	0.1	1.0	53
Danish	0.12	1.0	53
Danish	0.14	1.0	53
Danish	0.16	1.0	53
Danish	0.18	1.0	53
Danish	0.2	1.0	53
Danish	0.22	1.0	53
Danish	0.24	1.0	53
Danish	0.26	1.0	53
Danish	0.28	1.0	53
Danish	0.3	1.0	53
Danish	0.32	1.0	53
Danish	0.34	1.0	53
Danish	0.36	1.0	53
Danish	0.38	1.0	53
Danish	0.4	1.0	53
Danish	0.42	1.0	53
Danish	0.44	1.0	53
Danish	0.46	1.0	53
Danish	0.48	1.0	53
Danish	0.5	1.0	53
Danish	0.52	1.0	53
Danish	0.54	1.0	53
Danish	0.56	1.0	53
Danish	0.58	1.0	53
Danish	0.6	1.0	53
Danish	0.62	1.0	53
Danish	0.64	1.0	53
Danish	0.66	1.0	53
Danish	0.68	1.0	53
Danish	0.7	1.0	53
Danish	0.72	1.0	53
Danish	0.74	1.0	53
Danish	0.76	1.0	53
Danish	0.78	1.0	53
Danish	0.8	1.0	53
Danish	0.82	1.0	53
Danish	0.84	1.0	53
Danish	0.86	1.0	53
Danish	0.88	1.0	53
Danish	0.9	1.0	53
Danish	0.92	1.0	53
Danish	0.94	1.0	53
Danish	0.96	1.0	53
Danish	0.98	1.0	53
Dutch	0.0	0.763636350632	55
Dutch	0.02	0.763636350632	55
Dutch	0.04	0.781818211079	55
Dutch	0.06	0.781818211079	55
Dutch	0.08	0.818181812763	55
Dutch	0.1	0.818181812763	55
Dutch	0.12	0.854545474052	55
Dutch	0.14	0.854545474052	55
Dutch	0.16	0.872727274895	55
Dutch	0.18	0.872727274895	55
Dutch	0.2	0.890909075737	55
Dutch	0.22	0.890909075737	55
Dutch	0.24	0.890909075737	55
Dutch	0.26	0.890909075737	55
Dutch	0.28	0.890909075737	55
Dutch	0.3	0.890909075737	55
Dutch	0.32	0.890909075737	55
Dutch	0.34	0.890909075737	55
Dutch	0.36	0.890909075737	55
Dutch	0.38	0.890909075737	55
Dutch	0.4	0.890909075737	55
Dutch	0.42	0.890909075737	55
Dutch	0.44	0.890909075737	55
Dutch	0.46	0.890909075737	55
Dutch	0.48	0.890909075737	55
Dutch	0.5	0.890909075737	55
Dutch	0.52	0.890909075737	55
Dutch	0.54	0.890909075737	55
Dutch	0.56	0.890909075737	55
Dutch	0.58	0.890909075737	55
Dutch	0.6	0.890909075737	55
Dutch	0.62	0.890909075737	55
Dutch	0.64	0.890909075737	55
Dutch	0.66	0.890909075737	55
Dutch	0.68	0.890909075737	55
Dutch	0.7	0.872727274895	55
Dutch	0.72	0.872727274895	55
Dutch	0.74	0.872727274895	55
Dutch	0.76	0.872727274895	55
Dutch	0.78	0.872727274895	55
Dutch	0.8	0.872727274895	55
Dutch	0.82	0.872727274895	55
Dutch	0.84	0.872727274895	55
Dutch	0.86	0.872727274895	55
Dutch	0.88	0.872727274895	55
Dutch	0.9	0.872727274895	55
Dutch	0.92	0.872727274895	55
Dutch	0.94	0.872727274895	55
Dutch	0.96	0.872727274895	55
Dutch	0.98	0.872727274895	55
English	0.0	1.0	49
English	0.02	1.0	49
English	0.04	1.0	49
English	0.06	1.0	49
English	0.08	1.0	49
English	0.1	1.0	49
English	0.12	1.0	49
English	0.14	1.0	49
English	0.16	1.0	49
English	0.18	1.0	49
English	0.2	1.0	49
English	0.22	1.0	49
English	0.24	1.0	49
English	0.26	1.0	49
English	0.28	1.0	49
English	0.3	1.0	49
English	0.32	1.0	49
English	0.34	1.0	49
English	0.36	1.0	49
English	0.38	1.0	49
English	0.4	1.0	49
English	0.42	1.0	49
English	0.44	1.0	49
English	0.46	1.0	49
English	0.48	1.0	49
English	0.5	1.0	49
English	0.52	1.0	49
English	0.54	1.0	49
English	0.56	1.0	49
English	0.58	1.0	49
English	0.6	1.0	49
English	0.62	1.0	49
English	0.64	1.0	49
English	0.66	1.0	49
English	0.68	1.0	49
English	0.7	1.0	49
English	0.72	1.0	49
English	0.74	1.0	49
English	0.76	1.0	49
English	0.78	1.0	49
English	0.8	1.0	49
English	0.82	1.0	49
English	0.84	1.0	49
English	0.86	1.0	49
English	0.88	1.0	49
English	0.9	1.0	49
English	0.92	1.0	49
English	0.94	1.0	49
English	0.96	1.0	49
English	0.98	1.0	49
Estonian	0.0	1.0	55
Estonian	0.02	1.0	55
Estonian	0.04	1.0	55
Estonian	0.06	1.0	55
Estonian	0.08	1.0	55
Estonian	0.1	1.0	55
Estonian	0.12	1.0	55
Estonian	0.14	1.0	55
Estonian	0.16	1.0	55
Estonian	0.18	1.0	55
Estonian	0.2	1.0	55
Estonian	0.22	1.0	55
Estonian	0.24	1.0	55
Estonian	0.26	1.0	55
Estonian	0.28	1.0	55
Estonian	0.3	1.0	55
Estonian	0.32	1.0	55
Estonian	0.34	1.0	55
Estonian	0.36	1.0	55
Estonian	0.38	1.0	55
Estonian	0.4	1.0	55
Estonian	0.42	1.0	55
Estonian	0.44	1.0	55
Estonian	0.46	1.0	55
Estonian	0.48	1.0	55
Estonian	0.5	1.0	55
Estonian	0.52	1.0	55
Estonian	0.54	1.0	55
Estonian	0.56	1.0	55
Estonian	0.58	1.0	55
Estonian	0.6	1.0	55
Estonian	0.62	1.0	55
Estonian	0.64	1.0	55
Estonian	0.66	1.0	55
Estonian	0.68	1.0	55
Estonian	0.7	1.0	55
Estonian	0.72	1.0	55
Estonian	0.74	1.0	55
Estonian	0.76	1.0	55
Estonian	0.78	1.0	55
Estonian	0.8	1.0	55
Estonian	0.82	1.0	55
Estonian	0.84	1.0	55
Estonian	0.86	1.0	55
Estonian	0.88	1.0	55
Estonian	0.9	1.0	55
Estonian	0.92	1.0	55
Estonian	0.94	1.0	55
Estonian	0.96	1.0	55
Estonian	0.98	1.0	55
Finnish	0.0	1.0	53
Finnish	0.02	1.0	53
Finnish	0.04	1.0	53
Finnish	0.06	1.0	53
Finnish	0.08	1.0	53
Finnish	0.1	1.0	53
Finnish	0.12	1.0	53
Finnish	0.14	1.0	53
Finnish	0.16	1.0	53
Finnish	0.18	1.0	53
Finnish	0.2	1.0	53
Finnish	0.22	1.0	53
Finnish	0.24	1.0	53
Finnish	0.26	1.0	53
Finnish	0.28	1.0	53
Finnish	0.3	1.0	53
Finnish	0.32	1.0	53
Finnish	0.34	1.0	53
Finnish	0.36	1.0	53
Finnish	0.38	1.0	53
Finnish	0.4	1.0	53
Finnish	0.42	1.0	53
Finnish	0.44	1.0	53
Finnish	0.46	1.0	53
Finnish	0.48	1.0	53
Finnish	0.5	1.0	53
Finnish	0.52	1.0	53
Finnish	0.54	1.0	53
Finnish	0.56	1.0	53
Finnish	0.58	1.0	53
Finnish	0.6	1.0	53
Finnish	0.62	1.0	53
Finnish	0.64	1.0	53
Finnish	0.66	1.0	53
Finnish	0.68	1.0	53
Finnish	0.7	1.0	53
Finnish	0.72	1.0	53
Finnish	0.74	1.0	53
Finnish	0.76	1.0	53
Finnish	0.78	1.0	53
Finnish	0.8	1.0	53
Finnish	0.82	1.0	53
Finnish	0.84	1.0	53
Finnish	0.86	1.0	53
Finnish	0.88	1.0	53
Finnish	0.9	1.0	53
Finnish	0.92	1.0	53
Finnish	0.94	1.0	53
Finnish	0.96	1.0	53
Finnish	0.98	1.0	53
French	0.0	0.979591846466	49
French	0.02	1.0	49
French	0.04	1.0	49
French	0.06	1.0	49
French	0.08	1.0	49
French	0.1	1.0	49
French	0.12	1.0	49
French	0.14	1.0	49
French	0.16	1.0	49
French	0.18	1.0	49
French	0.2	1.0	49
French	0.22	1.0	49
French	0.24	1.0	49
French	0.26	1.0	49
French	0.28	1.0	49
French	0.3	1.0	49
French	0.32	1.0	49
French	0.34	1.0	49
French	0.36	1.0	49
French	0.38	1.0	49
French	0.4	1.0	49
French	0.42	1.0	49
French	0.44	1.0	49
French	0.46	1.0	49
French	0.48	1.0	49
French	0.5	1.0	49
French	0.52	1.0	49
French	0.54	1.0	49
French	0.56	1.0	49
French	0.58	1.0	49
French	0.6	1.0	49
French	0.62	1.0	49
French	0.64	1.0	49
French	0.66	1.0	49
French	0.68	1.0	49
French	0.7	1.0	49
French	0.72	1.0	49
French	0.74	1.0	49
French	0.76	1.0	49
French	0.78	1.0	49
French	0.8	1.0	49
French	0.82	1.0	49
French	0.84	1.0	49
French	0.86	1.0	49
French	0.88	1.0	49
French	0.9	1.0	49
French	0.92	1.0	49
French	0.94	1.0	49
French	0.96	1.0	49
French	0.98	1.0	49
Galician	0.0	0.938775539398	49
Galician	0.02	0.959183692932	49
Galician	0.04	0.979591846466	49
Galician	0.06	1.0	49
Galician	0.08	1.0	49
Galician	0.1	1.0	49
Galician	0.12	1.0	49
Galician	0.14	1.0	49
Galician	0.16	1.0	49
Galician	0.18	1.0	49
Galician	0.2	1.0	49
Galician	0.22	1.0	49
Galician	0.24	1.0	49
Galician	0.26	1.0	49
Galician	0.28	1.0	49
Galician	0.3	1.0	49
Galician	0.32	1.0	49
Galician	0.34	1.0	49
Galician	0.36	1.0	49
Galician	0.38	1.0	49
Galician	0.4	1.0	49
Galician	0.42	1.0	49
Galician	0.44	1.0	49
Galician	0.46	1.0	49
Galician	0.48	1.0	49
Galician	0.5	1.0	49
Galician	0.52	1.0	49
Galician	0.54	1.0	49
Galician	0.56	1.0	49
Galician	0.58	1.0	49
Galician	0.6	1.0	49
Galician	0.62	1.0	49
Galician	0.64	1.0	49
Galician	0.66	1.0	49
Galician	0.68	1.0	49
Galician	0.7	1.0	49
Galician	0.72	1.0	49
Galician	0.74	1.0	49
Galician	0.76	1.0	49
Galician	0.78	1.0	49
Galician	0.8	1.0	49
Galician	0.82	1.0	49
Galician	0.84	1.0	49
Galician	0.86	1.0	49
Galician	0.88	1.0	49
Galician	0.9	1.0	49
Galician	0.92	1.0	49
Galician	0.94	1.0	49
Galician	0.96	1.0	49
Galician	0.98	1.0	49
German	0.0	1.0	52
German	0.02	1.0	52
German	0.04	1.0	52
German	0.06	1.0	52
German	0.08	1.0	52
German	0.1	1.0	52
German	0.12	1.0	52
German	0.14	1.0	52
German	0.16	1.0	52
German	0.18	1.0	52
German	0.2	1.0	52
German	0.22	1.0	52
German	0.24	1.0	52
German	0.26	1.0	52
German	0.28	1.0	52
German	0.3	1.0	52
German	0.32	1.0	52
German	0.34	1.0	52
German	0.36	1.0	52
German	0.38	1.0	52
German	0.4	1.0	52
German	0.42	1.0	52
German	0.44	1.0	52
German	0.46	1.0	52
German	0.48	1.0	52
German	0.5	1.0	52
German	0.52	1.0	52
German	0.54	1.0	52
German	0.56	1.0	52
German	0.58	1.0	52
German	0.6	1.0	52
German	0.62	1.0	52
German	0.64	1.0	52
German	0.66	1.0	52
German	0.68	1.0	52
German	0.7	1.0	52
German	0.72	1.0	52
German	0.74	1.0	52
German	0.76	1.0	52
German	0.78	1.0	52
German	0.8	1.0	52
German	0.82	1.0	52
German	0.84	1.0	52
German	0.86	1.0	52
German	0.88	1.0	52
German	0.9	1.0	52
German	0.92	1.0	52
German	0.94	1.0	52
German	0.96	1.0	52
German	0.98	1.0	52
Gothic	0.0	0.73584908247	53
Gothic	0.02	0.754716992378	53
Gothic	0.04	0.773584902287	53
Gothic	0.06	0.792452812195	53
Gothic	0.08	0.792452812195	53
Gothic	0.1	0.811320781708	53
Gothic	0.12	0.811320781708	53
Gothic	0.14	0.811320781708	53
Gothic	0.16	0.830188691616	53
Gothic	0.18	0.849056601524	53
Gothic	0.2	0.867924511433	53
Gothic	0.22	0.867924511433	53
Gothic	0.24	0.886792480946	53
Gothic	0.26	0.886792480946	53
Gothic	0.28	0.905660390854	53
Gothic	0.3	0.905660390854	53
Gothic	0.32	0.905660390854	53
Gothic	0.34	0.905660390854	53
Gothic	0.36	0.905660390854	53
Gothic	0.38	0.905660390854	53
Gothic	0.4	0.905660390854	53
Gothic	0.42	0.924528300762	53
Gothic	0.44	0.924528300762	53
Gothic	0.46	0.924528300762	53
Gothic	0.48	0.924528300762	53
Gothic	0.5	0.924528300762	53
Gothic	0.52	0.94339621067	53
Gothic	0.54	0.962264180183	53
Gothic	0.56	0.962264180183	53
Gothic	0.58	0.962264180183	53
Gothic	0.6	0.962264180183	53
Gothic	0.62	0.962264180183	53
Gothic	0.64	0.962264180183	53
Gothic	0.66	0.962264180183	53
Gothic	0.68	0.962264180183	53
Gothic	0.7	0.962264180183	53
Gothic	0.72	0.962264180183	53
Gothic	0.74	0.962264180183	53
Gothic	0.76	0.962264180183	53
Gothic	0.78	0.962264180183	53
Gothic	0.8	0.962264180183	53
Gothic	0.82	0.962264180183	53
Gothic	0.84	0.962264180183	53
Gothic	0.86	0.962264180183	53
Gothic	0.88	0.962264180183	53
Gothic	0.9	0.962264180183	53
Gothic	0.92	0.962264180183	53
Gothic	0.94	0.962264180183	53
Gothic	0.96	0.962264180183	53
Gothic	0.98	0.962264180183	53
Greek	0.0	1.0	53
Greek	0.02	1.0	53
Greek	0.04	1.0	53
Greek	0.06	1.0	53
Greek	0.08	1.0	53
Greek	0.1	1.0	53
Greek	0.12	1.0	53
Greek	0.14	1.0	53
Greek	0.16	1.0	53
Greek	0.18	1.0	53
Greek	0.2	1.0	53
Greek	0.22	1.0	53
Greek	0.24	1.0	53
Greek	0.26	1.0	53
Greek	0.28	1.0	53
Greek	0.3	1.0	53
Greek	0.32	1.0	53
Greek	0.34	1.0	53
Greek	0.36	1.0	53
Greek	0.38	1.0	53
Greek	0.4	1.0	53
Greek	0.42	1.0	53
Greek	0.44	1.0	53
Greek	0.46	1.0	53
Greek	0.48	1.0	53
Greek	0.5	1.0	53
Greek	0.52	1.0	53
Greek	0.54	1.0	53
Greek	0.56	1.0	53
Greek	0.58	1.0	53
Greek	0.6	1.0	53
Greek	0.62	1.0	53
Greek	0.64	1.0	53
Greek	0.66	1.0	53
Greek	0.68	1.0	53
Greek	0.7	1.0	53
Greek	0.72	1.0	53
Greek	0.74	1.0	53
Greek	0.76	1.0	53
Greek	0.78	1.0	53
Greek	0.8	1.0	53
Greek	0.82	1.0	53
Greek	0.84	1.0	53
Greek	0.86	1.0	53
Greek	0.88	1.0	53
Greek	0.9	1.0	53
Greek	0.92	1.0	53
Greek	0.94	1.0	53
Greek	0.96	1.0	53
Greek	0.98	1.0	53
Hebrew	0.0	1.0	54
Hebrew	0.02	1.0	54
Hebrew	0.04	1.0	54
Hebrew	0.06	1.0	54
Hebrew	0.08	1.0	54
Hebrew	0.1	1.0	54
Hebrew	0.12	1.0	54
Hebrew	0.14	1.0	54
Hebrew	0.16	1.0	54
Hebrew	0.18	1.0	54
Hebrew	0.2	1.0	54
Hebrew	0.22	1.0	54
Hebrew	0.24	1.0	54
Hebrew	0.26	1.0	54
Hebrew	0.28	1.0	54
Hebrew	0.3	1.0	54
Hebrew	0.32	1.0	54
Hebrew	0.34	1.0	54
Hebrew	0.36	1.0	54
Hebrew	0.38	1.0	54
Hebrew	0.4	1.0	54
Hebrew	0.42	1.0	54
Hebrew	0.44	1.0	54
Hebrew	0.46	1.0	54
Hebrew	0.48	1.0	54
Hebrew	0.5	1.0	54
Hebrew	0.52	1.0	54
Hebrew	0.54	1.0	54
Hebrew	0.56	1.0	54
Hebrew	0.58	1.0	54
Hebrew	0.6	1.0	54
Hebrew	0.62	1.0	54
Hebrew	0.64	1.0	54
Hebrew	0.66	1.0	54
Hebrew	0.68	1.0	54
Hebrew	0.7	1.0	54
Hebrew	0.72	1.0	54
Hebrew	0.74	1.0	54
Hebrew	0.76	1.0	54
Hebrew	0.78	1.0	54
Hebrew	0.8	1.0	54
Hebrew	0.82	1.0	54
Hebrew	0.84	1.0	54
Hebrew	0.86	1.0	54
Hebrew	0.88	1.0	54
Hebrew	0.9	1.0	54
Hebrew	0.92	1.0	54
Hebrew	0.94	1.0	54
Hebrew	0.96	1.0	54
Hebrew	0.98	1.0	54
Hindi	0.0	0.777777791023	54
Hindi	0.02	0.777777791023	54
Hindi	0.04	0.814814805984	54
Hindi	0.06	0.814814805984	54
Hindi	0.08	0.833333313465	54
Hindi	0.1	0.85185188055	54
Hindi	0.12	0.870370388031	54
Hindi	0.14	0.870370388031	54
Hindi	0.16	0.888888895512	54
Hindi	0.18	0.925925910473	54
Hindi	0.2	0.925925910473	54
Hindi	0.22	0.925925910473	54
Hindi	0.24	0.944444417953	54
Hindi	0.26	0.944444417953	54
Hindi	0.28	0.962962985039	54
Hindi	0.3	0.962962985039	54
Hindi	0.32	0.962962985039	54
Hindi	0.34	0.962962985039	54
Hindi	0.36	0.981481492519	54
Hindi	0.38	0.981481492519	54
Hindi	0.4	0.981481492519	54
Hindi	0.42	0.981481492519	54
Hindi	0.44	0.981481492519	54
Hindi	0.46	0.981481492519	54
Hindi	0.48	0.981481492519	54
Hindi	0.5	0.981481492519	54
Hindi	0.52	0.981481492519	54
Hindi	0.54	0.981481492519	54
Hindi	0.56	1.0	54
Hindi	0.58	1.0	54
Hindi	0.6	1.0	54
Hindi	0.62	1.0	54
Hindi	0.64	1.0	54
Hindi	0.66	1.0	54
Hindi	0.68	1.0	54
Hindi	0.7	1.0	54
Hindi	0.72	1.0	54
Hindi	0.74	1.0	54
Hindi	0.76	1.0	54
Hindi	0.78	1.0	54
Hindi	0.8	1.0	54
Hindi	0.82	1.0	54
Hindi	0.84	1.0	54
Hindi	0.86	1.0	54
Hindi	0.88	1.0	54
Hindi	0.9	1.0	54
Hindi	0.92	1.0	54
Hindi	0.94	1.0	54
Hindi	0.96	1.0	54
Hindi	0.98	1.0	54
Hungarian	0.0	1.0	53
Hungarian	0.02	1.0	53
Hungarian	0.04	1.0	53
Hungarian	0.06	1.0	53
Hungarian	0.08	1.0	53
Hungarian	0.1	1.0	53
Hungarian	0.12	1.0	53
Hungarian	0.14	1.0	53
Hungarian	0.16	1.0	53
Hungarian	0.18	1.0	53
Hungarian	0.2	1.0	53
Hungarian	0.22	1.0	53
Hungarian	0.24	1.0	53
Hungarian	0.26	1.0	53
Hungarian	0.28	1.0	53
Hungarian	0.3	1.0	53
Hungarian	0.32	1.0	53
Hungarian	0.34	1.0	53
Hungarian	0.36	1.0	53
Hungarian	0.38	1.0	53
Hungarian	0.4	1.0	53
Hungarian	0.42	1.0	53
Hungarian	0.44	1.0	53
Hungarian	0.46	1.0	53
Hungarian	0.48	1.0	53
Hungarian	0.5	1.0	53
Hungarian	0.52	1.0	53
Hungarian	0.54	1.0	53
Hungarian	0.56	1.0	53
Hungarian	0.58	1.0	53
Hungarian	0.6	1.0	53
Hungarian	0.62	1.0	53
Hungarian	0.64	1.0	53
Hungarian	0.66	1.0	53
Hungarian	0.68	1.0	53
Hungarian	0.7	1.0	53
Hungarian	0.72	1.0	53
Hungarian	0.74	0.981132090092	53
Hungarian	0.76	0.981132090092	53
Hungarian	0.78	0.981132090092	53
Hungarian	0.8	0.981132090092	53
Hungarian	0.82	0.981132090092	53
Hungarian	0.84	0.981132090092	53
Hungarian	0.86	0.981132090092	53
Hungarian	0.88	0.981132090092	53
Hungarian	0.9	0.981132090092	53
Hungarian	0.92	0.981132090092	53
Hungarian	0.94	0.981132090092	53
Hungarian	0.96	0.981132090092	53
Hungarian	0.98	0.981132090092	53
Indonesian	0.0	1.0	53
Indonesian	0.02	1.0	53
Indonesian	0.04	1.0	53
Indonesian	0.06	1.0	53
Indonesian	0.08	1.0	53
Indonesian	0.1	1.0	53
Indonesian	0.12	1.0	53
Indonesian	0.14	1.0	53
Indonesian	0.16	1.0	53
Indonesian	0.18	1.0	53
Indonesian	0.2	1.0	53
Indonesian	0.22	1.0	53
Indonesian	0.24	1.0	53
Indonesian	0.26	1.0	53
Indonesian	0.28	1.0	53
Indonesian	0.3	1.0	53
Indonesian	0.32	1.0	53
Indonesian	0.34	1.0	53
Indonesian	0.36	1.0	53
Indonesian	0.38	1.0	53
Indonesian	0.4	1.0	53
Indonesian	0.42	1.0	53
Indonesian	0.44	1.0	53
Indonesian	0.46	1.0	53
Indonesian	0.48	1.0	53
Indonesian	0.5	1.0	53
Indonesian	0.52	1.0	53
Indonesian	0.54	1.0	53
Indonesian	0.56	1.0	53
Indonesian	0.58	1.0	53
Indonesian	0.6	1.0	53
Indonesian	0.62	1.0	53
Indonesian	0.64	1.0	53
Indonesian	0.66	1.0	53
Indonesian	0.68	1.0	53
Indonesian	0.7	1.0	53
Indonesian	0.72	1.0	53
Indonesian	0.74	1.0	53
Indonesian	0.76	1.0	53
Indonesian	0.78	1.0	53
Indonesian	0.8	1.0	53
Indonesian	0.82	1.0	53
Indonesian	0.84	1.0	53
Indonesian	0.86	1.0	53
Indonesian	0.88	1.0	53
Indonesian	0.9	1.0	53
Indonesian	0.92	1.0	53
Indonesian	0.94	1.0	53
Indonesian	0.96	1.0	53
Indonesian	0.98	1.0	53
Irish	0.0	1.0	56
Irish	0.02	1.0	56
Irish	0.04	1.0	56
Irish	0.06	1.0	56
Irish	0.08	1.0	56
Irish	0.1	1.0	56
Irish	0.12	1.0	56
Irish	0.14	1.0	56
Irish	0.16	1.0	56
Irish	0.18	1.0	56
Irish	0.2	1.0	56
Irish	0.22	1.0	56
Irish	0.24	1.0	56
Irish	0.26	1.0	56
Irish	0.28	1.0	56
Irish	0.3	1.0	56
Irish	0.32	1.0	56
Irish	0.34	1.0	56
Irish	0.36	1.0	56
Irish	0.38	1.0	56
Irish	0.4	1.0	56
Irish	0.42	1.0	56
Irish	0.44	1.0	56
Irish	0.46	1.0	56
Irish	0.48	1.0	56
Irish	0.5	1.0	56
Irish	0.52	1.0	56
Irish	0.54	1.0	56
Irish	0.56	1.0	56
Irish	0.58	1.0	56
Irish	0.6	1.0	56
Irish	0.62	1.0	56
Irish	0.64	1.0	56
Irish	0.66	1.0	56
Irish	0.68	1.0	56
Irish	0.7	1.0	56
Irish	0.72	1.0	56
Irish	0.74	1.0	56
Irish	0.76	1.0	56
Irish	0.78	1.0	56
Irish	0.8	1.0	56
Irish	0.82	1.0	56
Irish	0.84	1.0	56
Irish	0.86	1.0	56
Irish	0.88	1.0	56
Irish	0.9	1.0	56
Irish	0.92	1.0	56
Irish	0.94	1.0	56
Irish	0.96	1.0	56
Irish	0.98	0.964285731316	56
Italian	0.0	1.0	51
Italian	0.02	1.0	51
Italian	0.04	1.0	51
Italian	0.06	1.0	51
Italian	0.08	1.0	51
Italian	0.1	1.0	51
Italian	0.12	1.0	51
Italian	0.14	1.0	51
Italian	0.16	1.0	51
Italian	0.18	1.0	51
Italian	0.2	1.0	51
Italian	0.22	1.0	51
Italian	0.24	1.0	51
Italian	0.26	1.0	51
Italian	0.28	1.0	51
Italian	0.3	1.0	51
Italian	0.32	1.0	51
Italian	0.34	1.0	51
Italian	0.36	1.0	51
Italian	0.38	1.0	51
Italian	0.4	1.0	51
Italian	0.42	1.0	51
Italian	0.44	1.0	51
Italian	0.46	1.0	51
Italian	0.48	1.0	51
Italian	0.5	1.0	51
Italian	0.52	1.0	51
Italian	0.54	1.0	51
Italian	0.56	1.0	51
Italian	0.58	1.0	51
Italian	0.6	1.0	51
Italian	0.62	1.0	51
Italian	0.64	1.0	51
Italian	0.66	1.0	51
Italian	0.68	1.0	51
Italian	0.7	1.0	51
Italian	0.72	1.0	51
Italian	0.74	1.0	51
Italian	0.76	1.0	51
Italian	0.78	1.0	51
Italian	0.8	1.0	51
Italian	0.82	1.0	51
Italian	0.84	1.0	51
Italian	0.86	1.0	51
Italian	0.88	1.0	51
Italian	0.9	1.0	51
Italian	0.92	1.0	51
Italian	0.94	1.0	51
Italian	0.96	1.0	51
Italian	0.98	1.0	51
Japanese	0.0	1.0	54
Japanese	0.02	1.0	54
Japanese	0.04	1.0	54
Japanese	0.06	1.0	54
Japanese	0.08	1.0	54
Japanese	0.1	1.0	54
Japanese	0.12	1.0	54
Japanese	0.14	1.0	54
Japanese	0.16	1.0	54
Japanese	0.18	1.0	54
Japanese	0.2	1.0	54
Japanese	0.22	1.0	54
Japanese	0.24	1.0	54
Japanese	0.26	1.0	54
Japanese	0.28	1.0	54
Japanese	0.3	1.0	54
Japanese	0.32	1.0	54
Japanese	0.34	1.0	54
Japanese	0.36	1.0	54
Japanese	0.38	1.0	54
Japanese	0.4	1.0	54
Japanese	0.42	1.0	54
Japanese	0.44	1.0	54
Japanese	0.46	1.0	54
Japanese	0.48	1.0	54
Japanese	0.5	1.0	54
Japanese	0.52	1.0	54
Japanese	0.54	1.0	54
Japanese	0.56	1.0	54
Japanese	0.58	1.0	54
Japanese	0.6	1.0	54
Japanese	0.62	1.0	54
Japanese	0.64	1.0	54
Japanese	0.66	1.0	54
Japanese	0.68	1.0	54
Japanese	0.7	1.0	54
Japanese	0.72	1.0	54
Japanese	0.74	1.0	54
Japanese	0.76	1.0	54
Japanese	0.78	1.0	54
Japanese	0.8	1.0	54
Japanese	0.82	1.0	54
Japanese	0.84	1.0	54
Japanese	0.86	1.0	54
Japanese	0.88	1.0	54
Japanese	0.9	1.0	54
Japanese	0.92	1.0	54
Japanese	0.94	1.0	54
Japanese	0.96	1.0	54
Japanese	0.98	1.0	54
Korean	0.0	0.981132090092	53
Korean	0.02	1.0	53
Korean	0.04	1.0	53
Korean	0.06	1.0	53
Korean	0.08	1.0	53
Korean	0.1	1.0	53
Korean	0.12	1.0	53
Korean	0.14	1.0	53
Korean	0.16	1.0	53
Korean	0.18	1.0	53
Korean	0.2	1.0	53
Korean	0.22	1.0	53
Korean	0.24	1.0	53
Korean	0.26	1.0	53
Korean	0.28	1.0	53
Korean	0.3	1.0	53
Korean	0.32	1.0	53
Korean	0.34	1.0	53
Korean	0.36	1.0	53
Korean	0.38	1.0	53
Korean	0.4	1.0	53
Korean	0.42	1.0	53
Korean	0.44	1.0	53
Korean	0.46	1.0	53
Korean	0.48	1.0	53
Korean	0.5	1.0	53
Korean	0.52	1.0	53
Korean	0.54	1.0	53
Korean	0.56	1.0	53
Korean	0.58	1.0	53
Korean	0.6	1.0	53
Korean	0.62	1.0	53
Korean	0.64	1.0	53
Korean	0.66	1.0	53
Korean	0.68	1.0	53
Korean	0.7	1.0	53
Korean	0.72	1.0	53
Korean	0.74	1.0	53
Korean	0.76	1.0	53
Korean	0.78	1.0	53
Korean	0.8	1.0	53
Korean	0.82	1.0	53
Korean	0.84	1.0	53
Korean	0.86	1.0	53
Korean	0.88	1.0	53
Korean	0.9	1.0	53
Korean	0.92	1.0	53
Korean	0.94	1.0	53
Korean	0.96	1.0	53
Korean	0.98	1.0	53
Latin	0.0	0.865384638309	52
Latin	0.02	0.865384638309	52
Latin	0.04	0.865384638309	52
Latin	0.06	0.865384638309	52
Latin	0.08	0.865384638309	52
Latin	0.1	0.865384638309	52
Latin	0.12	0.865384638309	52
Latin	0.14	0.865384638309	52
Latin	0.16	0.865384638309	52
Latin	0.18	0.865384638309	52
Latin	0.2	0.865384638309	52
Latin	0.22	0.865384638309	52
Latin	0.24	0.865384638309	52
Latin	0.26	0.865384638309	52
Latin	0.28	0.865384638309	52
Latin	0.3	0.865384638309	52
Latin	0.32	0.865384638309	52
Latin	0.34	0.884615361691	52
Latin	0.36	0.884615361691	52
Latin	0.38	0.884615361691	52
Latin	0.4	0.884615361691	52
Latin	0.42	0.884615361691	52
Latin	0.44	0.884615361691	52
Latin	0.46	0.884615361691	52
Latin	0.48	0.903846144676	52
Latin	0.5	0.903846144676	52
Latin	0.52	0.903846144676	52
Latin	0.54	0.903846144676	52
Latin	0.56	0.903846144676	52
Latin	0.58	0.903846144676	52
Latin	0.6	0.903846144676	52
Latin	0.62	0.903846144676	52
Latin	0.64	0.903846144676	52
Latin	0.66	0.903846144676	52
Latin	0.68	0.903846144676	52
Latin	0.7	0.903846144676	52
Latin	0.72	0.903846144676	52
Latin	0.74	0.884615361691	52
Latin	0.76	0.884615361691	52
Latin	0.78	0.884615361691	52
Latin	0.8	0.865384638309	52
Latin	0.82	0.865384638309	52
Latin	0.84	0.865384638309	52
Latin	0.86	0.865384638309	52
Latin	0.88	0.865384638309	52
Latin	0.9	0.865384638309	52
Latin	0.92	0.865384638309	52
Latin	0.94	0.865384638309	52
Latin	0.96	0.865384638309	52
Latin	0.98	0.865384638309	52
Latvian	0.0	1.0	55
Latvian	0.02	1.0	55
Latvian	0.04	1.0	55
Latvian	0.06	1.0	55
Latvian	0.08	1.0	55
Latvian	0.1	1.0	55
Latvian	0.12	1.0	55
Latvian	0.14	1.0	55
Latvian	0.16	1.0	55
Latvian	0.18	1.0	55
Latvian	0.2	1.0	55
Latvian	0.22	1.0	55
Latvian	0.24	1.0	55
Latvian	0.26	1.0	55
Latvian	0.28	1.0	55
Latvian	0.3	1.0	55
Latvian	0.32	1.0	55
Latvian	0.34	1.0	55
Latvian	0.36	1.0	55
Latvian	0.38	1.0	55
Latvian	0.4	1.0	55
Latvian	0.42	1.0	55
Latvian	0.44	1.0	55
Latvian	0.46	1.0	55
Latvian	0.48	1.0	55
Latvian	0.5	1.0	55
Latvian	0.52	1.0	55
Latvian	0.54	1.0	55
Latvian	0.56	1.0	55
Latvian	0.58	1.0	55
Latvian	0.6	1.0	55
Latvian	0.62	1.0	55
Latvian	0.64	1.0	55
Latvian	0.66	1.0	55
Latvian	0.68	1.0	55
Latvian	0.7	1.0	55
Latvian	0.72	1.0	55
Latvian	0.74	1.0	55
Latvian	0.76	1.0	55
Latvian	0.78	1.0	55
Latvian	0.8	1.0	55
Latvian	0.82	1.0	55
Latvian	0.84	0.981818199158	55
Latvian	0.86	0.981818199158	55
Latvian	0.88	0.981818199158	55
Latvian	0.9	0.981818199158	55
Latvian	0.92	0.981818199158	55
Latvian	0.94	0.981818199158	55
Latvian	0.96	0.981818199158	55
Latvian	0.98	0.981818199158	55
Lithuanian	0.0	0.981132090092	53
Lithuanian	0.02	0.981132090092	53
Lithuanian	0.04	0.981132090092	53
Lithuanian	0.06	0.981132090092	53
Lithuanian	0.08	0.981132090092	53
Lithuanian	0.1	0.981132090092	53
Lithuanian	0.12	0.981132090092	53
Lithuanian	0.14	0.981132090092	53
Lithuanian	0.16	0.981132090092	53
Lithuanian	0.18	0.981132090092	53
Lithuanian	0.2	0.981132090092	53
Lithuanian	0.22	0.981132090092	53
Lithuanian	0.24	0.981132090092	53
Lithuanian	0.26	0.981132090092	53
Lithuanian	0.28	0.981132090092	53
Lithuanian	0.3	0.981132090092	53
Lithuanian	0.32	0.981132090092	53
Lithuanian	0.34	0.981132090092	53
Lithuanian	0.36	0.981132090092	53
Lithuanian	0.38	0.981132090092	53
Lithuanian	0.4	0.981132090092	53
Lithuanian	0.42	0.981132090092	53
Lithuanian	0.44	0.981132090092	53
Lithuanian	0.46	0.981132090092	53
Lithuanian	0.48	0.981132090092	53
Lithuanian	0.5	0.981132090092	53
Lithuanian	0.52	0.981132090092	53
Lithuanian	0.54	0.981132090092	53
Lithuanian	0.56	0.981132090092	53
Lithuanian	0.58	0.981132090092	53
Lithuanian	0.6	0.981132090092	53
Lithuanian	0.62	0.981132090092	53
Lithuanian	0.64	0.981132090092	53
Lithuanian	0.66	0.981132090092	53
Lithuanian	0.68	0.981132090092	53
Lithuanian	0.7	0.981132090092	53
Lithuanian	0.72	0.981132090092	53
Lithuanian	0.74	0.981132090092	53
Lithuanian	0.76	1.0	53
Lithuanian	0.78	1.0	53
Lithuanian	0.8	1.0	53
Lithuanian	0.82	1.0	53
Lithuanian	0.84	1.0	53
Lithuanian	0.86	1.0	53
Lithuanian	0.88	1.0	53
Lithuanian	0.9	1.0	53
Lithuanian	0.92	1.0	53
Lithuanian	0.94	1.0	53
Lithuanian	0.96	1.0	53
Lithuanian	0.98	1.0	53
Marathi	0.0	0.91836732626	49
Marathi	0.02	0.91836732626	49
Marathi	0.04	0.91836732626	49
Marathi	0.06	0.91836732626	49
Marathi	0.08	0.897959172726	49
Marathi	0.1	0.857142865658	49
Marathi	0.12	0.836734712124	49
Marathi	0.14	0.836734712124	49
Marathi	0.16	0.795918345451	49
Marathi	0.18	0.795918345451	49
Marathi	0.2	0.795918345451	49
Marathi	0.22	0.795918345451	49
Marathi	0.24	0.795918345451	49
Marathi	0.26	0.775510191917	49
Marathi	0.28	0.775510191917	49
Marathi	0.3	0.775510191917	49
Marathi	0.32	0.775510191917	49
Marathi	0.34	0.755102038383	49
Marathi	0.36	0.755102038383	49
Marathi	0.38	0.714285731316	49
Marathi	0.4	0.693877577782	49
Marathi	0.42	0.673469364643	49
Marathi	0.44	0.673469364643	49
Marathi	0.46	0.653061211109	49
Marathi	0.48	0.612244904041	49
Marathi	0.5	0.612244904041	49
Marathi	0.52	0.632653057575	49
Marathi	0.54	0.632653057575	49
Marathi	0.56	0.632653057575	49
Marathi	0.58	0.612244904041	49
Marathi	0.6	0.571428596973	49
Marathi	0.62	0.530612230301	49
Marathi	0.64	0.530612230301	49
Marathi	0.66	0.510204076767	49
Marathi	0.68	0.489795923233	49
Marathi	0.7	0.489795923233	49
Marathi	0.72	0.448979586363	49
Marathi	0.74	0.408163279295	49
Marathi	0.76	0.408163279295	49
Marathi	0.78	0.408163279295	49
Marathi	0.8	0.387755095959	49
Marathi	0.82	0.387755095959	49
Marathi	0.84	0.387755095959	49
Marathi	0.86	0.367346942425	49
Marathi	0.88	0.346938788891	49
Marathi	0.9	0.346938788891	49
Marathi	0.92	0.346938788891	49
Marathi	0.94	0.346938788891	49
Marathi	0.96	0.346938788891	49
Marathi	0.98	0.346938788891	49
Norwegian	0.0	1.0	46
Norwegian	0.02	1.0	46
Norwegian	0.04	1.0	46
Norwegian	0.06	1.0	46
Norwegian	0.08	1.0	46
Norwegian	0.1	1.0	46
Norwegian	0.12	1.0	46
Norwegian	0.14	1.0	46
Norwegian	0.16	1.0	46
Norwegian	0.18	1.0	46
Norwegian	0.2	1.0	46
Norwegian	0.22	1.0	46
Norwegian	0.24	1.0	46
Norwegian	0.26	1.0	46
Norwegian	0.28	1.0	46
Norwegian	0.3	1.0	46
Norwegian	0.32	1.0	46
Norwegian	0.34	1.0	46
Norwegian	0.36	1.0	46
Norwegian	0.38	1.0	46
Norwegian	0.4	1.0	46
Norwegian	0.42	1.0	46
Norwegian	0.44	1.0	46
Norwegian	0.46	1.0	46
Norwegian	0.48	1.0	46
Norwegian	0.5	1.0	46
Norwegian	0.52	1.0	46
Norwegian	0.54	1.0	46
Norwegian	0.56	1.0	46
Norwegian	0.58	1.0	46
Norwegian	0.6	1.0	46
Norwegian	0.62	1.0	46
Norwegian	0.64	1.0	46
Norwegian	0.66	1.0	46
Norwegian	0.68	1.0	46
Norwegian	0.7	1.0	46
Norwegian	0.72	1.0	46
Norwegian	0.74	1.0	46
Norwegian	0.76	1.0	46
Norwegian	0.78	1.0	46
Norwegian	0.8	1.0	46
Norwegian	0.82	1.0	46
Norwegian	0.84	1.0	46
Norwegian	0.86	1.0	46
Norwegian	0.88	1.0	46
Norwegian	0.9	1.0	46
Norwegian	0.92	1.0	46
Norwegian	0.94	1.0	46
Norwegian	0.96	1.0	46
Norwegian	0.98	1.0	46
Old_Church_Slavonic	0.0	0.722222208977	54
Old_Church_Slavonic	0.02	0.722222208977	54
Old_Church_Slavonic	0.04	0.722222208977	54
Old_Church_Slavonic	0.06	0.703703701496	54
Old_Church_Slavonic	0.08	0.703703701496	54
Old_Church_Slavonic	0.1	0.703703701496	54
Old_Church_Slavonic	0.12	0.666666686535	54
Old_Church_Slavonic	0.14	0.64814811945	54
Old_Church_Slavonic	0.16	0.64814811945	54
Old_Church_Slavonic	0.18	0.629629611969	54
Old_Church_Slavonic	0.2	0.611111104488	54
Old_Church_Slavonic	0.22	0.611111104488	54
Old_Church_Slavonic	0.24	0.592592597008	54
Old_Church_Slavonic	0.26	0.592592597008	54
Old_Church_Slavonic	0.28	0.611111104488	54
Old_Church_Slavonic	0.3	0.574074089527	54
Old_Church_Slavonic	0.32	0.574074089527	54
Old_Church_Slavonic	0.34	0.555555582047	54
Old_Church_Slavonic	0.36	0.555555582047	54
Old_Church_Slavonic	0.38	0.555555582047	54
Old_Church_Slavonic	0.4	0.555555582047	54
Old_Church_Slavonic	0.42	0.537037014961	54
Old_Church_Slavonic	0.44	0.518518507481	54
Old_Church_Slavonic	0.46	0.518518507481	54
Old_Church_Slavonic	0.48	0.518518507481	54
Old_Church_Slavonic	0.5	0.518518507481	54
Old_Church_Slavonic	0.52	0.518518507481	54
Old_Church_Slavonic	0.54	0.518518507481	54
Old_Church_Slavonic	0.56	0.5	54
Old_Church_Slavonic	0.58	0.481481492519	54
Old_Church_Slavonic	0.6	0.481481492519	54
Old_Church_Slavonic	0.62	0.481481492519	54
Old_Church_Slavonic	0.64	0.481481492519	54
Old_Church_Slavonic	0.66	0.481481492519	54
Old_Church_Slavonic	0.68	0.481481492519	54
Old_Church_Slavonic	0.7	0.462962955236	54
Old_Church_Slavonic	0.72	0.462962955236	54
Old_Church_Slavonic	0.74	0.444444447756	54
Old_Church_Slavonic	0.76	0.462962955236	54
Old_Church_Slavonic	0.78	0.444444447756	54
Old_Church_Slavonic	0.8	0.407407402992	54
Old_Church_Slavonic	0.82	0.407407402992	54
Old_Church_Slavonic	0.84	0.407407402992	54
Old_Church_Slavonic	0.86	0.407407402992	54
Old_Church_Slavonic	0.88	0.407407402992	54
Old_Church_Slavonic	0.9	0.388888895512	54
Old_Church_Slavonic	0.92	0.388888895512	54
Old_Church_Slavonic	0.94	0.370370358229	54
Old_Church_Slavonic	0.96	0.370370358229	54
Old_Church_Slavonic	0.98	0.370370358229	54
Persian	0.0	1.0	52
Persian	0.02	1.0	52
Persian	0.04	1.0	52
Persian	0.06	1.0	52
Persian	0.08	1.0	52
Persian	0.1	1.0	52
Persian	0.12	1.0	52
Persian	0.14	1.0	52
Persian	0.16	1.0	52
Persian	0.18	1.0	52
Persian	0.2	1.0	52
Persian	0.22	1.0	52
Persian	0.24	1.0	52
Persian	0.26	1.0	52
Persian	0.28	1.0	52
Persian	0.3	1.0	52
Persian	0.32	1.0	52
Persian	0.34	1.0	52
Persian	0.36	1.0	52
Persian	0.38	1.0	52
Persian	0.4	1.0	52
Persian	0.42	1.0	52
Persian	0.44	1.0	52
Persian	0.46	1.0	52
Persian	0.48	1.0	52
Persian	0.5	1.0	52
Persian	0.52	1.0	52
Persian	0.54	1.0	52
Persian	0.56	1.0	52
Persian	0.58	1.0	52
Persian	0.6	1.0	52
Persian	0.62	1.0	52
Persian	0.64	1.0	52
Persian	0.66	1.0	52
Persian	0.68	1.0	52
Persian	0.7	1.0	52
Persian	0.72	1.0	52
Persian	0.74	1.0	52
Persian	0.76	1.0	52
Persian	0.78	1.0	52
Persian	0.8	1.0	52
Persian	0.82	1.0	52
Persian	0.84	1.0	52
Persian	0.86	1.0	52
Persian	0.88	1.0	52
Persian	0.9	1.0	52
Persian	0.92	1.0	52
Persian	0.94	1.0	52
Persian	0.96	1.0	52
Persian	0.98	1.0	52
Polish	0.0	1.0	55
Polish	0.02	1.0	55
Polish	0.04	1.0	55
Polish	0.06	1.0	55
Polish	0.08	1.0	55
Polish	0.1	1.0	55
Polish	0.12	1.0	55
Polish	0.14	1.0	55
Polish	0.16	1.0	55
Polish	0.18	1.0	55
Polish	0.2	1.0	55
Polish	0.22	1.0	55
Polish	0.24	1.0	55
Polish	0.26	1.0	55
Polish	0.28	1.0	55
Polish	0.3	1.0	55
Polish	0.32	1.0	55
Polish	0.34	1.0	55
Polish	0.36	1.0	55
Polish	0.38	1.0	55
Polish	0.4	1.0	55
Polish	0.42	1.0	55
Polish	0.44	1.0	55
Polish	0.46	1.0	55
Polish	0.48	1.0	55
Polish	0.5	1.0	55
Polish	0.52	1.0	55
Polish	0.54	1.0	55
Polish	0.56	1.0	55
Polish	0.58	1.0	55
Polish	0.6	1.0	55
Polish	0.62	1.0	55
Polish	0.64	1.0	55
Polish	0.66	1.0	55
Polish	0.68	1.0	55
Polish	0.7	1.0	55
Polish	0.72	1.0	55
Polish	0.74	1.0	55
Polish	0.76	1.0	55
Polish	0.78	1.0	55
Polish	0.8	1.0	55
Polish	0.82	1.0	55
Polish	0.84	1.0	55
Polish	0.86	1.0	55
Polish	0.88	1.0	55
Polish	0.9	1.0	55
Polish	0.92	1.0	55
Polish	0.94	1.0	55
Polish	0.96	1.0	55
Polish	0.98	1.0	55
Portuguese	0.0	1.0	54
Portuguese	0.02	1.0	54
Portuguese	0.04	1.0	54
Portuguese	0.06	1.0	54
Portuguese	0.08	1.0	54
Portuguese	0.1	1.0	54
Portuguese	0.12	1.0	54
Portuguese	0.14	1.0	54
Portuguese	0.16	1.0	54
Portuguese	0.18	1.0	54
Portuguese	0.2	1.0	54
Portuguese	0.22	1.0	54
Portuguese	0.24	1.0	54
Portuguese	0.26	1.0	54
Portuguese	0.28	1.0	54
Portuguese	0.3	1.0	54
Portuguese	0.32	1.0	54
Portuguese	0.34	1.0	54
Portuguese	0.36	1.0	54
Portuguese	0.38	1.0	54
Portuguese	0.4	1.0	54
Portuguese	0.42	1.0	54
Portuguese	0.44	1.0	54
Portuguese	0.46	1.0	54
Portuguese	0.48	1.0	54
Portuguese	0.5	1.0	54
Portuguese	0.52	1.0	54
Portuguese	0.54	1.0	54
Portuguese	0.56	1.0	54
Portuguese	0.58	1.0	54
Portuguese	0.6	1.0	54
Portuguese	0.62	1.0	54
Portuguese	0.64	1.0	54
Portuguese	0.66	1.0	54
Portuguese	0.68	1.0	54
Portuguese	0.7	1.0	54
Portuguese	0.72	1.0	54
Portuguese	0.74	1.0	54
Portuguese	0.76	1.0	54
Portuguese	0.78	1.0	54
Portuguese	0.8	1.0	54
Portuguese	0.82	1.0	54
Portuguese	0.84	1.0	54
Portuguese	0.86	1.0	54
Portuguese	0.88	1.0	54
Portuguese	0.9	1.0	54
Portuguese	0.92	1.0	54
Portuguese	0.94	1.0	54
Portuguese	0.96	1.0	54
Portuguese	0.98	1.0	54
Romanian	0.0	1.0	53
Romanian	0.02	1.0	53
Romanian	0.04	1.0	53
Romanian	0.06	1.0	53
Romanian	0.08	1.0	53
Romanian	0.1	1.0	53
Romanian	0.12	1.0	53
Romanian	0.14	1.0	53
Romanian	0.16	1.0	53
Romanian	0.18	1.0	53
Romanian	0.2	1.0	53
Romanian	0.22	1.0	53
Romanian	0.24	1.0	53
Romanian	0.26	1.0	53
Romanian	0.28	1.0	53
Romanian	0.3	1.0	53
Romanian	0.32	1.0	53
Romanian	0.34	1.0	53
Romanian	0.36	1.0	53
Romanian	0.38	1.0	53
Romanian	0.4	1.0	53
Romanian	0.42	1.0	53
Romanian	0.44	1.0	53
Romanian	0.46	1.0	53
Romanian	0.48	1.0	53
Romanian	0.5	1.0	53
Romanian	0.52	1.0	53
Romanian	0.54	1.0	53
Romanian	0.56	1.0	53
Romanian	0.58	1.0	53
Romanian	0.6	1.0	53
Romanian	0.62	1.0	53
Romanian	0.64	1.0	53
Romanian	0.66	1.0	53
Romanian	0.68	1.0	53
Romanian	0.7	1.0	53
Romanian	0.72	1.0	53
Romanian	0.74	1.0	53
Romanian	0.76	1.0	53
Romanian	0.78	1.0	53
Romanian	0.8	1.0	53
Romanian	0.82	1.0	53
Romanian	0.84	1.0	53
Romanian	0.86	1.0	53
Romanian	0.88	1.0	53
Romanian	0.9	1.0	53
Romanian	0.92	1.0	53
Romanian	0.94	1.0	53
Romanian	0.96	1.0	53
Romanian	0.98	1.0	53
Russian	0.0	1.0	48
Russian	0.02	1.0	48
Russian	0.04	1.0	48
Russian	0.06	1.0	48
Russian	0.08	1.0	48
Russian	0.1	1.0	48
Russian	0.12	1.0	48
Russian	0.14	1.0	48
Russian	0.16	1.0	48
Russian	0.18	1.0	48
Russian	0.2	1.0	48
Russian	0.22	1.0	48
Russian	0.24	1.0	48
Russian	0.26	1.0	48
Russian	0.28	1.0	48
Russian	0.3	1.0	48
Russian	0.32	1.0	48
Russian	0.34	1.0	48
Russian	0.36	1.0	48
Russian	0.38	1.0	48
Russian	0.4	1.0	48
Russian	0.42	1.0	48
Russian	0.44	1.0	48
Russian	0.46	1.0	48
Russian	0.48	1.0	48
Russian	0.5	1.0	48
Russian	0.52	1.0	48
Russian	0.54	1.0	48
Russian	0.56	1.0	48
Russian	0.58	1.0	48
Russian	0.6	1.0	48
Russian	0.62	1.0	48
Russian	0.64	1.0	48
Russian	0.66	1.0	48
Russian	0.68	1.0	48
Russian	0.7	1.0	48
Russian	0.72	1.0	48
Russian	0.74	1.0	48
Russian	0.76	1.0	48
Russian	0.78	1.0	48
Russian	0.8	1.0	48
Russian	0.82	1.0	48
Russian	0.84	1.0	48
Russian	0.86	1.0	48
Russian	0.88	1.0	48
Russian	0.9	1.0	48
Russian	0.92	1.0	48
Russian	0.94	1.0	48
Russian	0.96	1.0	48
Russian	0.98	1.0	48
Serbian	0.0	1.0	52
Serbian	0.02	1.0	52
Serbian	0.04	1.0	52
Serbian	0.06	1.0	52
Serbian	0.08	1.0	52
Serbian	0.1	1.0	52
Serbian	0.12	1.0	52
Serbian	0.14	1.0	52
Serbian	0.16	1.0	52
Serbian	0.18	1.0	52
Serbian	0.2	1.0	52
Serbian	0.22	1.0	52
Serbian	0.24	1.0	52
Serbian	0.26	1.0	52
Serbian	0.28	1.0	52
Serbian	0.3	1.0	52
Serbian	0.32	1.0	52
Serbian	0.34	1.0	52
Serbian	0.36	1.0	52
Serbian	0.38	1.0	52
Serbian	0.4	1.0	52
Serbian	0.42	1.0	52
Serbian	0.44	1.0	52
Serbian	0.46	1.0	52
Serbian	0.48	1.0	52
Serbian	0.5	1.0	52
Serbian	0.52	1.0	52
Serbian	0.54	1.0	52
Serbian	0.56	1.0	52
Serbian	0.58	1.0	52
Serbian	0.6	1.0	52
Serbian	0.62	1.0	52
Serbian	0.64	1.0	52
Serbian	0.66	1.0	52
Serbian	0.68	1.0	52
Serbian	0.7	1.0	52
Serbian	0.72	1.0	52
Serbian	0.74	1.0	52
Serbian	0.76	1.0	52
Serbian	0.78	1.0	52
Serbian	0.8	1.0	52
Serbian	0.82	1.0	52
Serbian	0.84	1.0	52
Serbian	0.86	1.0	52
Serbian	0.88	1.0	52
Serbian	0.9	1.0	52
Serbian	0.92	1.0	52
Serbian	0.94	1.0	52
Serbian	0.96	1.0	52
Serbian	0.98	1.0	52
Slovak	0.0	1.0	46
Slovak	0.02	1.0	46
Slovak	0.04	1.0	46
Slovak	0.06	1.0	46
Slovak	0.08	1.0	46
Slovak	0.1	1.0	46
Slovak	0.12	1.0	46
Slovak	0.14	1.0	46
Slovak	0.16	1.0	46
Slovak	0.18	1.0	46
Slovak	0.2	1.0	46
Slovak	0.22	1.0	46
Slovak	0.24	1.0	46
Slovak	0.26	1.0	46
Slovak	0.28	1.0	46
Slovak	0.3	1.0	46
Slovak	0.32	1.0	46
Slovak	0.34	1.0	46
Slovak	0.36	1.0	46
Slovak	0.38	1.0	46
Slovak	0.4	1.0	46
Slovak	0.42	1.0	46
Slovak	0.44	1.0	46
Slovak	0.46	1.0	46
Slovak	0.48	1.0	46
Slovak	0.5	1.0	46
Slovak	0.52	1.0	46
Slovak	0.54	1.0	46
Slovak	0.56	1.0	46
Slovak	0.58	1.0	46
Slovak	0.6	1.0	46
Slovak	0.62	1.0	46
Slovak	0.64	1.0	46
Slovak	0.66	1.0	46
Slovak	0.68	1.0	46
Slovak	0.7	1.0	46
Slovak	0.72	1.0	46
Slovak	0.74	1.0	46
Slovak	0.76	1.0	46
Slovak	0.78	1.0	46
Slovak	0.8	1.0	46
Slovak	0.82	1.0	46
Slovak	0.84	1.0	46
Slovak	0.86	1.0	46
Slovak	0.88	1.0	46
Slovak	0.9	1.0	46
Slovak	0.92	1.0	46
Slovak	0.94	1.0	46
Slovak	0.96	1.0	46
Slovak	0.98	1.0	46
Slovenian	0.0	1.0	54
Slovenian	0.02	1.0	54
Slovenian	0.04	1.0	54
Slovenian	0.06	1.0	54
Slovenian	0.08	1.0	54
Slovenian	0.1	1.0	54
Slovenian	0.12	1.0	54
Slovenian	0.14	1.0	54
Slovenian	0.16	1.0	54
Slovenian	0.18	1.0	54
Slovenian	0.2	1.0	54
Slovenian	0.22	1.0	54
Slovenian	0.24	1.0	54
Slovenian	0.26	1.0	54
Slovenian	0.28	1.0	54
Slovenian	0.3	1.0	54
Slovenian	0.32	1.0	54
Slovenian	0.34	1.0	54
Slovenian	0.36	1.0	54
Slovenian	0.38	1.0	54
Slovenian	0.4	1.0	54
Slovenian	0.42	1.0	54
Slovenian	0.44	1.0	54
Slovenian	0.46	1.0	54
Slovenian	0.48	1.0	54
Slovenian	0.5	1.0	54
Slovenian	0.52	1.0	54
Slovenian	0.54	1.0	54
Slovenian	0.56	1.0	54
Slovenian	0.58	1.0	54
Slovenian	0.6	1.0	54
Slovenian	0.62	1.0	54
Slovenian	0.64	1.0	54
Slovenian	0.66	1.0	54
Slovenian	0.68	1.0	54
Slovenian	0.7	1.0	54
Slovenian	0.72	1.0	54
Slovenian	0.74	1.0	54
Slovenian	0.76	1.0	54
Slovenian	0.78	1.0	54
Slovenian	0.8	1.0	54
Slovenian	0.82	1.0	54
Slovenian	0.84	1.0	54
Slovenian	0.86	1.0	54
Slovenian	0.88	1.0	54
Slovenian	0.9	1.0	54
Slovenian	0.92	1.0	54
Slovenian	0.94	1.0	54
Slovenian	0.96	1.0	54
Slovenian	0.98	1.0	54
Spanish	0.0	1.0	50
Spanish	0.02	1.0	50
Spanish	0.04	1.0	50
Spanish	0.06	1.0	50
Spanish	0.08	1.0	50
Spanish	0.1	1.0	50
Spanish	0.12	1.0	50
Spanish	0.14	1.0	50
Spanish	0.16	1.0	50
Spanish	0.18	1.0	50
Spanish	0.2	1.0	50
Spanish	0.22	1.0	50
Spanish	0.24	1.0	50
Spanish	0.26	1.0	50
Spanish	0.28	1.0	50
Spanish	0.3	1.0	50
Spanish	0.32	1.0	50
Spanish	0.34	1.0	50
Spanish	0.36	1.0	50
Spanish	0.38	1.0	50
Spanish	0.4	1.0	50
Spanish	0.42	1.0	50
Spanish	0.44	1.0	50
Spanish	0.46	1.0	50
Spanish	0.48	1.0	50
Spanish	0.5	1.0	50
Spanish	0.52	1.0	50
Spanish	0.54	1.0	50
Spanish	0.56	1.0	50
Spanish	0.58	1.0	50
Spanish	0.6	1.0	50
Spanish	0.62	1.0	50
Spanish	0.64	1.0	50
Spanish	0.66	1.0	50
Spanish	0.68	1.0	50
Spanish	0.7	1.0	50
Spanish	0.72	1.0	50
Spanish	0.74	1.0	50
Spanish	0.76	1.0	50
Spanish	0.78	1.0	50
Spanish	0.8	1.0	50
Spanish	0.82	1.0	50
Spanish	0.84	1.0	50
Spanish	0.86	1.0	50
Spanish	0.88	1.0	50
Spanish	0.9	1.0	50
Spanish	0.92	1.0	50
Spanish	0.94	1.0	50
Spanish	0.96	1.0	50
Spanish	0.98	1.0	50
Swedish	0.0	1.0	52
Swedish	0.02	1.0	52
Swedish	0.04	1.0	52
Swedish	0.06	1.0	52
Swedish	0.08	1.0	52
Swedish	0.1	1.0	52
Swedish	0.12	1.0	52
Swedish	0.14	1.0	52
Swedish	0.16	1.0	52
Swedish	0.18	1.0	52
Swedish	0.2	1.0	52
Swedish	0.22	1.0	52
Swedish	0.24	1.0	52
Swedish	0.26	1.0	52
Swedish	0.28	1.0	52
Swedish	0.3	1.0	52
Swedish	0.32	1.0	52
Swedish	0.34	1.0	52
Swedish	0.36	1.0	52
Swedish	0.38	1.0	52
Swedish	0.4	1.0	52
Swedish	0.42	1.0	52
Swedish	0.44	1.0	52
Swedish	0.46	1.0	52
Swedish	0.48	1.0	52
Swedish	0.5	1.0	52
Swedish	0.52	1.0	52
Swedish	0.54	1.0	52
Swedish	0.56	1.0	52
Swedish	0.58	1.0	52
Swedish	0.6	1.0	52
Swedish	0.62	1.0	52
Swedish	0.64	1.0	52
Swedish	0.66	1.0	52
Swedish	0.68	1.0	52
Swedish	0.7	1.0	52
Swedish	0.72	1.0	52
Swedish	0.74	1.0	52
Swedish	0.76	1.0	52
Swedish	0.78	1.0	52
Swedish	0.8	1.0	52
Swedish	0.82	1.0	52
Swedish	0.84	1.0	52
Swedish	0.86	1.0	52
Swedish	0.88	1.0	52
Swedish	0.9	1.0	52
Swedish	0.92	1.0	52
Swedish	0.94	1.0	52
Swedish	0.96	1.0	52
Swedish	0.98	1.0	52
Tamil	0.0	0.26530611515	49
Tamil	0.02	0.285714298487	49
Tamil	0.04	0.326530605555	49
Tamil	0.06	0.346938788891	49
Tamil	0.08	0.346938788891	49
Tamil	0.1	0.346938788891	49
Tamil	0.12	0.367346942425	49
Tamil	0.14	0.367346942425	49
Tamil	0.16	0.408163279295	49
Tamil	0.18	0.408163279295	49
Tamil	0.2	0.428571432829	49
Tamil	0.22	0.428571432829	49
Tamil	0.24	0.428571432829	49
Tamil	0.26	0.469387769699	49
Tamil	0.28	0.489795923233	49
Tamil	0.3	0.510204076767	49
Tamil	0.32	0.510204076767	49
Tamil	0.34	0.510204076767	49
Tamil	0.36	0.510204076767	49
Tamil	0.38	0.530612230301	49
Tamil	0.4	0.530612230301	49
Tamil	0.42	0.530612230301	49
Tamil	0.44	0.551020383835	49
Tamil	0.46	0.551020383835	49
Tamil	0.48	0.551020383835	49
Tamil	0.5	0.571428596973	49
Tamil	0.52	0.612244904041	49
Tamil	0.54	0.612244904041	49
Tamil	0.56	0.612244904041	49
Tamil	0.58	0.612244904041	49
Tamil	0.6	0.612244904041	49
Tamil	0.62	0.632653057575	49
Tamil	0.64	0.653061211109	49
Tamil	0.66	0.673469364643	49
Tamil	0.68	0.673469364643	49
Tamil	0.7	0.673469364643	49
Tamil	0.72	0.673469364643	49
Tamil	0.74	0.673469364643	49
Tamil	0.76	0.673469364643	49
Tamil	0.78	0.673469364643	49
Tamil	0.8	0.673469364643	49
Tamil	0.82	0.673469364643	49
Tamil	0.84	0.673469364643	49
Tamil	0.86	0.673469364643	49
Tamil	0.88	0.714285731316	49
Tamil	0.9	0.714285731316	49
Tamil	0.92	0.714285731316	49
Tamil	0.94	0.73469388485	49
Tamil	0.96	0.73469388485	49
Tamil	0.98	0.73469388485	49
Telugu	0.0	0.222222223878	54
Telugu	0.02	0.222222223878	54
Telugu	0.04	0.222222223878	54
Telugu	0.06	0.24074074626	54
Telugu	0.08	0.25925925374	54
Telugu	0.1	0.277777791023	54
Telugu	0.12	0.314814805984	54
Telugu	0.14	0.314814805984	54
Telugu	0.16	0.314814805984	54
Telugu	0.18	0.333333343267	54
Telugu	0.2	0.333333343267	54
Telugu	0.22	0.333333343267	54
Telugu	0.24	0.351851850748	54
Telugu	0.26	0.370370358229	54
Telugu	0.28	0.388888895512	54
Telugu	0.3	0.407407402992	54
Telugu	0.32	0.407407402992	54
Telugu	0.34	0.407407402992	54
Telugu	0.36	0.407407402992	54
Telugu	0.38	0.407407402992	54
Telugu	0.4	0.444444447756	54
Telugu	0.42	0.462962955236	54
Telugu	0.44	0.481481492519	54
Telugu	0.46	0.5	54
Telugu	0.48	0.518518507481	54
Telugu	0.5	0.537037014961	54
Telugu	0.52	0.537037014961	54
Telugu	0.54	0.537037014961	54
Telugu	0.56	0.537037014961	54
Telugu	0.58	0.555555582047	54
Telugu	0.6	0.555555582047	54
Telugu	0.62	0.555555582047	54
Telugu	0.64	0.555555582047	54
Telugu	0.66	0.555555582047	54
Telugu	0.68	0.574074089527	54
Telugu	0.7	0.574074089527	54
Telugu	0.72	0.592592597008	54
Telugu	0.74	0.574074089527	54
Telugu	0.76	0.574074089527	54
Telugu	0.78	0.574074089527	54
Telugu	0.8	0.592592597008	54
Telugu	0.82	0.592592597008	54
Telugu	0.84	0.592592597008	54
Telugu	0.86	0.611111104488	54
Telugu	0.88	0.611111104488	54
Telugu	0.9	0.611111104488	54
Telugu	0.92	0.611111104488	54
Telugu	0.94	0.64814811945	54
Telugu	0.96	0.64814811945	54
Telugu	0.98	0.64814811945	54
Turkish	0.0	0.939999997616	50
Turkish	0.02	0.939999997616	50
Turkish	0.04	0.939999997616	50
Turkish	0.06	0.939999997616	50
Turkish	0.08	0.939999997616	50
Turkish	0.1	0.939999997616	50
Turkish	0.12	0.939999997616	50
Turkish	0.14	0.939999997616	50
Turkish	0.16	0.939999997616	50
Turkish	0.18	0.939999997616	50
Turkish	0.2	0.939999997616	50
Turkish	0.22	0.939999997616	50
Turkish	0.24	0.939999997616	50
Turkish	0.26	0.939999997616	50
Turkish	0.28	0.939999997616	50
Turkish	0.3	0.939999997616	50
Turkish	0.32	0.939999997616	50
Turkish	0.34	0.939999997616	50
Turkish	0.36	0.939999997616	50
Turkish	0.38	0.959999978542	50
Turkish	0.4	0.959999978542	50
Turkish	0.42	0.959999978542	50
Turkish	0.44	0.959999978542	50
Turkish	0.46	0.959999978542	50
Turkish	0.48	0.959999978542	50
Turkish	0.5	0.959999978542	50
Turkish	0.52	0.959999978542	50
Turkish	0.54	0.959999978542	50
Turkish	0.56	0.959999978542	50
Turkish	0.58	0.959999978542	50
Turkish	0.6	0.959999978542	50
Turkish	0.62	0.959999978542	50
Turkish	0.64	0.959999978542	50
Turkish	0.66	0.959999978542	50
Turkish	0.68	0.959999978542	50
Turkish	0.7	0.959999978542	50
Turkish	0.72	0.959999978542	50
Turkish	0.74	0.959999978542	50
Turkish	0.76	0.959999978542	50
Turkish	0.78	0.959999978542	50
Turkish	0.8	0.959999978542	50
Turkish	0.82	0.959999978542	50
Turkish	0.84	0.959999978542	50
Turkish	0.86	0.959999978542	50
Turkish	0.88	0.959999978542	50
Turkish	0.9	0.959999978542	50
Turkish	0.92	0.959999978542	50
Turkish	0.94	0.959999978542	50
Turkish	0.96	0.959999978542	50
Turkish	0.98	0.959999978542	50
Ukrainian	0.0	1.0	55
Ukrainian	0.02	1.0	55
Ukrainian	0.04	1.0	55
Ukrainian	0.06	1.0	55
Ukrainian	0.08	1.0	55
Ukrainian	0.1	1.0	55
Ukrainian	0.12	1.0	55
Ukrainian	0.14	1.0	55
Ukrainian	0.16	1.0	55
Ukrainian	0.18	1.0	55
Ukrainian	0.2	1.0	55
Ukrainian	0.22	1.0	55
Ukrainian	0.24	1.0	55
Ukrainian	0.26	1.0	55
Ukrainian	0.28	1.0	55
Ukrainian	0.3	1.0	55
Ukrainian	0.32	1.0	55
Ukrainian	0.34	1.0	55
Ukrainian	0.36	1.0	55
Ukrainian	0.38	1.0	55
Ukrainian	0.4	1.0	55
Ukrainian	0.42	1.0	55
Ukrainian	0.44	1.0	55
Ukrainian	0.46	1.0	55
Ukrainian	0.48	1.0	55
Ukrainian	0.5	1.0	55
Ukrainian	0.52	1.0	55
Ukrainian	0.54	1.0	55
Ukrainian	0.56	1.0	55
Ukrainian	0.58	1.0	55
Ukrainian	0.6	1.0	55
Ukrainian	0.62	1.0	55
Ukrainian	0.64	1.0	55
Ukrainian	0.66	1.0	55
Ukrainian	0.68	1.0	55
Ukrainian	0.7	1.0	55
Ukrainian	0.72	1.0	55
Ukrainian	0.74	1.0	55
Ukrainian	0.76	1.0	55
Ukrainian	0.78	1.0	55
Ukrainian	0.8	1.0	55
Ukrainian	0.82	1.0	55
Ukrainian	0.84	1.0	55
Ukrainian	0.86	1.0	55
Ukrainian	0.88	1.0	55
Ukrainian	0.9	1.0	55
Ukrainian	0.92	1.0	55
Ukrainian	0.94	1.0	55
Ukrainian	0.96	1.0	55
Ukrainian	0.98	1.0	55
Urdu	0.0	0.843137264252	51
Urdu	0.02	0.843137264252	51
Urdu	0.04	0.823529422283	51
Urdu	0.06	0.803921580315	51
Urdu	0.08	0.803921580315	51
Urdu	0.1	0.803921580315	51
Urdu	0.12	0.784313738346	51
Urdu	0.14	0.784313738346	51
Urdu	0.16	0.784313738346	51
Urdu	0.18	0.784313738346	51
Urdu	0.2	0.784313738346	51
Urdu	0.22	0.764705896378	51
Urdu	0.24	0.764705896378	51
Urdu	0.26	0.764705896378	51
Urdu	0.28	0.745098054409	51
Urdu	0.3	0.745098054409	51
Urdu	0.32	0.705882370472	51
Urdu	0.34	0.686274528503	51
Urdu	0.36	0.666666686535	51
Urdu	0.38	0.666666686535	51
Urdu	0.4	0.666666686535	51
Urdu	0.42	0.647058844566	51
Urdu	0.44	0.647058844566	51
Urdu	0.46	0.607843160629	51
Urdu	0.48	0.607843160629	51
Urdu	0.5	0.607843160629	51
Urdu	0.52	0.607843160629	51
Urdu	0.54	0.627451002598	51
Urdu	0.56	0.588235318661	51
Urdu	0.58	0.588235318661	51
Urdu	0.6	0.588235318661	51
Urdu	0.62	0.588235318661	51
Urdu	0.64	0.568627476692	51
Urdu	0.66	0.549019634724	51
Urdu	0.68	0.549019634724	51
Urdu	0.7	0.549019634724	51
Urdu	0.72	0.549019634724	51
Urdu	0.74	0.509803950787	51
Urdu	0.76	0.509803950787	51
Urdu	0.78	0.509803950787	51
Urdu	0.8	0.509803950787	51
Urdu	0.82	0.509803950787	51
Urdu	0.84	0.509803950787	51
Urdu	0.86	0.509803950787	51
Urdu	0.88	0.490196079016	51
Urdu	0.9	0.470588237047	51
Urdu	0.92	0.470588237047	51
Urdu	0.94	0.470588237047	51
Urdu	0.96	0.470588237047	51
Urdu	0.98	0.470588237047	51
Vietnamese	0.0	1.0	48
Vietnamese	0.02	1.0	48
Vietnamese	0.04	1.0	48
Vietnamese	0.06	1.0	48
Vietnamese	0.08	1.0	48
Vietnamese	0.1	1.0	48
Vietnamese	0.12	1.0	48
Vietnamese	0.14	1.0	48
Vietnamese	0.16	1.0	48
Vietnamese	0.18	1.0	48
Vietnamese	0.2	1.0	48
Vietnamese	0.22	1.0	48
Vietnamese	0.24	1.0	48
Vietnamese	0.26	1.0	48
Vietnamese	0.28	1.0	48
Vietnamese	0.3	1.0	48
Vietnamese	0.32	1.0	48
Vietnamese	0.34	1.0	48
Vietnamese	0.36	1.0	48
Vietnamese	0.38	1.0	48
Vietnamese	0.4	1.0	48
Vietnamese	0.42	1.0	48
Vietnamese	0.44	1.0	48
Vietnamese	0.46	1.0	48
Vietnamese	0.48	1.0	48
Vietnamese	0.5	1.0	48
Vietnamese	0.52	1.0	48
Vietnamese	0.54	1.0	48
Vietnamese	0.56	1.0	48
Vietnamese	0.58	1.0	48
Vietnamese	0.6	1.0	48
Vietnamese	0.62	1.0	48
Vietnamese	0.64	1.0	48
Vietnamese	0.66	1.0	48
Vietnamese	0.68	1.0	48
Vietnamese	0.7	1.0	48
Vietnamese	0.72	1.0	48
Vietnamese	0.74	1.0	48
Vietnamese	0.76	1.0	48
Vietnamese	0.78	1.0	48
Vietnamese	0.8	1.0	48
Vietnamese	0.82	1.0	48
Vietnamese	0.84	1.0	48
Vietnamese	0.86	1.0	48
Vietnamese	0.88	1.0	48
Vietnamese	0.9	1.0	48
Vietnamese	0.92	1.0	48
Vietnamese	0.94	1.0	48
Vietnamese	0.96	1.0	48
Vietnamese	0.98	1.0	48
