Language	CoarseDependency	BranchingEntropy
Hindi	lifted_mark	0.676601644555
Hindi	lifted_case	0.38302662214
Hindi	lifted_cop	0.0269065112319
Hindi	conj	4.21515222815e-11
Hindi	acl	0.662813656429
Hindi	vocative	0.410116320117
Hindi	advcl	0.245494117356
Hindi	dislocated	0.284198810848
Hindi	aux	0.00780037499205
Hindi	case	5.20174374586e-08
Hindi	nsubj	0.0752890441261
Hindi	nummod	0.0364223312165
Hindi	advmod	0.0839351198869
Hindi	punct	0.464533103918
Hindi	compound	0.0399903042449
Hindi	lifted_cc	0.0135504027088
Hindi	xcomp	0.056937224503
Hindi	obl	0.0161131559591
Hindi	obj	0.567015137453
Hindi	dep	0.424905631527
Hindi	det	4.34236408019e-11
Hindi	nmod	0.109788388063
Hindi	amod	0.122398812591
Hindi	iobj	1.20413236755e-10
Swedish	list	4.20602361778e-08
Swedish	orphan	0.101264818335
Swedish	reparandum	6.83976429677e-08
Swedish	lifted_mark	0.0145441874304
Swedish	lifted_case	0.0984286538842
Swedish	csubj	0.482991990889
Swedish	lifted_cop	0.592817065904
Swedish	conj	0.0303859677687
Swedish	acl	0.00850147678485
Swedish	vocative	0.689994458035
Swedish	mark	6.83976429677e-08
Swedish	discourse	0.22371807621
Swedish	advcl	0.594358475682
Swedish	dislocated	0.67666533978
Swedish	aux	0.0263757086325
Swedish	parataxis	0.141765032961
Swedish	flat	0.0295044446247
Swedish	nsubj	0.465115771381
Swedish	nummod	0.468375621373
Swedish	advmod	0.643184798889
Swedish	punct	0.442267059398
Swedish	compound	0.0873616557233
Swedish	lifted_cc	0.133587639143
Swedish	ccomp	0.0773706020153
Swedish	xcomp	0.138619430656
Swedish	obl	0.464223996763
Swedish	obj	0.20839950294
Swedish	appos	4.07470327474e-10
Swedish	det	0.0075226510217
Swedish	nmod	0.684343610236
Swedish	amod	0.147980189093
Swedish	iobj	0.107700286177
Swedish	expl	0.48350197608
Swedish	fixed	0.0116050032274
German	ccomp	0.51686386988
German	lifted_case	0.100428663592
German	csubj	0.581115838052
German	lifted_cop	0.530248330494
German	conj	0.00951488962834
German	acl	0.200247573748
German	mark	1.9420680218e-07
German	advcl	0.605031026259
German	aux	0.63595704816
German	parataxis	0.230433635233
German	flat	0.00140928443013
German	nsubj	0.519676114508
German	nummod	0.148137595629
German	advmod	0.519835632874
German	punct	0.587636266107
German	compound	0.683722728473
German	obj	0.689512913417
German	lifted_mark	0.196866728818
German	xcomp	0.551220030983
German	obl	0.670427522779
German	lifted_cc	0.108902665631
German	dep	0.686995035983
German	appos	0.0629798495651
German	det	0.0238157084954
German	nmod	0.500039237082
German	amod	0.106641413014
German	iobj	0.679844029489
German	expl	0.686029415169
German	fixed	1.71665598073e-09
Urdu	lifted_mark	0.645255467818
Urdu	lifted_case	0.429216543893
Urdu	lifted_cop	0.0735760623757
Urdu	conj	0.00262594027094
Urdu	acl	0.692393889869
Urdu	vocative	1.47524872227e-08
Urdu	mark	1.9420680218e-07
Urdu	advcl	0.514316699497
Urdu	dislocated	0.268763092797
Urdu	aux	0.0248088142537
Urdu	case	0.679193266038
Urdu	nsubj	0.0416684381645
Urdu	nummod	0.174994573223
Urdu	advmod	0.0914418803141
Urdu	punct	0.364377121713
Urdu	compound	0.0488705924733
Urdu	lifted_cc	0.0260631287047
Urdu	xcomp	0.0657305081274
Urdu	obl	0.11879088815
Urdu	obj	0.573550382376
Urdu	dep	0.57431335166
Urdu	det	1.23096934166e-10
Urdu	nmod	0.237227502726
Urdu	amod	0.0430226336312
Urdu	iobj	0.0546588236731
English	cc	5.91903647745e-09
English	list	0.0245862649693
English	orphan	0.450561209164
English	reparandum	0.458144179357
English	ccomp	0.178396682765
English	lifted_case	0.240085332991
English	csubj	0.667616660345
English	lifted_cop	0.535572797569
English	conj	0.0489792919632
English	acl	0.153466940089
English	vocative	0.682441073795
English	mark	7.60729273144e-09
English	discourse	0.524909210155
English	advcl	0.562964824645
English	dislocated	0.640175902368
English	aux	0.0358709502405
English	parataxis	0.192717208979
English	flat	0.217575280384
English	nsubj	0.167778856394
English	nummod	0.617105168582
English	advmod	0.578550144452
English	punct	0.567220502379
English	compound	0.355756677328
English	lifted_cc	0.0390957939889
English	lifted_mark	0.00556354503083
English	goeswith	0.626782536924
English	xcomp	0.0928947726557
English	obl	0.388696707968
English	obj	0.171497800433
English	dep	0.474139313928
English	appos	0.106012482166
English	det	0.013383658397
English	nmod	0.655288459801
English	amod	0.217552546199
English	iobj	0.0458367412943
English	expl	0.302379481284
English	fixed	2.34272312196e-10
Spanish	cc	0.297229111535
Spanish	orphan	7.8579234947e-09
Spanish	ccomp	0.455087068766
Spanish	lifted_case	0.0840011900931
Spanish	csubj	0.548123483795
Spanish	lifted_cop	0.58080290558
Spanish	conj	0.00390517712996
Spanish	acl	0.122762391047
Spanish	mark	0.69314718056
Spanish	case	0.69314718056
Spanish	advcl	0.445945582841
Spanish	aux	0.0705317197927
Spanish	parataxis	0.399329457429
Spanish	flat	0.0031173729035
Spanish	nsubj	0.453365205485
Spanish	nummod	0.52636618944
Spanish	advmod	0.598350429391
Spanish	punct	0.676067091714
Spanish	compound	0.322544398852
Spanish	lifted_cc	0.100498313586
Spanish	lifted_mark	0.0278445784094
Spanish	xcomp	0.157528738444
Spanish	obl	0.54347227558
Spanish	obj	0.521111481637
Spanish	dep	0.576975997002
Spanish	appos	0.0649962334594
Spanish	det	0.0490312900878
Spanish	nmod	0.140294157572
Spanish	amod	0.582118934516
Spanish	iobj	0.589940306647
Spanish	expl	0.039609104119
Spanish	fixed	2.86886932254e-11
Chinese	flat	8.42878306991e-10
Chinese	orphan	1.00569139029e-07
Chinese	lifted_mark	0.679466661772
Chinese	lifted_case	0.630040223968
Chinese	csubj	0.0197832148909
Chinese	lifted_cop	0.211719698437
Chinese	conj	9.56651772172e-11
Chinese	amod	0.0122562018997
Chinese	vocative	1.94206803734e-07
Chinese	clf	1.34139260638e-10
Chinese	discourse	0.0343898553669
Chinese	advcl	1.68258029193e-09
Chinese	dislocated	0.163023630066
Chinese	aux	1.9753010572e-10
Chinese	case	0.0411950176624
Chinese	nsubj	0.00814156318437
Chinese	nummod	0.0352109907136
Chinese	advmod	0.126709287374
Chinese	punct	0.667501980931
Chinese	lifted_cc	0.068808139869
Chinese	ccomp	0.418332401354
Chinese	xcomp	0.518187825545
Chinese	obl	0.365287683864
Chinese	obj	0.122883385555
Chinese	dep	0.124373671551
Chinese	appos	0.686354111155
Chinese	det	0.00608622025581
Chinese	nmod	0.0695585123415
Chinese	acl	0.540599139491
Chinese	iobj	3.33568304988e-09
Slovenian	orphan	0.651756561233
Slovenian	reparandum	0.128861551641
Slovenian	lifted_mark	0.0080422702056
Slovenian	lifted_case	0.0102683020871
Slovenian	csubj	0.233791658749
Slovenian	lifted_cop	0.662417742668
Slovenian	conj	0.0421907590348
Slovenian	acl	0.0228514103464
Slovenian	vocative	0.692938919538
Slovenian	case	1.94206803734e-07
Slovenian	discourse	0.605764715501
Slovenian	advcl	0.675276378087
Slovenian	dislocated	0.675142588599
Slovenian	aux	0.250109413785
Slovenian	parataxis	0.379140955048
Slovenian	flat	0.0352109907628
Slovenian	nsubj	0.587929314242
Slovenian	nummod	0.482413968007
Slovenian	advmod	0.539486073634
Slovenian	punct	0.683894423059
Slovenian	lifted_cc	0.026060189975
Slovenian	ccomp	0.0839653810996
Slovenian	goeswith	3.53540675639e-08
Slovenian	xcomp	0.188285053662
Slovenian	obl	0.689031209412
Slovenian	obj	0.676597480487
Slovenian	dep	2.68751527877e-08
Slovenian	appos	6.27767156344e-10
Slovenian	det	0.00491015121927
Slovenian	nmod	0.209741611583
Slovenian	amod	0.120233815629
Slovenian	iobj	0.591356899839
Slovenian	expl	0.278687130168
Slovenian	fixed	4.19544923295e-10
Estonian	cc	6.83976429677e-08
Estonian	list	0.605797499584
Estonian	orphan	0.39603308999
Estonian	lifted_mark	0.0514692839479
Estonian	lifted_case	0.55070268285
Estonian	csubj	0.284299246395
Estonian	lifted_cop	0.668986963364
Estonian	conj	5.84114794024e-11
Estonian	acl	0.692503473433
Estonian	vocative	0.687477789356
Estonian	discourse	0.39339932252
Estonian	advcl	0.603113426104
Estonian	aux	0.207183623284
Estonian	parataxis	0.329505068511
Estonian	flat	0.035551421092
Estonian	nsubj	0.617676612453
Estonian	nummod	0.661045658588
Estonian	advmod	0.612407597753
Estonian	punct	0.675204356771
Estonian	compound	0.665245192868
Estonian	lifted_cc	0.0454991696176
Estonian	ccomp	0.12060906977
Estonian	xcomp	0.485931861867
Estonian	obl	0.687766815951
Estonian	obj	0.662735306546
Estonian	dep	1.00569138674e-07
Estonian	appos	0.0683089170295
Estonian	det	0.144664864168
Estonian	nmod	0.461508733258
Estonian	amod	0.159208341412
Norwegian	orphan	6.41468326753e-10
Norwegian	reparandum	0.174578023086
Norwegian	lifted_mark	0.00864171368364
Norwegian	lifted_case	0.0991237738451
Norwegian	csubj	0.345840372408
Norwegian	lifted_cop	0.534596315996
Norwegian	conj	1.35990221924e-11
Norwegian	acl	0.0519717594822
Norwegian	discourse	0.552664622507
Norwegian	advcl	0.466399627241
Norwegian	dislocated	0.0334572780796
Norwegian	aux	0.021524629594
Norwegian	parataxis	0.160357640659
Norwegian	flat	2.5411533508e-11
Norwegian	nsubj	0.447467771131
Norwegian	nummod	0.0249718824076
Norwegian	advmod	0.608722604862
Norwegian	punct	0.345918893183
Norwegian	compound	0.339364776967
Norwegian	lifted_cc	0.0399059703709
Norwegian	ccomp	0.0719941857488
Norwegian	goeswith	0.588168777409
Norwegian	xcomp	0.0857687429707
Norwegian	obl	0.498595869065
Norwegian	obj	0.223757591283
Norwegian	appos	1.42524604707e-10
Norwegian	det	0.0841825938398
Norwegian	nmod	0.594152311078
Norwegian	amod	0.195417349594
Norwegian	iobj	0.471079697972
Norwegian	expl	0.476483243313
Serbian	list	1.98350715121e-08
Serbian	orphan	0.402160871988
Serbian	lifted_mark	0.0035573064316
Serbian	lifted_case	0.103064868695
Serbian	csubj	0.128318705751
Serbian	lifted_cop	0.685059261703
Serbian	conj	9.51848120715e-11
Serbian	amod	0.0258491232222
Serbian	vocative	1.94206803734e-07
Serbian	discourse	0.366924991328
Serbian	advcl	0.599939568962
Serbian	aux	0.629657231167
Serbian	parataxis	0.456004083954
Serbian	flat	0.00348751266643
Serbian	nsubj	0.534860960116
Serbian	nummod	0.163572078308
Serbian	advmod	0.302001518015
Serbian	punct	0.680918620489
Serbian	compound	0.540911491524
Serbian	obj	0.366657065934
Serbian	ccomp	2.49155024975e-10
Serbian	goeswith	0.661563238238
Serbian	xcomp	0.227161933061
Serbian	obl	0.526325670626
Serbian	lifted_cc	0.0471536446291
Serbian	dep	0.636514169065
Serbian	appos	0.0958305603721
Serbian	det	0.0153758617064
Serbian	nmod	0.0460417398318
Serbian	acl	0.0535621871995
Serbian	iobj	0.69314718056
Serbian	fixed	6.67392033838e-10
Croatian	list	0.376770161865
Croatian	orphan	0.633233695583
Croatian	lifted_mark	0.0986960397634
Croatian	lifted_case	0.0972565558931
Croatian	csubj	0.232788991674
Croatian	lifted_cop	0.661083667116
Croatian	conj	0.0254160913007
Croatian	acl	0.0487997970229
Croatian	vocative	0.684616277816
Croatian	discourse	0.132799541289
Croatian	advcl	0.629540914395
Croatian	dislocated	2.68751527877e-08
Croatian	aux	0.603277913922
Croatian	parataxis	0.516263432612
Croatian	flat	0.0922766143179
Croatian	nsubj	0.539454793083
Croatian	nummod	0.238543641375
Croatian	advmod	0.320421844429
Croatian	punct	0.681538983719
Croatian	compound	0.692925868285
Croatian	lifted_cc	0.0639019444533
Croatian	ccomp	0.0339685443562
Croatian	goeswith	0.651756561203
Croatian	xcomp	0.164898911181
Croatian	obl	0.644044102677
Croatian	obj	0.564122714136
Croatian	dep	0.686961576625
Croatian	appos	0.0619183895584
Croatian	det	0.0356149078409
Croatian	nmod	0.112856777551
Croatian	amod	0.0805461915345
Croatian	iobj	0.687408093135
Croatian	expl	0.573918886622
Croatian	fixed	3.89782562377e-10
Finnish	orphan	0.684616277803
Finnish	reparandum	1.38707934521e-08
Finnish	lifted_mark	0.0533308334169
Finnish	lifted_case	0.388030766675
Finnish	csubj	0.414181705329
Finnish	lifted_cop	0.59475337768
Finnish	conj	0.0523797050027
Finnish	acl	0.692926691242
Finnish	vocative	0.692493822985
Finnish	discourse	0.644759944699
Finnish	advcl	0.592172882489
Finnish	aux	0.098715841407
Finnish	parataxis	0.0338005448318
Finnish	flat	6.6208468529e-11
Finnish	nsubj	0.448195763108
Finnish	nummod	0.508550207087
Finnish	advmod	0.641851978878
Finnish	punct	0.542562411583
Finnish	compound	0.557368300895
Finnish	lifted_cc	0.0310674091533
Finnish	ccomp	0.250051343834
Finnish	goeswith	0.41011631855
Finnish	xcomp	0.159389931358
Finnish	obl	0.67367822609
Finnish	obj	0.612596639008
Finnish	dep	0.638224509319
Finnish	appos	2.11273272081e-10
Finnish	det	0.0422546898408
Finnish	nmod	0.659827775152
Finnish	amod	0.0402434201632
Finnish	expl	0.14974773651
Finnish	fixed	2.70307808684e-10
Portuguese	cc	4.2060237102e-08
Portuguese	orphan	3.05237001288e-08
Portuguese	reparandum	1.94206803734e-07
Portuguese	lifted_mark	0.0194854577075
Portuguese	lifted_case	0.0692480874104
Portuguese	csubj	0.516960401073
Portuguese	lifted_cop	0.547291951304
Portuguese	conj	0.00873945507636
Portuguese	acl	0.138091447759
Portuguese	vocative	0.65548177404
Portuguese	mark	6.83976423187e-08
Portuguese	case	0.376770163081
Portuguese	discourse	0.666278442498
Portuguese	advcl	0.55771112397
Portuguese	dislocated	0.376770163081
Portuguese	aux	0.0200976190447
Portuguese	parataxis	0.478136972069
Portuguese	flat	0.0175663869108
Portuguese	nsubj	0.342298543498
Portuguese	nummod	0.331479444417
Portuguese	advmod	0.556335398958
Portuguese	punct	0.663915150442
Portuguese	compound	0.432670553804
Portuguese	lifted_cc	0.136089501021
Portuguese	ccomp	0.586639541311
Portuguese	xcomp	0.0648962222791
Portuguese	obl	0.520925606812
Portuguese	obj	0.30774195499
Portuguese	dep	0.672941576347
Portuguese	appos	0.00902083979371
Portuguese	det	0.0410677458429
Portuguese	nmod	0.244026558831
Portuguese	amod	0.621738180586
Portuguese	iobj	0.630370815013
Portuguese	expl	0.65131686571
Portuguese	fixed	0.314634076818
Catalan	cc	0.404963485325
Catalan	orphan	1.82546576025e-08
Catalan	ccomp	0.373446181037
Catalan	lifted_case	0.116301144484
Catalan	csubj	0.547094171586
Catalan	lifted_cop	0.638953371998
Catalan	conj	0.000741366820547
Catalan	acl	0.0245595554546
Catalan	mark	0.636514169065
Catalan	advcl	0.423899255811
Catalan	aux	0.0633609685722
Catalan	parataxis	0.691728491964
Catalan	flat	0.00437605204772
Catalan	nsubj	0.451803941278
Catalan	nummod	0.511971065875
Catalan	advmod	0.637045768011
Catalan	punct	0.674290243093
Catalan	compound	0.0144645936195
Catalan	lifted_cc	0.0986685562283
Catalan	lifted_mark	0.0343172458868
Catalan	xcomp	0.197649496078
Catalan	obl	0.610407432266
Catalan	obj	0.610309225841
Catalan	dep	0.469220348558
Catalan	appos	0.0148086740461
Catalan	det	0.0793595699316
Catalan	nmod	0.248513922689
Catalan	amod	0.523511225869
Catalan	iobj	0.692973233803
Catalan	expl	0.121277192053
Catalan	fixed	0.00113920439298
Russian	list	8.14045694239e-10
Russian	orphan	0.68481242076
Russian	lifted_mark	0.0646090374319
Russian	lifted_case	0.0716184129788
Russian	csubj	0.438118874911
Russian	lifted_cop	0.661372182199
Russian	conj	0.00685761840917
Russian	acl	0.433349916517
Russian	vocative	0.623654849718
Russian	case	3.05237011394e-08
Russian	discourse	0.612184990887
Russian	advcl	0.675450932992
Russian	aux	0.457106776363
Russian	parataxis	0.680855732441
Russian	flat	0.0736744177828
Russian	nsubj	0.567949800713
Russian	nummod	0.480948041794
Russian	advmod	0.398796083438
Russian	punct	0.347700293439
Russian	compound	0.455782562129
Russian	obj	0.495076713123
Russian	ccomp	0.0969136789366
Russian	goeswith	0.00435033635269
Russian	xcomp	0.18539470825
Russian	obl	0.675000375956
Russian	lifted_cc	0.0293721124123
Russian	dep	0.67301166709
Russian	appos	0.0517403234284
Russian	det	0.213410220989
Russian	nmod	0.217685076235
Russian	amod	0.115431910676
Russian	iobj	0.668648125497
Russian	expl	4.75765327992e-09
Russian	fixed	0.00215008035897
Arabic	cc	0.484902085329
Arabic	orphan	1.14288561534e-09
Arabic	ccomp	0.100045950283
Arabic	lifted_case	0.0792642641697
Arabic	csubj	0.0469573726649
Arabic	lifted_cop	0.527714312308
Arabic	conj	0.0131462390927
Arabic	acl	0.0149996956209
Arabic	mark	1.17711175727e-08
Arabic	advcl	0.334833840299
Arabic	aux	0.0678265952789
Arabic	parataxis	0.0578615917277
Arabic	flat	0.182405423798
Arabic	nsubj	0.626497619993
Arabic	nummod	0.685458455541
Arabic	advmod	0.523595154024
Arabic	punct	0.535439991546
Arabic	compound	0.0114560660121
Arabic	lifted_cc	0.690512108434
Arabic	lifted_mark	0.1097559294
Arabic	xcomp	0.0651481001574
Arabic	obl	0.2597654843
Arabic	obj	0.115006803141
Arabic	dep	0.59957178419
Arabic	appos	0.112944579092
Arabic	det	0.383505947303
Arabic	nmod	0.127513016194
Arabic	amod	0.0841806198348
Arabic	iobj	0.0590172209323
Arabic	fixed	3.31905427751e-10
Czech	cc	0.0551874495075
Czech	orphan	4.75322356879e-11
Czech	ccomp	0.510409636078
Czech	lifted_case	0.0343595896781
Czech	csubj	0.276691567875
Czech	lifted_cop	0.601927044557
Czech	conj	0.000343023636158
Czech	acl	0.0360638386674
Czech	vocative	0.675976368055
Czech	mark	1.94206803734e-07
Czech	case	1.94206803734e-07
Czech	discourse	0.389864487299
Czech	advcl	0.635015366979
Czech	aux	0.356422315326
Czech	parataxis	0.632471243254
Czech	flat	0.406368159663
Czech	nsubj	0.634358628604
Czech	nummod	0.614745608091
Czech	advmod	0.472728806479
Czech	punct	0.687353399127
Czech	compound	0.565009831932
Czech	lifted_cc	0.17246017023
Czech	lifted_mark	0.130399199467
Czech	xcomp	0.249240164004
Czech	obl	0.680418053121
Czech	obj	0.622612769189
Czech	dep	0.381941259714
Czech	appos	0.0185529135115
Czech	det	0.107285535784
Czech	nmod	0.266366485328
Czech	amod	0.273352929836
Czech	iobj	0.688017566195
Czech	expl	0.505190188083
Czech	fixed	4.3103409051e-11
Japanese	ccomp	8.59501213244e-10
Japanese	lifted_case	0.276295164042
Japanese	csubj	1.21841802101e-09
Japanese	lifted_cop	0.492603657544
Japanese	acl	3.16511124244e-11
Japanese	advcl	6.62709400646e-11
Japanese	aux	1.41535898304e-11
Japanese	nsubj	4.40386747805e-11
Japanese	nummod	9.86923031773e-11
Japanese	advmod	7.97923499201e-11
Japanese	punct	0.26091511606
Japanese	compound	0.273819349675
Japanese	lifted_cc	0.0321560568155
Japanese	lifted_mark	0.262394305506
Japanese	obl	3.06857372236e-11
Japanese	obj	5.8923926537e-11
Japanese	dep	0.198515244671
Japanese	det	3.41519535029e-10
Japanese	nmod	2.27375030335e-11
Japanese	amod	1.12716288281e-10
Japanese	iobj	6.79126344007e-11
Japanese	fixed	7.84801015206e-10
French	cc	4.2060237102e-08
French	orphan	0.0613254873171
French	reparandum	3.05237011394e-08
French	lifted_mark	0.0149405378953
French	lifted_case	0.0439816377312
French	csubj	0.693088105673
French	lifted_cop	0.40188563031
French	conj	0.0317257715681
French	acl	0.180986664531
French	vocative	0.372763353839
French	mark	1.94206803734e-07
French	case	3.05237011394e-08
French	discourse	0.460731677031
French	advcl	0.561162477697
French	dislocated	0.500402423689
French	aux	0.00597452755692
French	parataxis	0.319283973164
French	flat	0.0153979127695
French	nsubj	0.183791436995
French	nummod	0.557340891088
French	advmod	0.636313427368
French	punct	0.609499070811
French	compound	0.679778200725
French	obj	0.447114886037
French	ccomp	0.152393320723
French	goeswith	0.264052052622
French	xcomp	0.027299656519
French	obl	0.445996880726
French	lifted_cc	0.0296831091718
French	dep	0.674351057872
French	appos	0.109501308226
French	det	0.00533073957875
French	nmod	0.069776507878
French	amod	0.6048142671
French	iobj	0.343106358865
French	expl	0.128503849304
French	fixed	0.00799997941832
Latvian	orphan	0.61724176997
Latvian	ccomp	0.2633206165
Latvian	lifted_case	0.119274110203
Latvian	csubj	0.0825649383567
Latvian	lifted_cop	0.571286919285
Latvian	conj	0.00743954123256
Latvian	amod	0.0278480623134
Latvian	vocative	0.687786823
Latvian	discourse	0.450070491219
Latvian	advcl	0.652076950616
Latvian	aux	0.165980101065
Latvian	parataxis	0.677191480205
Latvian	flat	3.60149801314e-10
Latvian	nsubj	0.533475783726
Latvian	nummod	0.159192066632
Latvian	advmod	0.413533756835
Latvian	punct	0.692613609135
Latvian	compound	0.0601383745596
Latvian	lifted_cc	0.0238405038178
Latvian	lifted_mark	0.0142878475911
Latvian	goeswith	1.00569139029e-07
Latvian	xcomp	0.191888244331
Latvian	obl	0.691090516512
Latvian	obj	0.630111275878
Latvian	dep	0.686703313667
Latvian	appos	5.20174374586e-08
Latvian	det	0.0739624502967
Latvian	nmod	0.326367879155
Latvian	acl	0.27846066346
Latvian	iobj	0.609748710772
Latvian	fixed	1.38707945121e-08
Basque	ccomp	0.689582259382
Basque	lifted_case	0.0596619881789
Basque	csubj	0.692293170602
Basque	lifted_cop	0.507590715036
Basque	conj	6.66065583526e-11
Basque	acl	0.182936411691
Basque	vocative	0.613410049556
Basque	discourse	0.632230377824
Basque	advcl	0.663464073054
Basque	aux	0.291237307977
Basque	parataxis	0.114665283059
Basque	flat	1.63074162358e-10
Basque	nsubj	0.487258065737
Basque	nummod	0.691097160912
Basque	advmod	0.484157408592
Basque	punct	0.647999500395
Basque	compound	2.02003002726e-10
Basque	lifted_cc	0.23216287704
Basque	lifted_mark	0.239724224518
Basque	xcomp	0.474627295739
Basque	cop	0.69314718056
Basque	obl	0.573161158899
Basque	obj	0.420420676723
Basque	dep	0.0562323178023
Basque	appos	0.0501881824876
Basque	det	0.667498765546
Basque	nmod	0.314052257172
Basque	amod	0.596259160639
Basque	iobj	0.632486341738
Basque	fixed	1.08081735265e-09
Danish	list	0.125843543154
Danish	reparandum	1.00569138674e-07
Danish	ccomp	0.686423791143
Danish	lifted_case	0.168398752025
Danish	lifted_cop	0.58345967047
Danish	conj	0.161336854908
Danish	acl	0.143177111648
Danish	vocative	0.682908104715
Danish	mark	0.163023630637
Danish	discourse	0.663725497513
Danish	advcl	0.144798033722
Danish	aux	0.0944151707609
Danish	parataxis	1.9420680218e-07
Danish	flat	0.0148017960835
Danish	nsubj	0.442697565873
Danish	nummod	0.45337373476
Danish	advmod	0.653244796806
Danish	punct	0.339631861365
Danish	compound	0.532391890718
Danish	lifted_cc	0.264248325759
Danish	lifted_mark	0.151319319157
Danish	goeswith	3.53540675639e-08
Danish	case	1.47524872227e-08
Danish	obl	0.458629283125
Danish	obj	0.207916400794
Danish	dep	0.456877981671
Danish	appos	0.10524921565
Danish	det	0.0157140625264
Danish	xcomp	0.621948114858
Danish	nmod	0.554575070852
Danish	amod	0.398307113808
Danish	iobj	0.275266364447
Danish	expl	0.519117742938
Danish	fixed	5.90025656445e-10
Dutch	ccomp	0.286163951095
Dutch	lifted_case	0.112667804411
Dutch	csubj	0.352395366551
Dutch	lifted_cop	0.68264469964
Dutch	conj	0.0104061178947
Dutch	acl	0.304366819778
Dutch	case	1.94206803734e-07
Dutch	advcl	0.601721721259
Dutch	aux	0.34100769112
Dutch	parataxis	0.433768700589
Dutch	flat	0.0178510879474
Dutch	nsubj	0.504447043545
Dutch	nummod	0.431555052378
Dutch	advmod	0.539507051687
Dutch	punct	0.664248789042
Dutch	compound	0.665729103005
Dutch	lifted_cc	0.132178422408
Dutch	lifted_mark	0.0928367707557
Dutch	xcomp	0.631858233349
Dutch	obl	0.691076258634
Dutch	obj	0.678804354394
Dutch	appos	0.0195380157425
Dutch	det	0.00440452957876
Dutch	nmod	0.511626249745
Dutch	amod	0.155407695516
Dutch	iobj	0.635346799466
Dutch	expl	0.564840898034
Dutch	fixed	0.0196981873177
Ukrainian	list	5.20174374586e-08
Ukrainian	orphan	0.271189374659
Ukrainian	reparandum	1.94206803734e-07
Ukrainian	lifted_mark	0.00514260129786
Ukrainian	lifted_case	0.062891290927
Ukrainian	csubj	0.359956125653
Ukrainian	lifted_cop	0.656823516699
Ukrainian	conj	0.00389557069728
Ukrainian	acl	0.0225482838477
Ukrainian	vocative	0.688279129317
Ukrainian	discourse	0.459300325427
Ukrainian	advcl	0.645930130948
Ukrainian	dislocated	0.598269588866
Ukrainian	aux	0.641812741788
Ukrainian	parataxis	0.383411117869
Ukrainian	flat	0.00641890498383
Ukrainian	nsubj	0.526066551825
Ukrainian	nummod	0.12867098183
Ukrainian	advmod	0.417874010429
Ukrainian	punct	0.693033221151
Ukrainian	compound	0.65532883759
Ukrainian	lifted_cc	0.00724437553878
Ukrainian	ccomp	0.0895780267538
Ukrainian	goeswith	0.500402425202
Ukrainian	xcomp	0.223214403258
Ukrainian	obl	0.636550964925
Ukrainian	obj	0.56590703449
Ukrainian	appos	5.10741880812e-10
Ukrainian	det	0.139825529533
Ukrainian	nmod	0.0588772863991
Ukrainian	amod	0.187132324044
Ukrainian	iobj	0.656321242015
Ukrainian	expl	0.479165624043
Ukrainian	fixed	1.44450073609e-09
Gothic	orphan	0.547230204148
Gothic	lifted_mark	0.0689121444482
Gothic	lifted_case	0.0194007998791
Gothic	csubj	0.184907400426
Gothic	conj	0.00603839764221
Gothic	acl	0.330602510381
Gothic	vocative	0.574402231875
Gothic	mark	1.94206803734e-07
Gothic	case	6.83976429677e-08
Gothic	discourse	0.601679754917
Gothic	advcl	0.688747616214
Gothic	aux	0.11806415868
Gothic	parataxis	0.639858013943
Gothic	flat	0.123384978483
Gothic	nsubj	0.64104247072
Gothic	nummod	0.573056917165
Gothic	advmod	0.475264240674
Gothic	lifted_cc	0.691873994003
Gothic	ccomp	0.154076103717
Gothic	xcomp	0.69234696709
Gothic	obl	0.586778593497
Gothic	obj	0.666062294967
Gothic	dep	0.636514169065
Gothic	appos	0.283872938079
Gothic	det	0.505882010162
Gothic	nmod	0.303603356262
Gothic	amod	0.689441446395
Gothic	iobj	0.535691026517
Gothic	fixed	1.00569139029e-07
Hebrew	cc	0.0574179234909
Hebrew	lifted_mark	5.67057357206e-11
Hebrew	lifted_case	0.0527178347824
Hebrew	csubj	0.636514168487
Hebrew	lifted_cop	0.596156720546
Hebrew	conj	0.00187656854217
Hebrew	acl	8.38175756402e-11
Hebrew	case	5.20174375093e-08
Hebrew	advcl	0.580766196611
Hebrew	dislocated	1.47524872227e-08
Hebrew	aux	0.263645143106
Hebrew	parataxis	0.692034272094
Hebrew	flat	1.14545051784e-10
Hebrew	nsubj	0.599850318082
Hebrew	nummod	0.540062637167
Hebrew	advmod	0.668381154546
Hebrew	punct	0.546262289749
Hebrew	compound	3.55737482164e-11
Hebrew	obj	0.146760947273
Hebrew	ccomp	0.0767889749843
Hebrew	goeswith	1.00569139029e-07
Hebrew	xcomp	0.0277207070521
Hebrew	obl	0.546185217455
Hebrew	lifted_cc	0.028786987349
Hebrew	dep	0.520116147936
Hebrew	appos	0.0216543296792
Hebrew	det	0.000643116553677
Hebrew	nmod	0.125710070112
Hebrew	amod	4.07751234079e-11
Hebrew	iobj	0.212799076851
Hebrew	fixed	2.89510669718e-10
Hungarian	list	1.57569563432e-08
Hungarian	orphan	0.48257756532
Hungarian	ccomp	0.377418290462
Hungarian	lifted_case	0.0222458037585
Hungarian	csubj	0.334532427771
Hungarian	lifted_cop	0.525321319572
Hungarian	conj	0.196559204985
Hungarian	acl	0.0825649381963
Hungarian	vocative	1.94206803734e-07
Hungarian	discourse	1.94206803734e-07
Hungarian	advcl	0.623787335982
Hungarian	dislocated	1.9420680218e-07
Hungarian	aux	0.691761498855
Hungarian	parataxis	0.61245451125
Hungarian	flat	0.485342976316
Hungarian	nsubj	0.55107992809
Hungarian	nummod	0.0249819411886
Hungarian	advmod	0.343103039971
Hungarian	punct	0.619503646962
Hungarian	compound	0.651756561176
Hungarian	lifted_cc	0.514291154928
Hungarian	lifted_mark	0.0930914969601
Hungarian	goeswith	6.83976423187e-08
Hungarian	xcomp	0.309030141123
Hungarian	obl	0.430815090927
Hungarian	obj	0.684793052176
Hungarian	dep	1.94206803734e-07
Hungarian	appos	0.458846842491
Hungarian	det	0.004305082033
Hungarian	nmod	0.445882164888
Hungarian	amod	0.0353803230887
Hungarian	iobj	0.682014817604
Latin	cc	0.661563238318
Latin	orphan	0.31288919836
Latin	ccomp	0.535173688946
Latin	lifted_case	0.171115686197
Latin	csubj	0.55023126023
Latin	lifted_cop	0.689463770344
Latin	conj	0.00639856322952
Latin	acl	0.238178234008
Latin	vocative	0.583415000999
Latin	mark	6.83976429677e-08
Latin	case	1.00569138674e-07
Latin	discourse	0.533212836342
Latin	advcl	0.690907391596
Latin	aux	0.482995773164
Latin	parataxis	0.520117854895
Latin	flat	0.210489280387
Latin	nsubj	0.526509543568
Latin	nummod	0.641793433543
Latin	advmod	0.427524982483
Latin	punct	0.669781406595
Latin	compound	0.598269588866
Latin	lifted_cc	0.614395384016
Latin	lifted_mark	0.0621980128202
Latin	xcomp	0.651495682129
Latin	obl	0.691687357791
Latin	obj	0.692884961408
Latin	dep	0.183638847797
Latin	appos	0.271838419938
Latin	det	0.623035255801
Latin	nmod	0.659455501676
Latin	amod	0.690387558481
Latin	iobj	0.677838701826
Latin	expl	0.193159188756
Latin	fixed	0.107319245836
Persian	ccomp	0.018634122922
Persian	lifted_case	0.398639606725
Persian	lifted_cop	0.0221698683731
Persian	conj	0.00712628808028
Persian	amod	0.244452322171
Persian	vocative	0.589002605039
Persian	advcl	0.497180363874
Persian	dislocated	0.148042247356
Persian	aux	0.687944955918
Persian	parataxis	0.291828222326
Persian	flat	0.00293772684847
Persian	nsubj	0.0570984090346
Persian	nummod	0.375630191609
Persian	advmod	0.174380434723
Persian	punct	0.64932507982
Persian	compound	0.0289315101319
Persian	lifted_cc	0.0771735609113
Persian	lifted_mark	0.0101287127736
Persian	xcomp	0.206192050695
Persian	obl	0.106669888452
Persian	obj	0.0889034767558
Persian	dep	0.537748169548
Persian	appos	0.101264817637
Persian	det	7.55005296213e-11
Persian	nmod	0.368607318595
Persian	acl	0.0116652140493
Persian	fixed	1.7420146654e-10
Bulgarian	orphan	6.83976423187e-08
Bulgarian	ccomp	0.236159069647
Bulgarian	lifted_case	0.0876200193099
Bulgarian	csubj	0.477142033058
Bulgarian	lifted_cop	0.629172420626
Bulgarian	conj	0.0019006973145
Bulgarian	acl	0.0579734826107
Bulgarian	vocative	0.691658838721
Bulgarian	discourse	0.693100654265
Bulgarian	advcl	0.644779580844
Bulgarian	aux	0.102966660472
Bulgarian	parataxis	0.125574980507
Bulgarian	flat	1.71621268952e-10
Bulgarian	nsubj	0.547537459824
Bulgarian	nummod	0.275818016775
Bulgarian	advmod	0.489002895802
Bulgarian	punct	0.665642926619
Bulgarian	compound	1.00569139029e-07
Bulgarian	lifted_cc	0.0278316864686
Bulgarian	lifted_mark	1.61657476092e-10
Bulgarian	goeswith	1.9420680218e-07
Bulgarian	xcomp	0.0556753847606
Bulgarian	obl	0.637730483176
Bulgarian	obj	0.485672593102
Bulgarian	appos	0.317936780843
Bulgarian	det	0.681342466207
Bulgarian	nmod	0.0787758343116
Bulgarian	amod	0.151611575393
Bulgarian	iobj	0.48755480232
Bulgarian	expl	0.393896021495
Bulgarian	fixed	3.95502410752e-10
Romanian	list	2.40198966963e-08
Romanian	orphan	0.690467808705
Romanian	reparandum	1.9420680218e-07
Romanian	ccomp	0.0519047837681
Romanian	lifted_case	0.116628951126
Romanian	csubj	0.31649845221
Romanian	lifted_cop	0.584761733777
Romanian	conj	0.00116167839765
Romanian	acl	0.0382602203151
Romanian	vocative	0.690987812406
Romanian	mark	0.63651416868
Romanian	case	0.422709088413
Romanian	discourse	0.505065968148
Romanian	advcl	0.587115813144
Romanian	aux	0.0485222999191
Romanian	parataxis	0.66790198328
Romanian	flat	0.0161247029456
Romanian	nsubj	0.492094827534
Romanian	nummod	0.690317606135
Romanian	advmod	0.558077043366
Romanian	punct	0.665803555199
Romanian	compound	0.380181946697
Romanian	obj	0.456721102893
Romanian	lifted_mark	0.0295880551572
Romanian	goeswith	0.0908761214728
Romanian	xcomp	0.331127719753
Romanian	obl	0.515725132162
Romanian	lifted_cc	0.113763238719
Romanian	dep	0.366924991878
Romanian	appos	0.0631246552873
Romanian	det	0.356243460146
Romanian	nmod	0.120156079869
Romanian	amod	0.370904139318
Romanian	iobj	0.678375204776
Romanian	expl	0.211211543557
Romanian	fixed	0.0177249253058
Indonesian	ccomp	0.208661177488
Indonesian	lifted_case	0.160726013272
Indonesian	csubj	6.94460247742e-09
Indonesian	lifted_cop	0.253288159619
Indonesian	conj	0.00403560969405
Indonesian	amod	0.349667805526
Indonesian	advcl	0.517182252016
Indonesian	aux	6.83976429677e-08
Indonesian	parataxis	0.366707776452
Indonesian	flat	2.77740473864e-11
Indonesian	nsubj	0.0872489990803
Indonesian	nummod	0.681810213702
Indonesian	advmod	0.361536020246
Indonesian	punct	0.561891695545
Indonesian	compound	0.100182037678
Indonesian	lifted_cc	0.236789427359
Indonesian	lifted_mark	0.115742149398
Indonesian	xcomp	0.323837814498
Indonesian	obl	0.485984838394
Indonesian	obj	0.21507135327
Indonesian	dep	0.313643912707
Indonesian	appos	0.0835398289331
Indonesian	det	0.689430417187
Indonesian	nmod	0.134880218495
Indonesian	acl	0.0947552164722
Indonesian	iobj	0.206192051994
Indonesian	fixed	4.65389958129e-10
Greek	cc	3.05237011394e-08
Greek	orphan	0.36692499134
Greek	lifted_mark	0.0432222618167
Greek	lifted_case	0.0468704023274
Greek	csubj	0.0840182470123
Greek	lifted_cop	0.658109987546
Greek	conj	0.00475691315385
Greek	acl	0.204144162026
Greek	vocative	0.509079299241
Greek	discourse	0.450561210655
Greek	advcl	0.561088954671
Greek	aux	0.0251440699428
Greek	parataxis	0.500402423705
Greek	nsubj	0.581651914368
Greek	nummod	0.189208980609
Greek	advmod	0.659498008446
Greek	punct	0.680420142095
Greek	compound	0.0748759738197
Greek	obj	0.449071666844
Greek	ccomp	0.149403179348
Greek	xcomp	0.11130242476
Greek	obl	0.547869288298
Greek	lifted_cc	0.124822763735
Greek	dep	0.376770162169
Greek	appos	0.0562323178023
Greek	det	0.0853568507043
Greek	nmod	0.323906777474
Greek	amod	0.15190823037
Greek	iobj	0.418419855159
Greek	expl	1.57569557735e-08
Greek	fixed	4.57892405744e-09
Turkish	cc	1.00569138674e-07
Turkish	ccomp	0.139060799461
Turkish	lifted_case	0.229807069972
Turkish	csubj	3.05237011394e-08
Turkish	lifted_cop	0.0504615380028
Turkish	conj	0.50486338104
Turkish	amod	0.109063581523
Turkish	discourse	0.68088998727
Turkish	aux	1.5218702845e-09
Turkish	parataxis	0.376770163081
Turkish	flat	0.0594977281489
Turkish	nsubj	0.286318667917
Turkish	nummod	0.0454677977689
Turkish	advmod	0.658704327369
Turkish	punct	0.635112224873
Turkish	compound	0.205558770573
Turkish	lifted_cc	0.323850288758
Turkish	lifted_mark	0.148042247356
Turkish	obl	0.217705645417
Turkish	obj	0.187834486257
Turkish	appos	0.641317327396
Turkish	det	0.0390453823247
Turkish	nmod	0.110812740801
Turkish	acl	0.0356747306283
Turkish	fixed	6.7491297533e-09
Slovak	cc	6.83976429677e-08
Slovak	orphan	2.19283206863e-09
Slovak	ccomp	0.6896536349
Slovak	lifted_case	0.0272167534659
Slovak	csubj	0.284090094512
Slovak	lifted_cop	0.539582289845
Slovak	conj	7.82843920603e-11
Slovak	acl	0.03702483308
Slovak	vocative	0.605797499478
Slovak	discourse	0.474139313275
Slovak	advcl	0.674256823035
Slovak	aux	0.679594325982
Slovak	parataxis	0.664947202905
Slovak	flat	0.664831809381
Slovak	nsubj	0.630606612911
Slovak	nummod	0.689073066789
Slovak	advmod	0.472387114317
Slovak	punct	0.621339312153
Slovak	compound	4.2060237102e-08
Slovak	lifted_cc	0.0703507008705
Slovak	lifted_mark	0.00481891222117
Slovak	xcomp	0.243795552812
Slovak	obl	0.668689578752
Slovak	obj	0.642748670607
Slovak	dep	0.617570850239
Slovak	appos	1.11335851847e-09
Slovak	det	0.100071549312
Slovak	nmod	0.419483369308
Slovak	amod	0.177049497959
Slovak	iobj	0.692661583251
Slovak	expl	0.615418800218
Slovak	fixed	1.50395305017e-09
Belarusian	list	1.00569139029e-07
Belarusian	orphan	0.651756561293
Belarusian	lifted_mark	0.127852289198
Belarusian	lifted_case	0.0492127197503
Belarusian	csubj	3.05237001288e-08
Belarusian	lifted_cop	0.53595988952
Belarusian	conj	7.99151347931e-10
Belarusian	acl	0.320279972426
Belarusian	discourse	6.83976429677e-08
Belarusian	advcl	0.692954934484
Belarusian	aux	0.389377236656
Belarusian	parataxis	0.674615937465
Belarusian	flat	1.59811276419e-09
Belarusian	nsubj	0.560034773417
Belarusian	nummod	0.0935999636045
Belarusian	advmod	0.375089248524
Belarusian	punct	0.689926586487
Belarusian	compound	1.17711156116e-08
Belarusian	obj	0.466319300674
Belarusian	ccomp	0.636514168327
Belarusian	goeswith	1.9420680218e-07
Belarusian	xcomp	0.0610470385272
Belarusian	obl	0.679312323728
Belarusian	lifted_cc	0.033307112796
Belarusian	appos	0.121692403578
Belarusian	det	0.0957632938181
Belarusian	nmod	0.0731154598874
Belarusian	amod	0.0303346320593
Belarusian	iobj	0.692461152612
Belarusian	fixed	2.77616414505e-09
Galician	list	6.83976423187e-08
Galician	orphan	1.9420680218e-07
Galician	lifted_mark	0.0302129656983
Galician	lifted_case	0.244320477377
Galician	csubj	0.419483369762
Galician	lifted_cop	0.5176743173
Galician	conj	0.0880951443463
Galician	acl	0.0874443966809
Galician	vocative	1.94206803734e-07
Galician	case	0.440852432428
Galician	discourse	0.562335145992
Galician	advcl	0.429900266073
Galician	aux	0.100142277084
Galician	parataxis	0.376770161621
Galician	flat	7.36398009078e-10
Galician	nsubj	0.459959373093
Galician	nummod	0.663725497478
Galician	advmod	0.542775504582
Galician	punct	0.627899366924
Galician	compound	2.17232675511e-08
Galician	obj	0.485634438253
Galician	ccomp	0.157843618665
Galician	xcomp	0.11591442621
Galician	obl	0.541567561838
Galician	lifted_cc	0.507491615412
Galician	dep	0.371344067105
Galician	appos	5.77739050682e-09
Galician	det	0.075806176151
Galician	nmod	0.0700578575724
Galician	amod	0.507429962221
Galician	iobj	0.6737764269
Galician	expl	0.691374591005
Galician	fixed	1.49515670782e-09
Italian	cc	1.9420680218e-07
Italian	list	2.31394701619e-09
Italian	orphan	0.543787229305
Italian	reparandum	1.9420680218e-07
Italian	lifted_mark	3.31333275558e-11
Italian	lifted_case	0.0556308068534
Italian	csubj	0.517598374112
Italian	lifted_cop	0.613561670509
Italian	conj	0.00567144423304
Italian	amod	0.628546495811
Italian	vocative	0.525006385696
Italian	case	0.69314718056
Italian	discourse	0.67045416411
Italian	advcl	0.590798297322
Italian	dislocated	0.537544412568
Italian	aux	0.0153996264563
Italian	parataxis	0.430051038243
Italian	flat	0.00158162017895
Italian	nsubj	0.535552447715
Italian	nummod	0.656998358715
Italian	advmod	0.513812137104
Italian	punct	0.501352741533
Italian	compound	2.55662046702e-10
Italian	lifted_cc	0.0276645574602
Italian	ccomp	0.0694460737406
Italian	goeswith	0.184907400426
Italian	xcomp	0.0537147408739
Italian	obl	0.54644125125
Italian	obj	0.386505973234
Italian	dep	0.450747567576
Italian	appos	2.21631017008e-10
Italian	det	0.0141346512448
Italian	nmod	0.114918327663
Italian	acl	0.0720438731721
Italian	iobj	0.55249137003
Italian	expl	0.454224708879
Italian	fixed	0.00679600279898
Lithuanian	list	1.00569139029e-07
Lithuanian	orphan	0.636514169065
Lithuanian	lifted_mark	2.15528333117e-09
Lithuanian	lifted_case	0.0648962225267
Lithuanian	csubj	0.63651416868
Lithuanian	lifted_cop	0.643491553051
Lithuanian	conj	0.0216661849717
Lithuanian	acl	0.398307114009
Lithuanian	vocative	1.9420680218e-07
Lithuanian	discourse	1.94206803734e-07
Lithuanian	advcl	0.64798796543
Lithuanian	aux	0.142505868419
Lithuanian	parataxis	0.688542623438
Lithuanian	flat	5.64250101231e-09
Lithuanian	nsubj	0.569448101695
Lithuanian	nummod	2.17232657687e-08
Lithuanian	advmod	0.206192050718
Lithuanian	punct	0.685115947507
Lithuanian	compound	5.20174375093e-08
Lithuanian	obj	0.662756158851
Lithuanian	ccomp	0.376770161621
Lithuanian	xcomp	0.119246926839
Lithuanian	obl	0.691734580354
Lithuanian	lifted_cc	0.0656438678238
Lithuanian	appos	6.94460417232e-09
Lithuanian	det	1.97015167572e-09
Lithuanian	nmod	0.501412653799
Lithuanian	amod	0.118064158387
Lithuanian	iobj	0.600768415109
Lithuanian	fixed	3.04838040753e-09
Polish	lifted_mark	0.0693818439927
Polish	lifted_case	0.227038250202
Polish	csubj	0.562335145992
Polish	lifted_cop	0.585528050333
Polish	conj	1.14824207138e-10
Polish	acl	7.1247340669e-10
Polish	case	1.9420680218e-07
Polish	advcl	0.654599321583
Polish	aux	0.668829887239
Polish	flat	6.83976423187e-08
Polish	nsubj	0.602434701538
Polish	nummod	0.307035559348
Polish	advmod	0.520105114341
Polish	punct	0.610015276656
Polish	lifted_cc	1.7720022609e-10
Polish	ccomp	0.0571764775133
Polish	xcomp	0.11336498691
Polish	obl	0.63581349794
Polish	obj	0.486059293664
Polish	appos	7.22247323979e-10
Polish	det	0.246696687718
Polish	nmod	0.289572043697
Polish	amod	0.64972115194
Polish	iobj	0.449025140589
Polish	expl	0.517448472921
Polish	fixed	7.8579234947e-09
Vietnamese	list	3.05237001288e-08
Vietnamese	ccomp	0.0981256817969
Vietnamese	lifted_case	0.160291371001
Vietnamese	csubj	3.20604672413e-09
Vietnamese	lifted_cop	0.0421645773218
Vietnamese	conj	0.00710027880574
Vietnamese	vocative	0.673011667171
Vietnamese	discourse	0.6912114517
Vietnamese	advcl	0.628453704503
Vietnamese	aux	0.372241113407
Vietnamese	parataxis	0.381065614179
Vietnamese	case	0.636514169065
Vietnamese	nsubj	0.0820842233279
Vietnamese	nummod	0.502426927518
Vietnamese	advmod	0.557004976843
Vietnamese	punct	0.594786342983
Vietnamese	compound	0.574255365477
Vietnamese	obj	0.174588927868
Vietnamese	lifted_mark	0.406820961388
Vietnamese	xcomp	0.112817561461
Vietnamese	obl	0.668761202706
Vietnamese	lifted_cc	0.537771464933
Vietnamese	dep	0.685929800255
Vietnamese	appos	0.0935999639632
Vietnamese	det	0.693121851386
Vietnamese	nmod	0.206540814802
Vietnamese	amod	0.374300334551
Vietnamese	iobj	6.74912917228e-09
Korean	cc	5.20174375093e-08
Korean	ccomp	0.00552314217146
Korean	lifted_case	0.0375344779965
Korean	csubj	0.0129444038487
Korean	lifted_cop	0.0473264955701
Korean	conj	0.148776463349
Korean	acl	0.00418518120452
Korean	vocative	0.410116319203
Korean	mark	6.83976429677e-08
Korean	discourse	0.680999143276
Korean	advcl	0.0218423895518
Korean	dislocated	0.00153034359959
Korean	aux	0.00396908975879
Korean	flat	2.55440200371e-11
Korean	nsubj	0.0264645433206
Korean	nummod	0.149262549941
Korean	advmod	0.0747258121363
Korean	punct	0.265234256097
Korean	compound	0.000919675939727
Korean	lifted_cc	0.0506120053001
Korean	lifted_mark	0.621989683616
Korean	xcomp	7.14399099742e-11
Korean	obl	0.01147204625
Korean	obj	0.0333361975186
Korean	dep	0.280988134042
Korean	appos	0.493370876412
Korean	det	0.0349703596423
Korean	nmod	0.021127917075
Korean	amod	0.0146252239028
Korean	iobj	0.00778497440686
Korean	fixed	9.06370586821e-11
Tamil	ccomp	0.0492127200831
Tamil	lifted_case	1.20138629307e-09
Tamil	csubj	2.68751527877e-08
Tamil	lifted_cop	1.94206803734e-07
Tamil	conj	1.31827905691e-09
Tamil	acl	0.602440263641
Tamil	mark	1.94206803734e-07
Tamil	advcl	0.104433545042
Tamil	aux	0.0277783582889
Tamil	parataxis	1.00569139029e-07
Tamil	nsubj	0.123692687816
Tamil	nummod	0.0385544863606
Tamil	advmod	0.646837624482
Tamil	punct	0.657157761499
Tamil	compound	0.410116319203
Tamil	lifted_cc	0.69156826582
Tamil	lifted_mark	0.0538017455106
Tamil	xcomp	9.41613943319e-09
Tamil	obl	0.0192614396113
Tamil	obj	0.0373024018048
Tamil	appos	3.05237001288e-08
Tamil	det	2.77616607828e-09
Tamil	nmod	0.0496130806999
Tamil	amod	0.0245087374116
Tamil	iobj	8.72260659568e-09
Irish	list	3.53540675639e-08
Irish	lifted_mark	0.1231900372
Irish	lifted_case	0.0411753294897
Irish	csubj	2.49843816035e-09
Irish	lifted_cop	0.365023134308
Irish	conj	0.0155877211401
Irish	acl	9.46842599263e-10
Irish	vocative	0.610864302394
Irish	mark	1.9420680218e-07
Irish	advcl	0.422189394519
Irish	parataxis	1.57569563432e-08
Irish	flat	2.31394701619e-09
Irish	nsubj	0.388529279509
Irish	nummod	0.649795101685
Irish	advmod	0.634814342681
Irish	punct	0.69136144731
Irish	compound	0.200574691963
Irish	obj	0.684756233784
Irish	ccomp	0.222849672182
Irish	xcomp	0.112779761081
Irish	obl	0.385965754298
Irish	lifted_cc	0.0171814724058
Irish	appos	3.57732064706e-09
Irish	det	0.487766428435
Irish	nmod	0.456370571646
Irish	amod	0.132944003869
Irish	fixed	1.68258250311e-09
Marathi	orphan	1.9420680218e-07
Marathi	ccomp	0.625491359852
Marathi	lifted_case	0.21397793978
Marathi	csubj	1.94206803734e-07
Marathi	lifted_cop	0.33649575788
Marathi	conj	2.62983674696e-09
Marathi	amod	2.97533843198e-09
Marathi	vocative	0.511740073742
Marathi	discourse	0.61724176979
Marathi	advcl	0.0538017457276
Marathi	dislocated	0.682908104759
Marathi	aux	0.210882648739
Marathi	parataxis	3.52617237145e-09
Marathi	flat	3.05237001288e-08
Marathi	nsubj	0.0996233895504
Marathi	nummod	7.85792297623e-09
Marathi	advmod	0.251644625911
Marathi	punct	0.4198836883
Marathi	compound	0.676083137944
Marathi	lifted_cc	0.0815104115846
Marathi	lifted_mark	0.551079928327
Marathi	goeswith	1.9420680218e-07
Marathi	xcomp	0.348832096742
Marathi	obl	0.118652306094
Marathi	obj	0.140026268995
Marathi	appos	1.00569139029e-07
Marathi	det	2.21211276697e-09
Marathi	nmod	0.0426681165614
Marathi	acl	1.82546560914e-08
Marathi	iobj	0.250954805131
Marathi	fixed	5.20174374586e-08
Afrikaans	ccomp	0.131601480751
Afrikaans	lifted_case	0.201202623621
Afrikaans	csubj	0.69314718056
Afrikaans	lifted_cop	0.68767396751
Afrikaans	conj	0.0447760333773
Afrikaans	case	4.2060237102e-08
Afrikaans	aux	0.688713775712
Afrikaans	flat	0.356725723197
Afrikaans	nsubj	0.106017637728
Afrikaans	nummod	7.04846893293e-10
Afrikaans	advmod	0.640151205666
Afrikaans	punct	0.276904322872
Afrikaans	compound	0.668339701935
Afrikaans	obj	0.564383134897
Afrikaans	lifted_mark	0.252884252191
Afrikaans	xcomp	0.250954804454
Afrikaans	cop	0.562335145305
Afrikaans	obl	0.69285487472
Afrikaans	lifted_cc	0.189300956937
Afrikaans	dep	0.196529896004
Afrikaans	appos	4.41339216745e-09
Afrikaans	det	0.00688872318376
Afrikaans	nmod	0.302605951781
Afrikaans	amod	0.600633065468
Afrikaans	iobj	0.680292000202
Telugu	list	1.00569138674e-07
Telugu	orphan	0.562335145992
Telugu	lifted_mark	0.160680562606
Telugu	lifted_case	4.6665407647e-09
Telugu	csubj	1.17711156116e-08
Telugu	conj	4.95124162295e-09
Telugu	acl	0.15841057069
Telugu	vocative	1.69120231519e-08
Telugu	discourse	0.529706199315
Telugu	advcl	0.0469051489642
Telugu	dislocated	1.94206803734e-07
Telugu	parataxis	0.666278442456
Telugu	flat	0.474139313928
Telugu	nsubj	0.050522722377
Telugu	nummod	0.178844913126
Telugu	advmod	0.183041358015
Telugu	punct	0.268371528961
Telugu	compound	1.35300479733e-09
Telugu	lifted_cc	0.68290810473
Telugu	ccomp	0.154076104035
Telugu	xcomp	0.63651416868
Telugu	obl	0.0718997361074
Telugu	obj	0.0300324218633
Telugu	dep	1.9420680218e-07
Telugu	det	0.178844912921
Telugu	nmod	0.162430812618
Telugu	amod	0.0766488013763
Telugu	iobj	6.94460247742e-09
Coptic	orphan	6.83976423187e-08
Coptic	lifted_mark	3.13152025408e-10
Coptic	lifted_case	0.122597402344
Coptic	csubj	1.17711175727e-08
Coptic	lifted_cop	3.52617511703e-09
Coptic	conj	0.228004577868
Coptic	amod	3.53540675639e-08
Coptic	vocative	0.69314718056
Coptic	discourse	0.598269589146
Coptic	advcl	0.597311457895
Coptic	dislocated	0.659711615188
Coptic	aux	4.16296434951e-10
Coptic	parataxis	0.0546588240583
Coptic	flat	5.20174374586e-08
Coptic	nsubj	0.330937801283
Coptic	nummod	5.20174375093e-08
Coptic	advmod	0.615803186297
Coptic	punct	0.206192050686
Coptic	lifted_cc	0.114422021533
Coptic	ccomp	1.54957467125e-09
Coptic	xcomp	2.21211129266e-09
Coptic	obl	0.20430504619
Coptic	obj	5.54318597854e-10
Coptic	dep	0.682908104759
Coptic	appos	4.49460159625e-09
Coptic	det	0.286506659304
Coptic	nmod	0.0349602417873
Coptic	acl	0.0625647144381
Coptic	iobj	1.38707945121e-08
Coptic	fixed	6.06796597048e-09
Ancient_Greek	cc	1.00569139029e-07
Ancient_Greek	orphan	0.630763347583
Ancient_Greek	lifted_mark	0.0417924274915
Ancient_Greek	lifted_case	0.17876928938
Ancient_Greek	csubj	0.503445261509
Ancient_Greek	lifted_cop	0.675186862739
Ancient_Greek	conj	0.00420869834238
Ancient_Greek	acl	0.386042564209
Ancient_Greek	vocative	0.587362016578
Ancient_Greek	case	1.17711156116e-08
Ancient_Greek	discourse	0.52180534036
Ancient_Greek	advcl	0.68787967903
Ancient_Greek	aux	0.67060299052
Ancient_Greek	parataxis	0.641317327357
Ancient_Greek	flat	0.0502789440172
Ancient_Greek	nsubj	0.630867059486
Ancient_Greek	nummod	0.624133582877
Ancient_Greek	advmod	0.534898588775
Ancient_Greek	punct	0.43125641429
Ancient_Greek	obj	0.692109379972
Ancient_Greek	ccomp	0.276208343501
Ancient_Greek	xcomp	0.637341750605
Ancient_Greek	cop	1.9420680218e-07
Ancient_Greek	obl	0.682435386541
Ancient_Greek	lifted_cc	0.639581165738
Ancient_Greek	dep	0.562335145992
Ancient_Greek	appos	0.245125685805
Ancient_Greek	det	0.360833481769
Ancient_Greek	nmod	0.686642045036
Ancient_Greek	amod	0.688237434633
Ancient_Greek	iobj	0.663624605475
Ancient_Greek	fixed	0.426461500044
Old_Church_Slavonic	orphan	0.497340486278
Old_Church_Slavonic	ccomp	0.0822454648244
Old_Church_Slavonic	lifted_case	0.0839604286296
Old_Church_Slavonic	csubj	2.40198966963e-08
Old_Church_Slavonic	conj	0.0131652310911
Old_Church_Slavonic	acl	0.364024998358
Old_Church_Slavonic	vocative	0.482779811932
Old_Church_Slavonic	discourse	0.609006567842
Old_Church_Slavonic	advcl	0.691435586143
Old_Church_Slavonic	aux	0.348245274011
Old_Church_Slavonic	parataxis	0.690923309315
Old_Church_Slavonic	flat	1.5218702845e-09
Old_Church_Slavonic	nsubj	0.661916297709
Old_Church_Slavonic	nummod	0.652304673727
Old_Church_Slavonic	advmod	0.492540112484
Old_Church_Slavonic	obj	0.627039988185
Old_Church_Slavonic	lifted_mark	0.078685275361
Old_Church_Slavonic	xcomp	0.662572359574
Old_Church_Slavonic	obl	0.577280708417
Old_Church_Slavonic	lifted_cc	0.688196153748
Old_Church_Slavonic	dep	0.641471846404
Old_Church_Slavonic	appos	0.33531471797
Old_Church_Slavonic	det	0.676391729743
Old_Church_Slavonic	nmod	0.2599252649
Old_Church_Slavonic	amod	0.499710227068
Old_Church_Slavonic	iobj	0.388865486
Old_Church_Slavonic	fixed	1.94206803734e-07
