Language	Model	Type	BigramCE
Afrikaans	1120050	manual_output_funchead_RANDOM	6.13485734257
Afrikaans	1253453	manual_output_funchead_RANDOM2	6.12550411126
Afrikaans	1658885477	manual_output_funchead_two_coarse_lambda09_best_large	6.05246781698
Afrikaans	2527064	manual_output_funchead_RANDOM2	6.16870797492
Afrikaans	2691885	manual_output_funchead_RANDOM2	6.17212572146
Afrikaans	2869394950	manual_output_funchead_two_coarse_lambda09_best_large	5.99192688421
Afrikaans	3132100	manual_output_funchead_RANDOM2	6.06909297844
Afrikaans	3679528	manual_output_funchead_RANDOM2	6.12424605562
Afrikaans	371439	manual_output_funchead_RANDOM	6.12582733733
Afrikaans	4329895	manual_output_funchead_RANDOM	6.06475919344
Afrikaans	4448951	manual_output_funchead_RANDOM2	6.13736513067
Afrikaans	5099457	manual_output_funchead_RANDOM	6.10779142864
Afrikaans	5112822742	manual_output_funchead_two_coarse_parser_best_balanced	6.01584120175
Afrikaans	5140435	manual_output_funchead_ground_coarse_final	6.04531185614
Afrikaans	528344	manual_output_funchead_RANDOM	6.12753861456
Afrikaans	5858407	manual_output_funchead_RANDOM	6.14453115325
Afrikaans	5865625	manual_output_funchead_coarse_depl	6.03384044145
Afrikaans	6256931	manual_output_funchead_RANDOM	6.21676123301
Afrikaans	7910984	manual_output_funchead_RANDOM2	6.15853587153
Afrikaans	8017977	manual_output_funchead_RANDOM	6.12203467506
Afrikaans	8369645	manual_output_funchead_RANDOM	6.12267047127
Afrikaans	8495320	manual_output_funchead_RANDOM2	6.11338634553
Afrikaans	852052707	manual_output_funchead_langmod_coarse_best_balanced	6.02872792334
Afrikaans	9425921	manual_output_funchead_RANDOM2	6.16119892634
Afrikaans	9473101	manual_output_funchead_RANDOM2	6.1471807573
Afrikaans	9682095	manual_output_funchead_RANDOM2	6.10203324034
Afrikaans	986758	manual_output_funchead_RANDOM	6.11384670376
Ancient_Greek	1196562	manual_output_funchead_two_coarse_parser_best_balanced	7.04879658922
Ancient_Greek	1844718	manual_output_funchead_RANDOM2	7.07021795919
Ancient_Greek	1878067553	manual_output_funchead_langmod_coarse_best_balanced	6.92223626255
Ancient_Greek	2456213	manual_output_funchead_RANDOM2	7.0435386459
Ancient_Greek	2464717213	manual_output_funchead_two_coarse_lambda09_best_large	6.94440345269
Ancient_Greek	3091780	manual_output_funchead_RANDOM2	7.04054161748
Ancient_Greek	3220102	manual_output_funchead_RANDOM	6.98433127225
Ancient_Greek	3246592	manual_output_funchead_RANDOM	7.05342344469
Ancient_Greek	3526078	manual_output_funchead_RANDOM2	7.05153919347
Ancient_Greek	3647766	manual_output_funchead_RANDOM	7.07700707466
Ancient_Greek	4903625	manual_output_funchead_ground_coarse_final	6.98605570293
Ancient_Greek	5028464	manual_output_funchead_RANDOM	7.03212264209
Ancient_Greek	515705	manual_output_funchead_RANDOM2	7.05880625869
Ancient_Greek	5243666	manual_output_funchead_RANDOM2	6.97880047529
Ancient_Greek	542477161	manual_output_funchead_two_coarse_lambda09_best_large	7.06862748408
Ancient_Greek	6081210	manual_output_funchead_coarse_depl	6.91287997297
Ancient_Greek	6207048	manual_output_funchead_RANDOM	7.07241428171
Ancient_Greek	663595	manual_output_funchead_RANDOM	7.05504363345
Ancient_Greek	6773295	manual_output_funchead_RANDOM	7.11318363618
Ancient_Greek	6909776	manual_output_funchead_RANDOM	7.02832755815
Ancient_Greek	7540142	manual_output_funchead_RANDOM2	6.99158697299
Ancient_Greek	7980612	manual_output_funchead_RANDOM	7.04631821943
Ancient_Greek	8050679	manual_output_funchead_RANDOM	7.01205179969
Ancient_Greek	8077600	manual_output_funchead_RANDOM2	7.0737392744
Ancient_Greek	8916365	manual_output_funchead_RANDOM2	7.10789487718
Ancient_Greek	916483	manual_output_funchead_RANDOM2	6.99167170125
Ancient_Greek	925566	manual_output_funchead_RANDOM2	7.00194317428
Ancient_Greek	9765128	manual_output_funchead_RANDOM	7.01184141674
Arabic	10024	manual_output_funchead_RANDOM	6.79626149086
Arabic	1046153	manual_output_funchead_RANDOM	6.80129186017
Arabic	1377450	manual_output_funchead_ground_coarse_final	6.60067690953
Arabic	1640369	manual_output_funchead_RANDOM	6.87215552102
Arabic	2023383	manual_output_funchead_RANDOM	6.80011622824
Arabic	2023400	manual_output_funchead_RANDOM2	6.7995897689
Arabic	2365913	manual_output_funchead_RANDOM2	6.83661951516
Arabic	2529055	manual_output_funchead_RANDOM	6.86001985278
Arabic	3552718	manual_output_funchead_RANDOM2	6.85583900246
Arabic	3738591	manual_output_funchead_RANDOM	6.81317717583
Arabic	4398950641	manual_output_funchead_langmod_coarse_best_balanced	6.63995397592
Arabic	5289009	manual_output_funchead_RANDOM2	6.93208729598
Arabic	5414533	manual_output_funchead_RANDOM	6.73882429899
Arabic	5432375	manual_output_funchead_RANDOM	6.89248158093
Arabic	5719297	manual_output_funchead_RANDOM2	6.79460518629
Arabic	5735612693	manual_output_funchead_two_coarse_parser_best_balanced	6.64513748985
Arabic	5744706	manual_output_funchead_RANDOM2	6.9338776049
Arabic	5958193	manual_output_funchead_RANDOM2	6.88035557194
Arabic	6427878818	manual_output_funchead_two_coarse_lambda09_best_large	6.72290996144
Arabic	7580853	manual_output_funchead_RANDOM2	6.87474404007
Arabic	7745385	manual_output_funchead_RANDOM2	6.85692783344
Arabic	7992087	manual_output_funchead_RANDOM2	6.87392207546
Arabic	8294234	manual_output_funchead_RANDOM2	6.90562198646
Arabic	8932075	manual_output_funchead_RANDOM	6.79012731283
Arabic	9293143	manual_output_funchead_RANDOM	6.91662637854
Arabic	9653698	manual_output_funchead_RANDOM	6.77142659799
Arabic	9657519	manual_output_funchead_coarse_depl	6.65363440158
Arabic	9788252482	manual_output_funchead_two_coarse_lambda09_best_large	6.65878837936
Basque	1598415	manual_output_funchead_RANDOM2	7.05454194763
Basque	1798476	manual_output_funchead_RANDOM	7.12371705592
Basque	2335118	manual_output_funchead_RANDOM	7.08486863556
Basque	2696464	manual_output_funchead_RANDOM	7.04382507455
Basque	2775660060	manual_output_funchead_langmod_coarse_best_balanced	6.93360416025
Basque	2867589	manual_output_funchead_RANDOM2	7.02284670369
Basque	3564781	manual_output_funchead_RANDOM	7.12003764579
Basque	4080716	manual_output_funchead_RANDOM	7.07892146538
Basque	4375487	manual_output_funchead_RANDOM2	7.16110398557
Basque	4453318	manual_output_funchead_RANDOM2	7.099962146
Basque	4634998	manual_output_funchead_RANDOM2	7.02167154115
Basque	4864314	manual_output_funchead_RANDOM	7.11123657686
Basque	5133517	manual_output_funchead_RANDOM	7.03725851629
Basque	515964	manual_output_funchead_RANDOM2	7.0831209799
Basque	5198479	manual_output_funchead_RANDOM2	7.14924040027
Basque	5315808	manual_output_funchead_RANDOM2	7.03709921722
Basque	5430429	manual_output_funchead_ground_coarse_final	6.87721178146
Basque	6105337	manual_output_funchead_RANDOM2	7.10167997043
Basque	6222458	manual_output_funchead_coarse_depl	6.94835018827
Basque	6490118	manual_output_funchead_RANDOM	7.12834886075
Basque	657083143	manual_output_funchead_two_coarse_lambda09_best_large	7.0245013418
Basque	6601537573	manual_output_funchead_two_coarse_lambda09_best_large	7.00911646849
Basque	6661	manual_output_funchead_RANDOM	7.06288545487
Basque	7075478	manual_output_funchead_RANDOM2	7.10964878326
Basque	7215572	manual_output_funchead_RANDOM2	7.11937721154
Basque	9026455	manual_output_funchead_RANDOM	7.12889441954
Basque	9663209710	manual_output_funchead_two_coarse_parser_best_balanced	7.06296213662
Belarusian	1452304414	manual_output_funchead_two_coarse_lambda09_best_large	7.35865009978
Belarusian	2522456	manual_output_funchead_RANDOM	7.30989132633
Belarusian	3293490198	manual_output_funchead_two_coarse_parser_best_balanced	7.27714718664
Belarusian	3464829	manual_output_funchead_RANDOM2	7.31609070678
Belarusian	3507643	manual_output_funchead_RANDOM2	7.36348641407
Belarusian	3533155	manual_output_funchead_RANDOM	7.27540119923
Belarusian	375025	manual_output_funchead_RANDOM2	7.32983635986
Belarusian	3886159	manual_output_funchead_RANDOM	7.36190175835
Belarusian	4306356	manual_output_funchead_ground_coarse_final	7.21702893717
Belarusian	4519708	manual_output_funchead_RANDOM	7.27523856548
Belarusian	4696596	manual_output_funchead_RANDOM	7.33644240915
Belarusian	4805333	manual_output_funchead_RANDOM2	7.28841704234
Belarusian	5285032	manual_output_funchead_RANDOM2	7.2980468622
Belarusian	5581260	manual_output_funchead_RANDOM2	7.30955075043
Belarusian	5961249	manual_output_funchead_RANDOM2	7.26609735659
Belarusian	6591467	manual_output_funchead_RANDOM	7.29469240529
Belarusian	6681396101	manual_output_funchead_langmod_coarse_best_balanced	7.3014318246
Belarusian	6993891	manual_output_funchead_RANDOM	7.31155575098
Belarusian	7359258414	manual_output_funchead_two_coarse_lambda09_best_large	7.18843652677
Belarusian	7910563	manual_output_funchead_RANDOM2	7.34551738045
Belarusian	8075466	manual_output_funchead_RANDOM2	7.17629570792
Belarusian	8271764	manual_output_funchead_coarse_depl	7.36306719848
Belarusian	8302616	manual_output_funchead_RANDOM	7.37614321815
Belarusian	8481338	manual_output_funchead_RANDOM2	7.40118056325
Belarusian	8574104	manual_output_funchead_RANDOM	7.34928361781
Belarusian	9094537	manual_output_funchead_RANDOM	7.34689054869
Belarusian	9228632	manual_output_funchead_RANDOM2	7.32649771939
Belarusian	9855562	manual_output_funchead_RANDOM	7.29341947172
Bulgarian	1034053658	manual_output_funchead_langmod_coarse_best_balanced	6.63633098066
Bulgarian	1170573905	manual_output_funchead_two_coarse_lambda09_best_large	6.58715019882
Bulgarian	1849770	manual_output_funchead_RANDOM	6.65306338942
Bulgarian	2190764	manual_output_funchead_RANDOM2	6.6474314043
Bulgarian	3052631	manual_output_funchead_coarse_depl	6.57434296007
Bulgarian	3291464	manual_output_funchead_RANDOM2	6.74164019818
Bulgarian	3755973	manual_output_funchead_RANDOM	6.64768673792
Bulgarian	4754721	manual_output_funchead_two_coarse_parser_best_balanced	6.59240701504
Bulgarian	4921369	manual_output_funchead_RANDOM2	6.6590160354
Bulgarian	5098953	manual_output_funchead_RANDOM2	6.70608944161
Bulgarian	5183226	manual_output_funchead_RANDOM	6.6782666122
Bulgarian	5224535	manual_output_funchead_RANDOM2	6.63042521702
Bulgarian	6102528	manual_output_funchead_ground_coarse_final	6.56383819844
Bulgarian	6159828	manual_output_funchead_RANDOM	6.70427579656
Bulgarian	6579329	manual_output_funchead_RANDOM2	6.63445452251
Bulgarian	6688858397	manual_output_funchead_two_coarse_lambda09_best_large	6.58033507493
Bulgarian	6921380	manual_output_funchead_RANDOM2	6.66312885143
Bulgarian	7735720	manual_output_funchead_RANDOM2	6.66304910125
Bulgarian	7768185	manual_output_funchead_RANDOM	6.66258071914
Bulgarian	7776606	manual_output_funchead_RANDOM	6.63197822669
Bulgarian	8063947	manual_output_funchead_RANDOM	6.63819668257
Bulgarian	8112821	manual_output_funchead_RANDOM2	6.67259933276
Bulgarian	8811275	manual_output_funchead_RANDOM2	6.69303005929
Bulgarian	8929730	manual_output_funchead_RANDOM	6.68185281635
Bulgarian	9053822	manual_output_funchead_RANDOM	6.60213958726
Bulgarian	9536699	manual_output_funchead_RANDOM2	6.7219576583
Bulgarian	9822592	manual_output_funchead_RANDOM	6.72041998386
Bulgarian	9826531	manual_output_funchead_RANDOM	6.66609845843
Catalan	1272742	manual_output_funchead_RANDOM	5.99591481432
Catalan	2191530	manual_output_funchead_RANDOM2	6.09019770284
Catalan	3156594	manual_output_funchead_RANDOM	6.08055397767
Catalan	3263160	manual_output_funchead_RANDOM	5.9841774638
Catalan	3272188	manual_output_funchead_RANDOM	5.95249327128
Catalan	3537777	manual_output_funchead_RANDOM2	5.93952744804
Catalan	3683711	manual_output_funchead_RANDOM2	5.96225495358
Catalan	3700798	manual_output_funchead_RANDOM	5.98197727514
Catalan	374653	manual_output_funchead_RANDOM2	6.04392689286
Catalan	4001769	manual_output_funchead_coarse_depl	5.78087167987
Catalan	5306277338	manual_output_funchead_two_coarse_lambda09_best_large	5.82058621135
Catalan	5571155	manual_output_funchead_RANDOM	6.03283249719
Catalan	5755238	manual_output_funchead_RANDOM2	6.03348951469
Catalan	6448809	manual_output_funchead_RANDOM2	5.95840896729
Catalan	650252	manual_output_funchead_RANDOM	6.11772465324
Catalan	6550321	manual_output_funchead_ground_coarse_final	5.73970366719
Catalan	6910916	manual_output_funchead_RANDOM	6.08087587172
Catalan	7387475	manual_output_funchead_RANDOM2	6.00785440654
Catalan	7875549067	manual_output_funchead_two_coarse_lambda09_best_large	5.85098201077
Catalan	7924221	manual_output_funchead_RANDOM2	6.04149534018
Catalan	8210028	manual_output_funchead_RANDOM2	6.03354634556
Catalan	8673048	manual_output_funchead_RANDOM	5.98489558188
Catalan	881279	manual_output_funchead_RANDOM2	6.02942912009
Catalan	8978861646	manual_output_funchead_langmod_coarse_best_balanced	5.77934134207
Catalan	9068988	manual_output_funchead_RANDOM	5.93215985137
Catalan	9428544	manual_output_funchead_RANDOM2	6.02443187397
Catalan	9709466151	manual_output_funchead_two_coarse_parser_best_balanced	5.8792501232
Chinese	1105957	manual_output_funchead_ground_coarse_final	7.42123559663
Chinese	133935	manual_output_funchead_RANDOM2	7.43232551959
Chinese	1371976	manual_output_funchead_RANDOM	7.45292040114
Chinese	1408654	manual_output_funchead_RANDOM	7.46325813984
Chinese	2045095097	manual_output_funchead_two_coarse_lambda09_best_large	7.3992245562
Chinese	2859078	manual_output_funchead_RANDOM	7.43212068336
Chinese	3135880	manual_output_funchead_RANDOM	7.46689146919
Chinese	3267783	manual_output_funchead_RANDOM	7.39825358802
Chinese	342453	manual_output_funchead_RANDOM	7.38374902518
Chinese	4334711614	manual_output_funchead_two_coarse_parser_best_balanced	7.3789258535
Chinese	4863208342	manual_output_funchead_two_coarse_lambda09_best_large	7.35529245341
Chinese	4995543	manual_output_funchead_RANDOM2	7.43674292686
Chinese	5383658	manual_output_funchead_RANDOM2	7.45754170563
Chinese	5466874	manual_output_funchead_RANDOM	7.41611737358
Chinese	5514674	manual_output_funchead_RANDOM	7.48270236551
Chinese	6203409	manual_output_funchead_RANDOM2	7.4432270474
Chinese	6463685	manual_output_funchead_RANDOM	7.42556289175
Chinese	6626781	manual_output_funchead_RANDOM	7.44944380227
Chinese	6899795	manual_output_funchead_coarse_depl	7.37408005649
Chinese	7086024	manual_output_funchead_RANDOM2	7.47280797043
Chinese	7379212	manual_output_funchead_RANDOM2	7.45550955509
Chinese	7848689	manual_output_funchead_RANDOM2	7.39195907802
Chinese	8020511	manual_output_funchead_RANDOM2	7.45150547027
Chinese	811323	manual_output_funchead_RANDOM2	7.45007456574
Chinese	8700156	manual_output_funchead_RANDOM2	7.47417973991
Chinese	9211633685	manual_output_funchead_langmod_coarse_best_balanced	7.39631193938
Chinese	9559108	manual_output_funchead_RANDOM2	7.46299553043
Chinese	9893802	manual_output_funchead_RANDOM2	7.41441577355
Chinese	9941860	manual_output_funchead_RANDOM	7.42621054896
Coptic	1124565	manual_output_funchead_coarse_depl	4.56558961617
Coptic	124981	manual_output_funchead_RANDOM2	4.6702564029
Coptic	1266165	manual_output_funchead_RANDOM	4.78669511499
Coptic	136183421	manual_output_funchead_two_coarse_parser_best_balanced	4.60604434902
Coptic	18589	manual_output_funchead_RANDOM2	4.80128547321
Coptic	2061526880	manual_output_funchead_two_coarse_lambda09_best_large	4.64275357293
Coptic	294567	manual_output_funchead_RANDOM	4.76252918538
Coptic	309560	manual_output_funchead_RANDOM	4.76559649753
Coptic	3105920	manual_output_funchead_RANDOM2	4.66163211809
Coptic	3421660	manual_output_funchead_RANDOM	4.75435692009
Coptic	3441948	manual_output_funchead_RANDOM	4.69549177001
Coptic	3767943	manual_output_funchead_RANDOM	4.70065123088
Coptic	3899223	manual_output_funchead_RANDOM2	4.70963298558
Coptic	4068777	manual_output_funchead_RANDOM	4.60410196446
Coptic	5155803	manual_output_funchead_ground_coarse_final	4.63065497577
Coptic	5504484	manual_output_funchead_RANDOM2	4.65402035498
Coptic	6041088033	manual_output_funchead_two_coarse_lambda09_best_large	4.5744962945
Coptic	6352490	manual_output_funchead_RANDOM	4.66308172073
Coptic	6544166	manual_output_funchead_RANDOM2	4.72929146925
Coptic	6929336	manual_output_funchead_RANDOM2	4.74368345679
Coptic	6966416	manual_output_funchead_RANDOM2	4.739006533
Coptic	8182790	manual_output_funchead_RANDOM2	4.6782505285
Coptic	8542725903	manual_output_funchead_langmod_coarse_best_balanced	4.54172598983
Coptic	875152	manual_output_funchead_RANDOM2	4.70405439051
Coptic	8992524	manual_output_funchead_RANDOM	4.67918752097
Coptic	9411797	manual_output_funchead_RANDOM2	4.73784512094
Coptic	9556896	manual_output_funchead_RANDOM	4.65693925395
Croatian	2175574	manual_output_funchead_RANDOM	7.69529938849
Croatian	2298532	manual_output_funchead_RANDOM	7.68453070681
Croatian	2958608	manual_output_funchead_RANDOM2	7.54849426341
Croatian	3016310	manual_output_funchead_RANDOM	7.59723113451
Croatian	3321068676	manual_output_funchead_two_coarse_lambda09_best_large	7.49932620783
Croatian	3503660	manual_output_funchead_RANDOM2	7.60517247272
Croatian	3758835	manual_output_funchead_RANDOM	7.65750725892
Croatian	4016530	manual_output_funchead_RANDOM2	7.57655307048
Croatian	4489080	manual_output_funchead_RANDOM	7.61497432884
Croatian	4844745	manual_output_funchead_RANDOM	7.6569927726
Croatian	506115	manual_output_funchead_RANDOM2	7.58691653566
Croatian	5598659	manual_output_funchead_RANDOM2	7.62860503224
Croatian	5618635	manual_output_funchead_RANDOM	7.68348638862
Croatian	611165	manual_output_funchead_RANDOM2	7.66074299454
Croatian	6137653	manual_output_funchead_RANDOM2	7.6539539061
Croatian	6433428	manual_output_funchead_RANDOM	7.74605642815
Croatian	688124	manual_output_funchead_RANDOM	7.60148490716
Croatian	7402429	manual_output_funchead_RANDOM	7.62389744112
Croatian	7581654	manual_output_funchead_RANDOM2	7.64240581751
Croatian	767318	manual_output_funchead_RANDOM2	7.64244816661
Croatian	7984935	manual_output_funchead_RANDOM2	7.6047946755
Croatian	8107510327	manual_output_funchead_two_coarse_lambda09_best_large	7.54899588628
Croatian	8532333	manual_output_funchead_RANDOM2	7.56879773462
Croatian	9170449058	manual_output_funchead_langmod_coarse_best_balanced	7.47866801681
Croatian	9238767	manual_output_funchead_ground_coarse_final	7.51038414973
Croatian	9589665	manual_output_funchead_coarse_depl	7.49474139258
Croatian	9699710	manual_output_funchead_RANDOM	7.60287297172
Croatian	9809338784	manual_output_funchead_two_coarse_parser_best_balanced	7.54309450242
Czech	1220386	manual_output_funchead_RANDOM2	7.20955695816
Czech	1528218	manual_output_funchead_RANDOM2	7.32778274632
Czech	1596625	manual_output_funchead_RANDOM	7.28176233493
Czech	1759611	manual_output_funchead_RANDOM	7.2642590913
Czech	2331880029	manual_output_funchead_two_coarse_lambda09_best_large	7.14273417332
Czech	2367578	manual_output_funchead_RANDOM2	7.318049599
Czech	3177063	manual_output_funchead_RANDOM2	7.25075541784
Czech	402572728	manual_output_funchead_two_coarse_parser_best_balanced	7.15531821431
Czech	4040036	manual_output_funchead_RANDOM	7.30464618348
Czech	4085254	manual_output_funchead_RANDOM	7.17290958185
Czech	4312811	manual_output_funchead_RANDOM	7.26649025878
Czech	4325506	manual_output_funchead_RANDOM2	7.2377495058
Czech	4415014	manual_output_funchead_RANDOM2	7.2329623146
Czech	4574913	manual_output_funchead_RANDOM2	7.26598517593
Czech	4703473	manual_output_funchead_RANDOM2	7.23813615041
Czech	499722	manual_output_funchead_ground_coarse_final	7.13722280153
Czech	6060015	manual_output_funchead_RANDOM2	7.21867279526
Czech	7435170	manual_output_funchead_RANDOM	7.24736890999
Czech	7589946	manual_output_funchead_RANDOM2	7.27322277656
Czech	8166239	manual_output_funchead_RANDOM2	7.35952324971
Czech	8174370200	manual_output_funchead_langmod_coarse_best_balanced	7.02983603789
Czech	8654620	manual_output_funchead_coarse_depl	7.13044746652
Czech	8808258	manual_output_funchead_RANDOM	7.25846977548
Czech	9341244952	manual_output_funchead_two_coarse_lambda09_best_large	7.10281839575
Czech	9862845	manual_output_funchead_RANDOM2	7.15922576791
Danish	1469568	manual_output_funchead_RANDOM	6.60160944217
Danish	1854531	manual_output_funchead_RANDOM	6.6507877284
Danish	1890789	manual_output_funchead_RANDOM2	6.63119839821
Danish	191246	manual_output_funchead_RANDOM2	6.62028581735
Danish	1933742	manual_output_funchead_RANDOM2	6.62372228211
Danish	2172427738	manual_output_funchead_two_coarse_parser_best_balanced	6.55249727419
Danish	2543795	manual_output_funchead_RANDOM	6.63798196868
Danish	2862952304	manual_output_funchead_langmod_coarse_best_balanced	6.53852645486
Danish	3243028224	manual_output_funchead_two_coarse_lambda09_best_large	6.53323651233
Danish	3697036	manual_output_funchead_RANDOM2	6.61898001709
Danish	3768280	manual_output_funchead_RANDOM2	6.59180498432
Danish	3909061	manual_output_funchead_RANDOM	6.61845570796
Danish	5107019	manual_output_funchead_RANDOM	6.61940805045
Danish	5492605	manual_output_funchead_RANDOM2	6.61134446238
Danish	5500305980	manual_output_funchead_two_coarse_lambda09_best_large	6.51865267992
Danish	5889850	manual_output_funchead_ground_coarse_final	6.52574394755
Danish	6028915	manual_output_funchead_RANDOM	6.5834706179
Danish	604444	manual_output_funchead_RANDOM	6.60386707549
Danish	636759	manual_output_funchead_RANDOM	6.64350314976
Danish	6765141	manual_output_funchead_RANDOM2	6.60609990089
Danish	7484055	manual_output_funchead_RANDOM2	6.61900788212
Danish	7656139	manual_output_funchead_RANDOM2	6.64097184315
Danish	8995213	manual_output_funchead_coarse_depl	6.52291149703
Danish	9047500	manual_output_funchead_RANDOM	6.6306141339
Danish	934401	manual_output_funchead_RANDOM2	6.63180253411
Danish	9636456	manual_output_funchead_RANDOM2	6.59063297991
Dutch	1560148	manual_output_funchead_RANDOM	6.26649321709
Dutch	158703	manual_output_funchead_RANDOM2	6.2046423538
Dutch	183327	manual_output_funchead_RANDOM2	6.20374684703
Dutch	1857467	manual_output_funchead_RANDOM2	6.19135887117
Dutch	1992455	manual_output_funchead_RANDOM	6.24175128273
Dutch	2117993	manual_output_funchead_RANDOM2	6.25041875721
Dutch	2188996	manual_output_funchead_RANDOM2	6.20868686521
Dutch	2257014	manual_output_funchead_RANDOM2	6.25121813732
Dutch	2695885	manual_output_funchead_RANDOM	6.24701095873
Dutch	2833843	manual_output_funchead_RANDOM2	6.24093300252
Dutch	3025965	manual_output_funchead_RANDOM	6.18253584347
Dutch	3295010960	manual_output_funchead_langmod_coarse_best_balanced	6.1223657785
Dutch	3404431	manual_output_funchead_RANDOM2	6.26004127225
Dutch	3566675	manual_output_funchead_RANDOM	6.1645541465
Dutch	3751254	manual_output_funchead_RANDOM	6.24064665007
Dutch	4640374	manual_output_funchead_RANDOM2	6.24731702889
Dutch	5266995269	manual_output_funchead_two_coarse_lambda09_best_large	6.12968750263
Dutch	6090641	manual_output_funchead_RANDOM	6.27870755333
Dutch	6643281	manual_output_funchead_RANDOM	6.17935070423
Dutch	6955889391	manual_output_funchead_two_coarse_lambda09_best_large	6.15022981813
Dutch	7241557	manual_output_funchead_ground_coarse_final	6.13483563566
Dutch	7445909	manual_output_funchead_coarse_depl	6.15409904567
Dutch	7588115277	manual_output_funchead_two_coarse_parser_best_balanced	6.20879903245
Dutch	8115492	manual_output_funchead_RANDOM	6.20010097779
Dutch	9245259	manual_output_funchead_RANDOM	6.27227334943
Dutch	9427896	manual_output_funchead_RANDOM	6.19864109789
Dutch	9542074	manual_output_funchead_RANDOM2	6.26714221923
Dutch	9863452	manual_output_funchead_RANDOM2	6.16554525446
English	2086490	manual_output_funchead_RANDOM2	5.97075601512
English	2138590	manual_output_funchead_RANDOM	6.0198969582
English	2189630	manual_output_funchead_coarse_depl	5.82839322177
English	2231352	manual_output_funchead_RANDOM2	5.92542110548
English	2459955	manual_output_funchead_RANDOM2	5.94602355084
English	2847244	manual_output_funchead_RANDOM	5.94292635997
English	3066274	manual_output_funchead_RANDOM2	5.96498138848
English	37277	manual_output_funchead_RANDOM	5.95849419272
English	3848887	manual_output_funchead_RANDOM	5.97318148691
English	4147103	manual_output_funchead_RANDOM	5.97328463216
English	4201172	manual_output_funchead_RANDOM2	5.94155916962
English	4579979	manual_output_funchead_RANDOM2	5.96991600592
English	4910096554	manual_output_funchead_two_coarse_lambda09_best_large	5.83078233792
English	5674604	manual_output_funchead_RANDOM	5.97973346769
English	591473	manual_output_funchead_RANDOM	5.95952329393
English	5953198	manual_output_funchead_RANDOM	5.95922165623
English	6285151	manual_output_funchead_RANDOM	5.97264686107
English	6355946	manual_output_funchead_RANDOM2	5.98382896494
English	6448967977	manual_output_funchead_two_coarse_lambda09_best_large	5.83653751367
English	7164858	manual_output_funchead_RANDOM2	5.99457623505
English	750969	manual_output_funchead_RANDOM	5.92238416042
English	7520227	manual_output_funchead_ground_coarse_final	5.82631781244
English	8182900	manual_output_funchead_RANDOM2	5.93941811631
English	9127542	manual_output_funchead_RANDOM2	5.99656348382
English	9187031691	manual_output_funchead_two_coarse_parser_best_balanced	5.85869828473
English	9323106	manual_output_funchead_RANDOM2	5.96491903664
English	9521003471	manual_output_funchead_langmod_coarse_best_balanced	5.8892165338
Estonian	1000765	manual_output_funchead_RANDOM2	7.08824873996
Estonian	1016228	manual_output_funchead_RANDOM2	7.06853055227
Estonian	1185745	manual_output_funchead_RANDOM	7.10645556787
Estonian	1377977	manual_output_funchead_RANDOM	7.07579135937
Estonian	1396102380	manual_output_funchead_two_coarse_parser_best_balanced	7.07523385296
Estonian	1640027993	manual_output_funchead_two_coarse_lambda09_best_large	7.06345022144
Estonian	1902607	manual_output_funchead_RANDOM	7.11482013283
Estonian	208121164	manual_output_funchead_langmod_coarse_best_balanced	7.03502753043
Estonian	3234863	manual_output_funchead_RANDOM	7.12130589228
Estonian	324417	manual_output_funchead_RANDOM	7.05427101734
Estonian	4355847	manual_output_funchead_RANDOM2	7.11268150634
Estonian	453495948	manual_output_funchead_two_coarse_lambda09_best_large	7.03039395577
Estonian	4965187	manual_output_funchead_RANDOM	7.10380378095
Estonian	5270640	manual_output_funchead_RANDOM	7.02503994286
Estonian	60043	manual_output_funchead_RANDOM2	7.12345143525
Estonian	6655757	manual_output_funchead_RANDOM2	7.10900404123
Estonian	7466864	manual_output_funchead_RANDOM2	7.076746571
Estonian	7501952	manual_output_funchead_RANDOM	7.04138185576
Estonian	763803	manual_output_funchead_coarse_depl	7.03295454857
Estonian	7870040	manual_output_funchead_RANDOM	7.12274961184
Estonian	8384977	manual_output_funchead_RANDOM	7.104190193
Estonian	9028408	manual_output_funchead_RANDOM2	7.08273348911
Estonian	9176759	manual_output_funchead_RANDOM2	7.02775912765
Estonian	9179172	manual_output_funchead_RANDOM2	7.07996436181
Estonian	9496546	manual_output_funchead_RANDOM	7.08254735362
Estonian	9635618	manual_output_funchead_RANDOM2	7.11104723154
Estonian	9744919	manual_output_funchead_RANDOM2	7.04689139936
Estonian	9750613	manual_output_funchead_ground_coarse_final	7.04282931416
Finnish	1094622	manual_output_funchead_RANDOM	7.50925848093
Finnish	1742267	manual_output_funchead_ground_coarse_final	7.50227608007
Finnish	1943036	manual_output_funchead_RANDOM2	7.5393618015
Finnish	2180933	manual_output_funchead_RANDOM2	7.54153843939
Finnish	2319061700	manual_output_funchead_two_coarse_lambda09_best_large	7.47822482476
Finnish	2731297	manual_output_funchead_RANDOM2	7.51523453976
Finnish	2886855	manual_output_funchead_RANDOM2	7.52250481607
Finnish	3529350779	manual_output_funchead_two_coarse_lambda09_best_large	7.4641572647
Finnish	3773448	manual_output_funchead_RANDOM2	7.49974221252
Finnish	3884796	manual_output_funchead_RANDOM	7.45898416495
Finnish	4028077	manual_output_funchead_RANDOM	7.49739363406
Finnish	4777088	manual_output_funchead_RANDOM	7.54628803252
Finnish	5818753	manual_output_funchead_RANDOM	7.5132650761
Finnish	5993401	manual_output_funchead_coarse_depl	7.45600256782
Finnish	6265190	manual_output_funchead_RANDOM2	7.51885964325
Finnish	6431782	manual_output_funchead_RANDOM	7.49457588917
Finnish	6543769	manual_output_funchead_RANDOM2	7.53119164381
Finnish	7201779	manual_output_funchead_RANDOM2	7.50269539408
Finnish	7474527	manual_output_funchead_RANDOM2	7.49792123838
Finnish	7570029	manual_output_funchead_RANDOM2	7.53620337432
Finnish	8566505	manual_output_funchead_RANDOM	7.5302238741
Finnish	8612658986	manual_output_funchead_two_coarse_parser_best_balanced	7.50408723879
Finnish	9055655	manual_output_funchead_RANDOM2	7.54504519082
Finnish	9092059	manual_output_funchead_RANDOM	7.49961656948
Finnish	944103956	manual_output_funchead_langmod_coarse_best_balanced	7.36238787129
Finnish	9774893	manual_output_funchead_RANDOM	7.5431289537
French	1195248	manual_output_funchead_RANDOM2	5.98208556493
French	1296609	manual_output_funchead_RANDOM2	5.95454679016
French	1804798267	manual_output_funchead_two_coarse_lambda09_best_large	5.70684741463
French	2095779	manual_output_funchead_RANDOM	5.98378910204
French	2192373	manual_output_funchead_RANDOM	5.84246907573
French	2904085	manual_output_funchead_RANDOM	5.97743331231
French	4079769	manual_output_funchead_RANDOM2	5.99765391454
French	4275016	manual_output_funchead_RANDOM2	5.86793757435
French	5419081	manual_output_funchead_RANDOM	5.83795803058
French	5684968	manual_output_funchead_RANDOM2	5.7779987684
French	6403044	manual_output_funchead_RANDOM2	5.86916936749
French	6711492589	manual_output_funchead_two_coarse_parser_best_balanced	5.79093474841
French	6748786	manual_output_funchead_RANDOM2	5.86187053626
French	6768370	manual_output_funchead_RANDOM2	5.92906507174
French	6912153951	manual_output_funchead_two_coarse_lambda09_best_large	5.74024069369
French	7350090	manual_output_funchead_RANDOM2	5.83416811832
French	7371714	manual_output_funchead_RANDOM	5.93865414067
French	7379588	manual_output_funchead_RANDOM2	5.97184582078
French	7590584	manual_output_funchead_RANDOM	5.98580044169
French	7646094	manual_output_funchead_RANDOM	5.98363793148
French	8074509	manual_output_funchead_RANDOM2	5.77323251255
French	8083539524	manual_output_funchead_langmod_coarse_best_balanced	5.679659089
French	8237174	manual_output_funchead_coarse_depl	5.73698668101
French	8462168	manual_output_funchead_RANDOM	5.83080351549
French	8846612	manual_output_funchead_RANDOM	5.88222911199
French	9269015	manual_output_funchead_ground_coarse_final	5.63381363023
Galician	1386664	manual_output_funchead_RANDOM2	6.22869881182
Galician	2284441	manual_output_funchead_ground_coarse_final	6.022589781
Galician	2679141	manual_output_funchead_RANDOM	6.2984829817
Galician	2954501	manual_output_funchead_coarse_depl	6.06325945996
Galician	3352105	manual_output_funchead_RANDOM2	6.15174901623
Galician	3635717	manual_output_funchead_RANDOM2	6.16224658009
Galician	3809034	manual_output_funchead_RANDOM2	6.18133638738
Galician	425182	manual_output_funchead_RANDOM2	6.29794764332
Galician	4442408	manual_output_funchead_RANDOM2	6.1262299871
Galician	5172519	manual_output_funchead_RANDOM	6.18816852922
Galician	5269691	manual_output_funchead_two_coarse_parser_best_balanced	6.13708280137
Galician	5770529	manual_output_funchead_RANDOM	6.11480513875
Galician	5829637116	manual_output_funchead_langmod_coarse_best_balanced	6.0615616228
Galician	671385	manual_output_funchead_RANDOM	6.18363410466
Galician	6844938	manual_output_funchead_RANDOM2	6.2376006147
Galician	6975120	manual_output_funchead_RANDOM	6.31410764655
Galician	7348421	manual_output_funchead_RANDOM	6.17653098292
Galician	737338	manual_output_funchead_RANDOM	6.2818005488
Galician	7866432	manual_output_funchead_RANDOM2	6.25927811397
Galician	7870060	manual_output_funchead_RANDOM2	6.16823310795
Galician	7890732	manual_output_funchead_RANDOM	6.20501112925
Galician	8284063	manual_output_funchead_RANDOM	6.17621841727
Galician	8452358	manual_output_funchead_RANDOM	6.18811115171
Galician	845646266	manual_output_funchead_two_coarse_lambda09_best_large	6.0813669273
Galician	8753749998	manual_output_funchead_two_coarse_lambda09_best_large	6.0701577528
Galician	880883	manual_output_funchead_RANDOM	6.18194372381
Galician	8843039	manual_output_funchead_RANDOM2	6.26825125335
Galician	9077	manual_output_funchead_RANDOM	6.22133814738
Galician	9339641	manual_output_funchead_RANDOM2	6.25873362627
German	127807	manual_output_funchead_RANDOM2	6.69693678773
German	1374342029	manual_output_funchead_two_coarse_parser_best_balanced	6.67206361276
German	1457018	manual_output_funchead_RANDOM	6.71768728985
German	1517665	manual_output_funchead_RANDOM	6.67171127344
German	165412	manual_output_funchead_RANDOM	6.71070343472
German	2359287	manual_output_funchead_RANDOM2	6.70355315075
German	2678929526	manual_output_funchead_langmod_coarse_best_balanced	6.6191424877
German	2706588	manual_output_funchead_RANDOM2	6.74462074803
German	3149012	manual_output_funchead_RANDOM2	6.71302169422
German	3150957569	manual_output_funchead_two_coarse_lambda09_best_large	6.64943404772
German	3332467	manual_output_funchead_RANDOM	6.68747878458
German	3413348	manual_output_funchead_RANDOM	6.73432204898
German	4060848	manual_output_funchead_RANDOM	6.75050940944
German	4097333	manual_output_funchead_RANDOM	6.74672333646
German	4348231	manual_output_funchead_RANDOM2	6.68877438622
German	4379567	manual_output_funchead_RANDOM2	6.75100873214
German	4385782	manual_output_funchead_RANDOM2	6.69594391763
German	4812864	manual_output_funchead_RANDOM2	6.70904300975
German	6258009	manual_output_funchead_RANDOM	6.7165889835
German	6522123	manual_output_funchead_ground_coarse_final	6.62298955035
German	6874951	manual_output_funchead_RANDOM	6.70135921755
German	7233494255	manual_output_funchead_two_coarse_lambda09_best_large	6.58101815541
German	7278095	manual_output_funchead_RANDOM	6.70696010125
German	7752488	manual_output_funchead_RANDOM	6.71786753046
German	7882210	manual_output_funchead_RANDOM2	6.71305959935
German	9103895	manual_output_funchead_coarse_depl	6.59382968993
German	9125700	manual_output_funchead_RANDOM2	6.74107068627
German	9268295	manual_output_funchead_RANDOM2	6.72287337502
German	9353584	manual_output_funchead_RANDOM	6.74304197715
Gothic	1084257	manual_output_funchead_RANDOM2	5.49631782746
Gothic	1096327	manual_output_funchead_ground_coarse_final	5.40553967854
Gothic	1235381	manual_output_funchead_RANDOM2	5.46770171845
Gothic	167687	manual_output_funchead_RANDOM2	5.4588064527
Gothic	1847471	manual_output_funchead_RANDOM	5.46015039881
Gothic	22929	manual_output_funchead_RANDOM	5.44055185557
Gothic	3236267	manual_output_funchead_RANDOM	5.48989270931
Gothic	3566582	manual_output_funchead_RANDOM	5.46778374405
Gothic	4165603	manual_output_funchead_RANDOM	5.47136870621
Gothic	4762537530	manual_output_funchead_two_coarse_lambda09_best_large	5.42389027103
Gothic	5219817	manual_output_funchead_RANDOM	5.49496113055
Gothic	5322140	manual_output_funchead_RANDOM	5.46308467183
Gothic	5385871	manual_output_funchead_RANDOM	5.46279127567
Gothic	561351	manual_output_funchead_RANDOM2	5.48549008196
Gothic	5743670	manual_output_funchead_RANDOM2	5.46655709562
Gothic	6737090998	manual_output_funchead_two_coarse_lambda09_best_large	5.43126215272
Gothic	6753351	manual_output_funchead_RANDOM2	5.48932922145
Gothic	6911921	manual_output_funchead_RANDOM2	5.45703191098
Gothic	6966870	manual_output_funchead_RANDOM2	5.45032947039
Gothic	7302065	manual_output_funchead_RANDOM2	5.44870827075
Gothic	7700882	manual_output_funchead_RANDOM	5.43940672285
Gothic	7898318	manual_output_funchead_RANDOM2	5.52378853057
Gothic	7907315126	manual_output_funchead_langmod_coarse_best_balanced	5.46151561494
Gothic	8240191	manual_output_funchead_RANDOM2	5.51236310841
Gothic	8945601	manual_output_funchead_RANDOM	5.44476733514
Gothic	9203610	manual_output_funchead_coarse_depl	5.4217707234
Gothic	9351871	manual_output_funchead_two_coarse_parser_best_balanced	5.41739651198
Greek	1018939	manual_output_funchead_RANDOM	6.77016079316
Greek	2088069	manual_output_funchead_RANDOM	6.61384840661
Greek	2209324319	manual_output_funchead_two_coarse_lambda09_best_large	6.57928454438
Greek	223509	manual_output_funchead_RANDOM2	6.77159953033
Greek	2378144	manual_output_funchead_RANDOM2	6.76217358964
Greek	2636052	manual_output_funchead_RANDOM2	6.76142530054
Greek	3016595	manual_output_funchead_RANDOM2	6.77388700102
Greek	3473327	manual_output_funchead_ground_coarse_final	6.59416876037
Greek	4247095	manual_output_funchead_RANDOM2	6.81105270326
Greek	4359966	manual_output_funchead_RANDOM	6.76727182758
Greek	4504500	manual_output_funchead_RANDOM2	6.83121226925
Greek	457138	manual_output_funchead_RANDOM2	6.80538865925
Greek	5070419	manual_output_funchead_RANDOM	6.63641156774
Greek	5262629	manual_output_funchead_RANDOM	6.67000749218
Greek	5612061	manual_output_funchead_RANDOM	6.79980857694
Greek	5980328342	manual_output_funchead_two_coarse_parser_best_balanced	6.69259553224
Greek	6010862	manual_output_funchead_RANDOM2	6.82945998824
Greek	6796608	manual_output_funchead_coarse_depl	6.69263307738
Greek	727978	manual_output_funchead_RANDOM	6.76816695109
Greek	7542940	manual_output_funchead_RANDOM	6.63549895313
Greek	7558825885	manual_output_funchead_langmod_coarse_best_balanced	6.5964111374
Greek	8160082	manual_output_funchead_RANDOM	6.63372310887
Greek	8446570	manual_output_funchead_RANDOM	6.74787123022
Greek	8881906	manual_output_funchead_RANDOM2	6.77762772491
Greek	9424475	manual_output_funchead_RANDOM2	6.62870701146
Greek	9656132	manual_output_funchead_RANDOM2	6.61015958693
Greek	9770309800	manual_output_funchead_two_coarse_lambda09_best_large	6.58990403416
Hebrew	1294564	manual_output_funchead_RANDOM	6.42629135861
Hebrew	1441211	manual_output_funchead_RANDOM	6.3202754122
Hebrew	2058634	manual_output_funchead_RANDOM2	6.35340704213
Hebrew	2403537206	manual_output_funchead_langmod_coarse_best_balanced	6.24871706843
Hebrew	3053545950	manual_output_funchead_two_coarse_parser_best_balanced	6.30433753295
Hebrew	3140882	manual_output_funchead_RANDOM	6.40479975749
Hebrew	3390282	manual_output_funchead_RANDOM2	6.4001832915
Hebrew	3400921	manual_output_funchead_coarse_depl	6.27531398467
Hebrew	3725641	manual_output_funchead_RANDOM2	6.32180067187
Hebrew	378197	manual_output_funchead_RANDOM	6.42782360015
Hebrew	3800486	manual_output_funchead_RANDOM2	6.43210031925
Hebrew	4095911	manual_output_funchead_RANDOM	6.36057870966
Hebrew	4575624	manual_output_funchead_RANDOM2	6.39128146143
Hebrew	4668070	manual_output_funchead_RANDOM2	6.3069157558
Hebrew	5306785	manual_output_funchead_RANDOM2	6.33360380939
Hebrew	5764264925	manual_output_funchead_two_coarse_lambda09_best_large	6.28143833955
Hebrew	643621124	manual_output_funchead_two_coarse_lambda09_best_large	6.24504546636
Hebrew	6604678	manual_output_funchead_RANDOM	6.35560078729
Hebrew	6648342	manual_output_funchead_RANDOM2	6.33212338327
Hebrew	7767975	manual_output_funchead_RANDOM	6.41802408777
Hebrew	7848309	manual_output_funchead_RANDOM	6.34384350433
Hebrew	8163176	manual_output_funchead_RANDOM	6.32751637502
Hebrew	8334981	manual_output_funchead_RANDOM	6.33222593175
Hebrew	8345414	manual_output_funchead_RANDOM2	6.33870578856
Hebrew	9010571	manual_output_funchead_RANDOM	6.33478115252
Hebrew	956211	manual_output_funchead_RANDOM2	6.35618466287
Hebrew	9783889	manual_output_funchead_ground_coarse_final	6.26436412908
Hebrew	9894899	manual_output_funchead_RANDOM2	6.35414688796
Hindi	198684	manual_output_funchead_RANDOM	5.62530015433
Hindi	1987011	manual_output_funchead_ground_coarse_final	5.41189682468
Hindi	2058436	manual_output_funchead_RANDOM2	5.65347189118
Hindi	2295746	manual_output_funchead_RANDOM2	5.77675382515
Hindi	2377597	manual_output_funchead_RANDOM2	5.76351547785
Hindi	2624977	manual_output_funchead_RANDOM2	5.69492359392
Hindi	2868111645	manual_output_funchead_two_coarse_lambda09_best_large	5.43309296993
Hindi	3231149	manual_output_funchead_RANDOM2	5.68890561522
Hindi	4405342	manual_output_funchead_RANDOM	5.66259975269
Hindi	514719	manual_output_funchead_RANDOM2	5.64639506336
Hindi	5208902332	manual_output_funchead_langmod_coarse_best_balanced	5.4911284893
Hindi	5356763	manual_output_funchead_RANDOM2	5.68855119362
Hindi	5467911	manual_output_funchead_RANDOM2	5.6995404015
Hindi	5469148	manual_output_funchead_RANDOM2	5.71846694526
Hindi	612057196	manual_output_funchead_two_coarse_lambda09_best_large	5.38683534183
Hindi	638179	manual_output_funchead_coarse_depl	5.43941177625
Hindi	6823438	manual_output_funchead_RANDOM2	5.71969581673
Hindi	720142	manual_output_funchead_RANDOM	5.77040404336
Hindi	7523854	manual_output_funchead_RANDOM	5.58986105793
Hindi	7568152	manual_output_funchead_RANDOM	5.63563294753
Hindi	7675472	manual_output_funchead_RANDOM	5.63642225213
Hindi	8238226	manual_output_funchead_RANDOM	5.68002002803
Hindi	8676522	manual_output_funchead_RANDOM2	5.64412770674
Hindi	8898506	manual_output_funchead_RANDOM	5.69984624872
Hindi	914237	manual_output_funchead_RANDOM	5.7501920079
Hindi	9548173	manual_output_funchead_RANDOM	5.75698788202
Hindi	9749585504	manual_output_funchead_two_coarse_parser_best_balanced	5.6100430784
Hungarian	1593345	manual_output_funchead_RANDOM2	7.88712463344
Hungarian	1920622	manual_output_funchead_ground_coarse_final	7.8155973877
Hungarian	225670	manual_output_funchead_RANDOM	7.86732901252
Hungarian	2312178	manual_output_funchead_RANDOM	7.93607641581
Hungarian	2364578	manual_output_funchead_RANDOM	7.85830936869
Hungarian	3174480	manual_output_funchead_RANDOM2	7.90454939174
Hungarian	3530187	manual_output_funchead_RANDOM	7.91447451927
Hungarian	4127596	manual_output_funchead_RANDOM2	7.86147899413
Hungarian	4696208851	manual_output_funchead_two_coarse_parser_best_balanced	7.93559684027
Hungarian	5101733	manual_output_funchead_RANDOM	7.88751321753
Hungarian	5132174	manual_output_funchead_RANDOM2	7.95247736007
Hungarian	5376928	manual_output_funchead_RANDOM2	7.89579874487
Hungarian	5399698	manual_output_funchead_RANDOM	7.89980642852
Hungarian	5786187046	manual_output_funchead_two_coarse_lambda09_best_large	7.90506866289
Hungarian	6423369	manual_output_funchead_RANDOM	7.92908868354
Hungarian	6523716726	manual_output_funchead_langmod_coarse_best_balanced	7.90870192177
Hungarian	6596261	manual_output_funchead_coarse_depl	7.8898831873
Hungarian	7886576	manual_output_funchead_RANDOM2	7.85591370115
Hungarian	7906427	manual_output_funchead_RANDOM	7.90196369348
Hungarian	8373282	manual_output_funchead_RANDOM2	7.85236214368
Hungarian	8447318	manual_output_funchead_RANDOM2	7.87618794758
Hungarian	8511116	manual_output_funchead_RANDOM2	7.90559419317
Hungarian	9070146	manual_output_funchead_RANDOM	7.9057117676
Hungarian	937466	manual_output_funchead_RANDOM2	7.92182080583
Hungarian	9551466	manual_output_funchead_RANDOM2	7.92152175916
Hungarian	9615205925	manual_output_funchead_two_coarse_lambda09_best_large	7.92561048302
Indonesian	1071848	manual_output_funchead_RANDOM	7.32323763456
Indonesian	145965	manual_output_funchead_RANDOM2	7.23870185044
Indonesian	1550386	manual_output_funchead_RANDOM	7.26048557476
Indonesian	172546	manual_output_funchead_RANDOM2	7.32347005113
Indonesian	2007155	manual_output_funchead_RANDOM	7.28839914295
Indonesian	241325047	manual_output_funchead_two_coarse_parser_best_balanced	7.18020566216
Indonesian	2876099	manual_output_funchead_RANDOM2	7.29269482876
Indonesian	3069481	manual_output_funchead_RANDOM	7.2517887907
Indonesian	3375856929	manual_output_funchead_two_coarse_lambda09_best_large	7.25190433321
Indonesian	3473260	manual_output_funchead_RANDOM2	7.30918214455
Indonesian	3564332	manual_output_funchead_ground_coarse_final	7.15443870229
Indonesian	4347028	manual_output_funchead_RANDOM	7.28182305713
Indonesian	4418369424	manual_output_funchead_two_coarse_lambda09_best_large	7.24543036053
Indonesian	4664742886	manual_output_funchead_langmod_coarse_best_balanced	7.2269120232
Indonesian	5279689	manual_output_funchead_RANDOM	7.25820401994
Indonesian	5408252	manual_output_funchead_coarse_depl	7.19124750434
Indonesian	5854236	manual_output_funchead_RANDOM2	7.26430925504
Indonesian	6171698	manual_output_funchead_RANDOM2	7.25900410246
Indonesian	6436040	manual_output_funchead_RANDOM	7.27182487464
Indonesian	6748199	manual_output_funchead_RANDOM	7.29303053315
Indonesian	7469332	manual_output_funchead_RANDOM	7.2740722862
Indonesian	7569083	manual_output_funchead_RANDOM2	7.32383167917
Indonesian	8241904	manual_output_funchead_RANDOM2	7.25282402119
Indonesian	8332400	manual_output_funchead_RANDOM	7.31813035394
Indonesian	8616895	manual_output_funchead_RANDOM	7.2692136255
Indonesian	9080836	manual_output_funchead_RANDOM2	7.36358617721
Indonesian	9210919	manual_output_funchead_RANDOM2	7.2348325641
Indonesian	9933441	manual_output_funchead_RANDOM2	7.25471828227
Irish	1580489262	manual_output_funchead_langmod_coarse_best_balanced	6.99274229456
Irish	1616842	manual_output_funchead_RANDOM2	6.93431346552
Irish	162808	manual_output_funchead_RANDOM2	6.92191404242
Irish	1990197	manual_output_funchead_RANDOM	6.95967254059
Irish	2000687	manual_output_funchead_RANDOM	6.92858729006
Irish	2102445	manual_output_funchead_RANDOM	6.94285436301
Irish	2500188	manual_output_funchead_RANDOM	6.9197945059
Irish	2656745	manual_output_funchead_RANDOM	6.92488865738
Irish	3178825	manual_output_funchead_RANDOM2	6.91101589329
Irish	3255777	manual_output_funchead_RANDOM2	6.96895721136
Irish	3404348	manual_output_funchead_RANDOM2	6.9175676928
Irish	3719763	manual_output_funchead_coarse_depl	6.93325825649
Irish	4090400	manual_output_funchead_RANDOM	6.99121624185
Irish	4182437	manual_output_funchead_RANDOM2	6.97358255806
Irish	4375942	manual_output_funchead_RANDOM2	6.89523946285
Irish	4443173	manual_output_funchead_RANDOM	6.90439184659
Irish	4619624644	manual_output_funchead_two_coarse_lambda09_best_large	6.97288745981
Irish	5715619308	manual_output_funchead_two_coarse_parser_best_balanced	6.94292633219
Irish	5766495	manual_output_funchead_RANDOM2	6.94328874246
Irish	6195122992	manual_output_funchead_two_coarse_lambda09_best_large	6.94990989823
Irish	633872	manual_output_funchead_RANDOM2	6.91545731927
Irish	6409189	manual_output_funchead_RANDOM	6.94510002734
Irish	670030	manual_output_funchead_RANDOM2	6.95283059398
Irish	6827777	manual_output_funchead_RANDOM2	6.9359334548
Irish	8959913	manual_output_funchead_RANDOM	6.9553983774
Irish	910807	manual_output_funchead_ground_coarse_final	6.89429242963
Irish	9310317	manual_output_funchead_RANDOM	6.90085098414
Irish	9568326	manual_output_funchead_RANDOM	6.9421558683
Irish	9783942	manual_output_funchead_RANDOM2	6.95720575311
Italian	1481257	manual_output_funchead_RANDOM2	6.17788344606
Italian	2586367	manual_output_funchead_coarse_depl	6.0268263142
Italian	2594725024	manual_output_funchead_langmod_coarse_best_balanced	5.99759301578
Italian	3137551	manual_output_funchead_RANDOM2	6.20739978541
Italian	3185031035	manual_output_funchead_two_coarse_lambda09_best_large	6.02079269031
Italian	3798371	manual_output_funchead_RANDOM	6.23380972057
Italian	4193693	manual_output_funchead_RANDOM2	6.25518792022
Italian	4391403	manual_output_funchead_RANDOM2	6.14750726454
Italian	4392378	manual_output_funchead_RANDOM	6.22192033088
Italian	4411633	manual_output_funchead_ground_coarse_final	6.00569678259
Italian	4433100	manual_output_funchead_RANDOM	6.24339986247
Italian	4629945	manual_output_funchead_RANDOM	6.23119602622
Italian	5141009	manual_output_funchead_RANDOM2	6.2253493893
Italian	5272100	manual_output_funchead_RANDOM2	6.14818811364
Italian	569499	manual_output_funchead_RANDOM	6.1916954452
Italian	5936490	manual_output_funchead_RANDOM2	6.22437317122
Italian	6009863	manual_output_funchead_RANDOM	6.20922707322
Italian	7740225	manual_output_funchead_RANDOM2	6.13311180343
Italian	7816457	manual_output_funchead_RANDOM2	6.19332490919
Italian	7952823	manual_output_funchead_RANDOM2	6.25226836336
Italian	8560492	manual_output_funchead_RANDOM	6.14418763771
Italian	9363890371	manual_output_funchead_two_coarse_lambda09_best_large	6.07725824905
Italian	936402650	manual_output_funchead_two_coarse_parser_best_balanced	6.07444606617
Italian	9704152	manual_output_funchead_RANDOM2	6.12717769812
Japanese	1309780	manual_output_funchead_RANDOM	6.17604271785
Japanese	1441803	manual_output_funchead_RANDOM	6.18828108563
Japanese	1461148279	manual_output_funchead_two_coarse_lambda09_best_large	5.97354414456
Japanese	1617144	manual_output_funchead_RANDOM2	6.20364368022
Japanese	1634318	manual_output_funchead_RANDOM	6.2421439635
Japanese	189216316	manual_output_funchead_langmod_coarse_best_balanced	6.11658378533
Japanese	2491061	manual_output_funchead_RANDOM	6.17905317539
Japanese	313937142	manual_output_funchead_two_coarse_lambda09_best_large	6.03080800479
Japanese	3679914	manual_output_funchead_ground_coarse_final	5.95533030065
Japanese	3792904	manual_output_funchead_RANDOM	6.17975044588
Japanese	4521564	manual_output_funchead_RANDOM2	6.22025580602
Japanese	5139599	manual_output_funchead_RANDOM2	6.13828178597
Japanese	5741797	manual_output_funchead_RANDOM2	6.22591146769
Japanese	6152468146	manual_output_funchead_two_coarse_parser_best_balanced	6.01194453649
Japanese	6167037	manual_output_funchead_RANDOM2	6.2063653652
Japanese	6836023	manual_output_funchead_RANDOM2	6.17767949307
Japanese	7123376	manual_output_funchead_RANDOM	6.19512498843
Japanese	7296019	manual_output_funchead_coarse_depl	5.9952692893
Japanese	7361008	manual_output_funchead_RANDOM2	6.16221614552
Japanese	7449510	manual_output_funchead_RANDOM	6.13781131286
Japanese	7556058	manual_output_funchead_RANDOM2	6.17077248846
Japanese	8416264	manual_output_funchead_RANDOM	6.25261377011
Japanese	8893198	manual_output_funchead_RANDOM2	6.18902237068
Japanese	9038029	manual_output_funchead_RANDOM2	6.1912786583
Japanese	9077650	manual_output_funchead_RANDOM2	6.1653982748
Japanese	9439753	manual_output_funchead_RANDOM	6.18110815435
Japanese	983555	manual_output_funchead_RANDOM2	6.1771000023
Korean	1996052	manual_output_funchead_RANDOM	9.01245669567
Korean	2203876	manual_output_funchead_RANDOM2	9.00703579626
Korean	314498	manual_output_funchead_coarse_depl	8.92505751542
Korean	3175764	manual_output_funchead_RANDOM	8.97760633462
Korean	3511541	manual_output_funchead_RANDOM	8.97391117721
Korean	3872515	manual_output_funchead_RANDOM	9.00667257794
Korean	4226165	manual_output_funchead_RANDOM	8.98139789503
Korean	4262227409	manual_output_funchead_two_coarse_parser_best_balanced	8.9393032397
Korean	4417633	manual_output_funchead_RANDOM2	8.99026209565
Korean	5361130	manual_output_funchead_RANDOM2	8.92626565605
Korean	5508717	manual_output_funchead_RANDOM2	8.9936333491
Korean	5850078	manual_output_funchead_RANDOM	8.9780796786
Korean	6046118	manual_output_funchead_RANDOM2	8.99941389304
Korean	6350508	manual_output_funchead_RANDOM	8.99080264046
Korean	6758647	manual_output_funchead_RANDOM	8.97704499479
Korean	6919521	manual_output_funchead_RANDOM2	9.00345530653
Korean	7169100329	manual_output_funchead_two_coarse_lambda09_best_large	8.90808309634
Korean	7608124	manual_output_funchead_RANDOM	9.01950729474
Korean	8074268	manual_output_funchead_RANDOM2	8.99529593762
Korean	8484480	manual_output_funchead_RANDOM2	9.01399192714
Korean	8498532	manual_output_funchead_ground_coarse_final	8.80102694151
Korean	8604925	manual_output_funchead_RANDOM2	8.98782500936
Korean	8621284411	manual_output_funchead_two_coarse_lambda09_best_large	8.90204661408
Korean	8927512	manual_output_funchead_RANDOM2	8.97858832675
Korean	9186542	manual_output_funchead_RANDOM	8.97896289444
Korean	9579769	manual_output_funchead_RANDOM	9.00130900742
Korean	9614101303	manual_output_funchead_langmod_coarse_best_balanced	8.83551670821
Korean	9668329	manual_output_funchead_RANDOM2	8.93131961496
Latin	1101535	manual_output_funchead_RANDOM	6.77972088926
Latin	1531454	manual_output_funchead_RANDOM2	6.76933667973
Latin	1542884737	manual_output_funchead_two_coarse_lambda09_best_large	6.66751373144
Latin	222926	manual_output_funchead_RANDOM	6.77736519016
Latin	2656191	manual_output_funchead_RANDOM2	6.76156798601
Latin	3645397	manual_output_funchead_RANDOM	6.77383753761
Latin	3982431	manual_output_funchead_RANDOM2	6.78432368497
Latin	3985777	manual_output_funchead_coarse_depl	6.67271904503
Latin	425892	manual_output_funchead_RANDOM2	6.74211845484
Latin	4331579	manual_output_funchead_RANDOM	6.75185464533
Latin	489098	manual_output_funchead_RANDOM2	6.74470735117
Latin	5053937	manual_output_funchead_RANDOM2	6.76917565814
Latin	5522546	manual_output_funchead_RANDOM	6.77595947405
Latin	5701465	manual_output_funchead_RANDOM	6.75324417124
Latin	5893160314	manual_output_funchead_langmod_coarse_best_balanced	6.68326903201
Latin	6801994	manual_output_funchead_ground_coarse_final	6.71081374439
Latin	7255633	manual_output_funchead_RANDOM2	6.74402471111
Latin	7604711832	manual_output_funchead_two_coarse_parser_best_balanced	6.70303167143
Latin	7858272	manual_output_funchead_RANDOM	6.74503565476
Latin	7928695	manual_output_funchead_RANDOM2	6.77993501486
Latin	8239276	manual_output_funchead_RANDOM2	6.7547578576
Latin	8298287341	manual_output_funchead_two_coarse_lambda09_best_large	6.73344100863
Latin	8369834	manual_output_funchead_RANDOM	6.76801505734
Latin	8858368	manual_output_funchead_RANDOM2	6.76946558969
Latin	9059505	manual_output_funchead_RANDOM2	6.73942193802
Latin	9511169	manual_output_funchead_RANDOM2	6.77669824273
Latin	9804217	manual_output_funchead_RANDOM	6.78925401184
Latvian	112566049	manual_output_funchead_two_coarse_parser_best_balanced	7.35592817822
Latvian	1362076	manual_output_funchead_RANDOM2	7.37067578401
Latvian	1764063	manual_output_funchead_RANDOM	7.37138074344
Latvian	2453933183	manual_output_funchead_two_coarse_lambda09_best_large	7.3573154361
Latvian	2611045	manual_output_funchead_RANDOM	7.41398843176
Latvian	2818837	manual_output_funchead_ground_coarse_final	7.38736231082
Latvian	3492553	manual_output_funchead_RANDOM2	7.38727892432
Latvian	3776714	manual_output_funchead_RANDOM2	7.39465775585
Latvian	3902501904	manual_output_funchead_two_coarse_lambda09_best_large	7.35136346666
Latvian	4009105	manual_output_funchead_RANDOM	7.4043229445
Latvian	4071286	manual_output_funchead_RANDOM	7.39296657095
Latvian	4504611	manual_output_funchead_RANDOM	7.37277374594
Latvian	4565099	manual_output_funchead_RANDOM2	7.37187144066
Latvian	4600986	manual_output_funchead_RANDOM	7.39063478993
Latvian	4861625	manual_output_funchead_RANDOM	7.37847434309
Latvian	5062141	manual_output_funchead_RANDOM2	7.39702516173
Latvian	5238843	manual_output_funchead_RANDOM2	7.36059574771
Latvian	6641557	manual_output_funchead_RANDOM2	7.40573034045
Latvian	6868371	manual_output_funchead_RANDOM	7.37331278988
Latvian	6872334	manual_output_funchead_RANDOM	7.36973634451
Latvian	6893232	manual_output_funchead_RANDOM2	7.40395235863
Latvian	7334438	manual_output_funchead_RANDOM2	7.37468754521
Latvian	7689457	manual_output_funchead_RANDOM	7.35405613035
Latvian	8353964	manual_output_funchead_coarse_depl	7.37163786062
Latvian	8746308	manual_output_funchead_RANDOM	7.38385402642
Latvian	8777560	manual_output_funchead_RANDOM2	7.40962333956
Latvian	9550416	manual_output_funchead_RANDOM2	7.37452691911
Latvian	9859590518	manual_output_funchead_langmod_coarse_best_balanced	7.36844385155
Lithuanian	1225633	manual_output_funchead_RANDOM2	7.15260919791
Lithuanian	2116044	manual_output_funchead_RANDOM	7.11063011899
Lithuanian	2201008	manual_output_funchead_RANDOM2	7.1259045878
Lithuanian	2442088	manual_output_funchead_RANDOM	7.16304154979
Lithuanian	257509430	manual_output_funchead_two_coarse_lambda09_best_large	7.14870956329
Lithuanian	2791028	manual_output_funchead_RANDOM	7.10089520052
Lithuanian	323859	manual_output_funchead_RANDOM	7.14217275077
Lithuanian	397989	manual_output_funchead_RANDOM2	7.18756662004
Lithuanian	420644	manual_output_funchead_RANDOM2	7.13256846682
Lithuanian	4215553	manual_output_funchead_RANDOM	7.16541010884
Lithuanian	4476473	manual_output_funchead_RANDOM2	7.10524639094
Lithuanian	4794511304	manual_output_funchead_langmod_coarse_best_balanced	7.06958454429
Lithuanian	4799235779	manual_output_funchead_two_coarse_parser_best_balanced	7.12675201021
Lithuanian	4816905	manual_output_funchead_RANDOM2	7.11157414703
Lithuanian	5160005496	manual_output_funchead_two_coarse_lambda09_best_large	7.12729587637
Lithuanian	5342711	manual_output_funchead_ground_coarse_final	7.16532473947
Lithuanian	5990049	manual_output_funchead_RANDOM2	7.1741464508
Lithuanian	6539835	manual_output_funchead_RANDOM2	7.18711457873
Lithuanian	6885701	manual_output_funchead_RANDOM2	7.15792181646
Lithuanian	7840447	manual_output_funchead_RANDOM2	7.16454535109
Lithuanian	8050552	manual_output_funchead_RANDOM	7.16351800631
Lithuanian	8111856	manual_output_funchead_RANDOM	7.08285720082
Lithuanian	8412273	manual_output_funchead_RANDOM2	7.14467565074
Lithuanian	9028680	manual_output_funchead_RANDOM	7.12231066076
Lithuanian	9238300	manual_output_funchead_RANDOM	7.16969234704
Lithuanian	970902	manual_output_funchead_coarse_depl	7.16042245783
Marathi	1604148	manual_output_funchead_coarse_depl	4.8296516103
Marathi	18465	manual_output_funchead_RANDOM	4.87820771854
Marathi	233722	manual_output_funchead_RANDOM	4.85088262182
Marathi	2460805	manual_output_funchead_RANDOM2	4.6775729687
Marathi	3114572312	manual_output_funchead_two_coarse_lambda09_best_large	4.86865012241
Marathi	3276545	manual_output_funchead_RANDOM2	4.84251876212
Marathi	3887207	manual_output_funchead_RANDOM2	5.02587303545
Marathi	4081765	manual_output_funchead_RANDOM2	4.7938458128
Marathi	4236718	manual_output_funchead_RANDOM	4.8425680253
Marathi	4315863726	manual_output_funchead_langmod_coarse_best_balanced	4.84379020216
Marathi	4903759	manual_output_funchead_RANDOM2	4.85127469449
Marathi	5216703	manual_output_funchead_RANDOM	4.93639639503
Marathi	5456841289	manual_output_funchead_two_coarse_parser_best_balanced	4.94674825063
Marathi	5529731670	manual_output_funchead_two_coarse_lambda09_best_large	4.73957054595
Marathi	5825529	manual_output_funchead_RANDOM2	4.78668200766
Marathi	6035819	manual_output_funchead_RANDOM	4.82410797848
Marathi	6045903	manual_output_funchead_RANDOM	4.82178785083
Marathi	6144808	manual_output_funchead_RANDOM	4.83133947527
Marathi	6186108	manual_output_funchead_RANDOM2	4.62921864163
Marathi	6413291	manual_output_funchead_RANDOM2	4.90600185322
Marathi	6734866	manual_output_funchead_ground_coarse_final	4.74856916346
Marathi	7369171	manual_output_funchead_RANDOM2	4.81647477709
Marathi	8101989	manual_output_funchead_RANDOM2	4.73568074416
Marathi	8604827	manual_output_funchead_RANDOM	4.84609914832
Marathi	8997772	manual_output_funchead_RANDOM	4.74863879611
Marathi	9275859	manual_output_funchead_RANDOM	4.86522826431
Marathi	9552091	manual_output_funchead_RANDOM2	4.93116337042
Norwegian	1014686	manual_output_funchead_RANDOM2	6.32983525323
Norwegian	1324451	manual_output_funchead_RANDOM	6.31790409188
Norwegian	1459695	manual_output_funchead_RANDOM	6.33266720962
Norwegian	1583012	manual_output_funchead_RANDOM	6.33252419483
Norwegian	1844330	manual_output_funchead_RANDOM2	6.39450734761
Norwegian	2541451	manual_output_funchead_coarse_depl	6.21655110832
Norwegian	2576966	manual_output_funchead_RANDOM	6.38795598053
Norwegian	393463	manual_output_funchead_RANDOM2	6.36818138869
Norwegian	4098986604	manual_output_funchead_two_coarse_lambda09_best_large	6.21611711653
Norwegian	5444616	manual_output_funchead_RANDOM2	6.32681546621
Norwegian	5648267	manual_output_funchead_ground_coarse_final	6.18562940895
Norwegian	5688226	manual_output_funchead_RANDOM	6.3582506944
Norwegian	605028	manual_output_funchead_RANDOM2	6.35921736098
Norwegian	6121729	manual_output_funchead_RANDOM2	6.32844522234
Norwegian	6143872	manual_output_funchead_RANDOM2	6.34606841423
Norwegian	6575353	manual_output_funchead_RANDOM2	6.29891241273
Norwegian	6869766	manual_output_funchead_RANDOM2	6.35501903405
Norwegian	7046681945	manual_output_funchead_two_coarse_lambda09_best_large	6.200703613
Norwegian	7433961	manual_output_funchead_RANDOM	6.3319497455
Norwegian	789696	manual_output_funchead_RANDOM2	6.31395808419
Norwegian	839137900	manual_output_funchead_two_coarse_parser_best_balanced	6.2685093037
Norwegian	8465037986	manual_output_funchead_langmod_coarse_best_balanced	6.18404276462
Norwegian	8909299	manual_output_funchead_RANDOM	6.32876086139
Norwegian	948010	manual_output_funchead_RANDOM	6.32502168307
Norwegian	9920757	manual_output_funchead_RANDOM2	6.38547628195
Old_Church_Slavonic	1246468	manual_output_funchead_coarse_depl	5.26988168605
Old_Church_Slavonic	1640771	manual_output_funchead_RANDOM	5.3522810928
Old_Church_Slavonic	2606498	manual_output_funchead_RANDOM	5.32951463584
Old_Church_Slavonic	3339919	manual_output_funchead_RANDOM2	5.371315067
Old_Church_Slavonic	3516001	manual_output_funchead_RANDOM	5.36763803978
Old_Church_Slavonic	3901401544	manual_output_funchead_two_coarse_lambda09_best_large	5.32250690023
Old_Church_Slavonic	4214867	manual_output_funchead_RANDOM2	5.3244133384
Old_Church_Slavonic	4450349	manual_output_funchead_RANDOM	5.36376584172
Old_Church_Slavonic	4613178219	manual_output_funchead_two_coarse_lambda09_best_large	5.31464496751
Old_Church_Slavonic	5142427	manual_output_funchead_RANDOM2	5.36229322516
Old_Church_Slavonic	5198584	manual_output_funchead_RANDOM	5.34722828802
Old_Church_Slavonic	5423474	manual_output_funchead_RANDOM2	5.39329003354
Old_Church_Slavonic	5521087	manual_output_funchead_RANDOM	5.37453170998
Old_Church_Slavonic	6323897	manual_output_funchead_RANDOM2	5.38479501848
Old_Church_Slavonic	6736621	manual_output_funchead_RANDOM2	5.329588904
Old_Church_Slavonic	6819098	manual_output_funchead_RANDOM	5.31847424883
Old_Church_Slavonic	7043806087	manual_output_funchead_two_coarse_parser_best_balanced	5.33046716697
Old_Church_Slavonic	7047647	manual_output_funchead_RANDOM	5.33571469644
Old_Church_Slavonic	718383	manual_output_funchead_RANDOM2	5.3263967617
Old_Church_Slavonic	7207203	manual_output_funchead_RANDOM2	5.32382733991
Old_Church_Slavonic	7624663	manual_output_funchead_RANDOM2	5.39588003969
Old_Church_Slavonic	821316	manual_output_funchead_RANDOM	5.35123472032
Old_Church_Slavonic	8517884	manual_output_funchead_RANDOM	5.36763236618
Old_Church_Slavonic	8735902	manual_output_funchead_ground_coarse_final	5.26022551146
Old_Church_Slavonic	9132102	manual_output_funchead_RANDOM2	5.35369231208
Old_Church_Slavonic	9533885	manual_output_funchead_RANDOM2	5.38282272459
Old_Church_Slavonic	9724758322	manual_output_funchead_langmod_coarse_best_balanced	5.2990356794
Old_Church_Slavonic	983555	manual_output_funchead_RANDOM	5.37801419284
Persian	1219040	manual_output_funchead_ground_coarse_final	6.5038503489
Persian	1308028	manual_output_funchead_RANDOM	6.7040716275
Persian	149784	manual_output_funchead_RANDOM2	6.6147915061
Persian	1681609021	manual_output_funchead_two_coarse_lambda09_best_large	6.49216081352
Persian	1804651	manual_output_funchead_RANDOM	6.61912954667
Persian	1916111	manual_output_funchead_RANDOM2	6.63402609758
Persian	2356170	manual_output_funchead_RANDOM2	6.5893845929
Persian	2599790	manual_output_funchead_RANDOM	6.65788343618
Persian	3180425	manual_output_funchead_RANDOM	6.67443902746
Persian	3552621256	manual_output_funchead_two_coarse_parser_best_balanced	6.59555617446
Persian	47429	manual_output_funchead_RANDOM2	6.71876018804
Persian	4755190	manual_output_funchead_RANDOM2	6.61201545432
Persian	4831626	manual_output_funchead_coarse_depl	6.53214697552
Persian	5082736	manual_output_funchead_RANDOM	6.60603213869
Persian	5136961867	manual_output_funchead_two_coarse_lambda09_best_large	6.47822537739
Persian	521913	manual_output_funchead_RANDOM2	6.57448373823
Persian	5256241782	manual_output_funchead_langmod_coarse_best_balanced	6.51957615497
Persian	5423613	manual_output_funchead_RANDOM	6.63243150107
Persian	5693391	manual_output_funchead_RANDOM	6.58858288921
Persian	5751809	manual_output_funchead_RANDOM2	6.59649915309
Persian	6143518	manual_output_funchead_RANDOM2	6.68815512591
Persian	6825524	manual_output_funchead_RANDOM2	6.64527224631
Persian	7862341	manual_output_funchead_RANDOM2	6.66654161225
Persian	7872290	manual_output_funchead_RANDOM	6.64076792598
Persian	8244222	manual_output_funchead_RANDOM2	6.59596411479
Persian	8934797	manual_output_funchead_RANDOM2	6.6119477769
Polish	1413236	manual_output_funchead_RANDOM2	6.90820071841
Polish	1460649719	manual_output_funchead_two_coarse_parser_best_balanced	6.87604143686
Polish	1587273	manual_output_funchead_RANDOM	6.86904779338
Polish	1830518	manual_output_funchead_ground_coarse_final	6.88530148652
Polish	194781	manual_output_funchead_RANDOM2	6.95651080799
Polish	1968808	manual_output_funchead_RANDOM2	6.89158562519
Polish	2666927	manual_output_funchead_RANDOM	6.87180456782
Polish	3230670	manual_output_funchead_RANDOM	6.90444673175
Polish	3421878	manual_output_funchead_RANDOM	6.94025708853
Polish	3672544	manual_output_funchead_RANDOM2	6.91309818936
Polish	4349938573	manual_output_funchead_langmod_coarse_best_balanced	6.85480859074
Polish	4466759	manual_output_funchead_RANDOM2	6.89277674568
Polish	4597851	manual_output_funchead_RANDOM2	6.8935571052
Polish	4813059	manual_output_funchead_RANDOM	6.88365140603
Polish	4896339	manual_output_funchead_RANDOM	6.92641407219
Polish	5172620	manual_output_funchead_coarse_depl	6.87235304644
Polish	5219254	manual_output_funchead_RANDOM	6.86436607389
Polish	5360600	manual_output_funchead_RANDOM	6.8533689845
Polish	5614060	manual_output_funchead_RANDOM	6.85898216451
Polish	5790044463	manual_output_funchead_two_coarse_lambda09_best_large	6.86433216399
Polish	5847437	manual_output_funchead_RANDOM	6.9426328564
Polish	6951943963	manual_output_funchead_two_coarse_lambda09_best_large	6.85990284324
Polish	7814312	manual_output_funchead_RANDOM	6.91820200567
Polish	8178563	manual_output_funchead_RANDOM2	6.88903049299
Polish	8471309	manual_output_funchead_RANDOM2	6.90390557658
Polish	8682181	manual_output_funchead_RANDOM2	6.85477743196
Polish	9736899	manual_output_funchead_RANDOM2	6.88983046392
Polish	9754982	manual_output_funchead_RANDOM2	6.90504331485
Portuguese	1840767	manual_output_funchead_RANDOM	5.96378165593
Portuguese	2239079	manual_output_funchead_RANDOM	5.97244162365
Portuguese	2304437	manual_output_funchead_RANDOM2	6.05133258296
Portuguese	2593069	manual_output_funchead_RANDOM	5.95494858327
Portuguese	2914809	manual_output_funchead_RANDOM	6.11967133041
Portuguese	3266598	manual_output_funchead_coarse_depl	5.85873601252
Portuguese	3466829	manual_output_funchead_RANDOM2	6.13128596258
Portuguese	3832112	manual_output_funchead_RANDOM2	6.05927335613
Portuguese	4161536	manual_output_funchead_RANDOM	6.04164116508
Portuguese	4176516	manual_output_funchead_ground_coarse_final	5.85024418231
Portuguese	4535723	manual_output_funchead_RANDOM2	6.03338935511
Portuguese	4625696	manual_output_funchead_RANDOM2	6.08167229738
Portuguese	5008733344	manual_output_funchead_two_coarse_lambda09_best_large	5.93339350495
Portuguese	5245130517	manual_output_funchead_two_coarse_lambda09_best_large	5.92418249183
Portuguese	6095384	manual_output_funchead_RANDOM2	6.00966824173
Portuguese	6141669	manual_output_funchead_RANDOM	6.00457545782
Portuguese	6231403	manual_output_funchead_RANDOM	5.99941112535
Portuguese	6638465	manual_output_funchead_RANDOM2	6.14131400839
Portuguese	6777674	manual_output_funchead_RANDOM2	6.06346323502
Portuguese	709947	manual_output_funchead_RANDOM2	5.96673743921
Portuguese	7383574	manual_output_funchead_RANDOM	5.98220645467
Portuguese	7686804	manual_output_funchead_RANDOM	6.04243057502
Portuguese	7802202	manual_output_funchead_RANDOM2	6.01433266481
Portuguese	7936960	manual_output_funchead_RANDOM2	6.03239974438
Portuguese	8015625621	manual_output_funchead_langmod_coarse_best_balanced	5.88353321335
Portuguese	8291610	manual_output_funchead_RANDOM	6.06305308127
Portuguese	8382174320	manual_output_funchead_two_coarse_parser_best_balanced	5.91957136369
Portuguese	9355664	manual_output_funchead_RANDOM	6.02553106939
Portuguese	9641132	manual_output_funchead_RANDOM2	6.17416344854
Romanian	1126019	manual_output_funchead_RANDOM2	6.99527116607
Romanian	1984006	manual_output_funchead_RANDOM	7.03464147808
Romanian	2009868706	manual_output_funchead_two_coarse_parser_best_balanced	6.87326269267
Romanian	2108238	manual_output_funchead_RANDOM	6.95629326574
Romanian	2185023806	manual_output_funchead_langmod_coarse_best_balanced	6.83967063733
Romanian	2990666	manual_output_funchead_RANDOM	6.93835157724
Romanian	3285927	manual_output_funchead_RANDOM2	6.89659028138
Romanian	373551	manual_output_funchead_RANDOM2	7.002193783
Romanian	3887999	manual_output_funchead_RANDOM	7.01893204206
Romanian	4119230459	manual_output_funchead_two_coarse_lambda09_best_large	6.83193546354
Romanian	4588041	manual_output_funchead_RANDOM	6.99296025726
Romanian	4865017	manual_output_funchead_RANDOM	7.02137518553
Romanian	4879774	manual_output_funchead_RANDOM2	6.9970543172
Romanian	5039715	manual_output_funchead_RANDOM2	7.01702307216
Romanian	5254907	manual_output_funchead_RANDOM2	6.93302933129
Romanian	5631856	manual_output_funchead_RANDOM	6.99751296175
Romanian	576616091	manual_output_funchead_two_coarse_lambda09_best_large	6.88304985212
Romanian	5810878	manual_output_funchead_RANDOM2	7.00656299317
Romanian	5880437	manual_output_funchead_RANDOM	7.00857686638
Romanian	643506	manual_output_funchead_ground_coarse_final	6.81364678756
Romanian	6710533	manual_output_funchead_RANDOM2	7.02324479346
Romanian	6741331	manual_output_funchead_RANDOM2	6.97594487898
Romanian	7040208	manual_output_funchead_RANDOM2	6.95407896674
Romanian	7349060	manual_output_funchead_coarse_depl	6.86858454715
Romanian	7801873	manual_output_funchead_RANDOM	6.96298595573
Romanian	7926223	manual_output_funchead_RANDOM2	6.97253548621
Romanian	8539039	manual_output_funchead_RANDOM	6.98748314473
Romanian	9936132	manual_output_funchead_RANDOM	6.98805639071
Russian	119122	manual_output_funchead_RANDOM	7.84039021819
Russian	1207423	manual_output_funchead_RANDOM2	7.87443590936
Russian	1241688	manual_output_funchead_RANDOM	7.84831867857
Russian	1654461679	manual_output_funchead_two_coarse_lambda09_best_large	7.76824970456
Russian	1654583	manual_output_funchead_RANDOM	7.8813158357
Russian	1935936	manual_output_funchead_ground_coarse_final	7.72678233292
Russian	2273815	manual_output_funchead_RANDOM	7.8238855346
Russian	2700935	manual_output_funchead_RANDOM2	7.82535380503
Russian	4052951187	manual_output_funchead_langmod_coarse_best_balanced	7.74025136097
Russian	4262316	manual_output_funchead_RANDOM2	7.88861923074
Russian	4509905	manual_output_funchead_RANDOM	7.8760210789
Russian	4674823	manual_output_funchead_RANDOM	7.85750504072
Russian	4920079	manual_output_funchead_RANDOM2	7.79745423926
Russian	4953955	manual_output_funchead_RANDOM	7.83566163281
Russian	4984733	manual_output_funchead_RANDOM	7.8230309237
Russian	5457228368	manual_output_funchead_two_coarse_lambda09_best_large	7.74253257595
Russian	5527159	manual_output_funchead_RANDOM2	7.83716483095
Russian	6361932	manual_output_funchead_RANDOM	7.86667281945
Russian	7245681	manual_output_funchead_coarse_depl	7.72845868693
Russian	7499745	manual_output_funchead_RANDOM2	7.88913948436
Russian	8424117	manual_output_funchead_RANDOM2	7.87035684085
Russian	8564291	manual_output_funchead_RANDOM2	7.86049702916
Russian	8905886	manual_output_funchead_RANDOM2	7.81714706663
Russian	9125867	manual_output_funchead_two_coarse_parser_best_balanced	7.74790520341
Russian	9145333	manual_output_funchead_RANDOM	7.78908513324
Russian	9488773	manual_output_funchead_RANDOM2	7.87519308093
Russian	9704704	manual_output_funchead_RANDOM2	7.81557670799
Russian	9864600	manual_output_funchead_RANDOM	7.78492661633
Serbian	1065044	manual_output_funchead_RANDOM2	6.97741232533
Serbian	1239530	manual_output_funchead_RANDOM2	7.03831182318
Serbian	130696	manual_output_funchead_RANDOM2	7.02243985508
Serbian	1746279	manual_output_funchead_RANDOM2	7.04757738304
Serbian	2674200	manual_output_funchead_RANDOM2	7.00096825446
Serbian	2854903	manual_output_funchead_RANDOM	7.05313610894
Serbian	294441	manual_output_funchead_ground_coarse_final	6.86719437368
Serbian	3865581	manual_output_funchead_RANDOM	6.92556235698
Serbian	436963	manual_output_funchead_RANDOM	7.05008718975
Serbian	5239516	manual_output_funchead_RANDOM	6.97363447233
Serbian	5570886	manual_output_funchead_RANDOM2	6.95966392241
Serbian	5649355	manual_output_funchead_RANDOM2	7.00743836296
Serbian	5826996	manual_output_funchead_coarse_depl	6.91139732934
Serbian	6209852	manual_output_funchead_RANDOM2	6.99070148706
Serbian	6275325	manual_output_funchead_RANDOM	7.00586831879
Serbian	6540054	manual_output_funchead_RANDOM	6.98622343198
Serbian	7051701	manual_output_funchead_RANDOM2	7.07910601892
Serbian	7392364811	manual_output_funchead_two_coarse_lambda09_best_large	6.88035665146
Serbian	7403297293	manual_output_funchead_langmod_coarse_best_balanced	6.90500028427
Serbian	7454441	manual_output_funchead_RANDOM	6.96751505147
Serbian	8246536	manual_output_funchead_RANDOM	7.01091269813
Serbian	8298185581	manual_output_funchead_two_coarse_parser_best_balanced	6.92363466412
Serbian	8679738	manual_output_funchead_RANDOM2	6.95975843333
Serbian	8779005273	manual_output_funchead_two_coarse_lambda09_best_large	6.89284485526
Serbian	9626862	manual_output_funchead_RANDOM2	7.02357976068
Serbian	972079	manual_output_funchead_RANDOM	7.0005729782
Serbian	9899786	manual_output_funchead_RANDOM	7.01468105864
Slovak	2671962	manual_output_funchead_RANDOM2	7.87774606306
Slovak	2713340704	manual_output_funchead_two_coarse_parser_best_balanced	7.8862203255
Slovak	2764684	manual_output_funchead_RANDOM	7.89965927788
Slovak	3302853	manual_output_funchead_RANDOM2	7.91782032913
Slovak	3835516	manual_output_funchead_RANDOM2	7.89387927871
Slovak	4487977	manual_output_funchead_RANDOM2	7.8884011911
Slovak	5561302	manual_output_funchead_RANDOM2	7.90835730461
Slovak	6583884	manual_output_funchead_RANDOM2	7.86766339892
Slovak	693888951	manual_output_funchead_langmod_coarse_best_balanced	7.82696506832
Slovak	7284773621	manual_output_funchead_two_coarse_lambda09_best_large	7.8666799003
Slovak	7368232	manual_output_funchead_RANDOM	7.89775453327
Slovak	7598341	manual_output_funchead_RANDOM2	7.8853169391
Slovak	7617770	manual_output_funchead_RANDOM	7.86054074201
Slovak	8032370	manual_output_funchead_RANDOM	7.89019887345
Slovak	8035392	manual_output_funchead_RANDOM2	7.93223376558
Slovak	8058440	manual_output_funchead_ground_coarse_final	7.92447954034
Slovak	8224848	manual_output_funchead_RANDOM	7.86542416475
Slovak	8295973	manual_output_funchead_RANDOM2	7.91697189346
Slovak	8359291	manual_output_funchead_RANDOM	7.83770759149
Slovak	8459479	manual_output_funchead_RANDOM	7.89876348944
Slovak	8585104	manual_output_funchead_RANDOM	7.86662295449
Slovak	8768895670	manual_output_funchead_two_coarse_lambda09_best_large	7.84481138001
Slovak	9129928	manual_output_funchead_RANDOM	7.85363990944
Slovak	9266442	manual_output_funchead_RANDOM2	7.8781004711
Slovak	9374684	manual_output_funchead_RANDOM	7.8884682955
Slovak	9472847	manual_output_funchead_RANDOM2	7.8800477135
Slovak	9493108	manual_output_funchead_coarse_depl	7.90366234148
Slovenian	1131642226	manual_output_funchead_two_coarse_lambda09_best_large	6.75255590446
Slovenian	1421536	manual_output_funchead_RANDOM2	6.82653750536
Slovenian	1595967	manual_output_funchead_RANDOM2	6.81352327475
Slovenian	1636524	manual_output_funchead_RANDOM2	6.83197992898
Slovenian	201514	manual_output_funchead_RANDOM2	6.84065660555
Slovenian	2065567	manual_output_funchead_RANDOM2	6.79385266579
Slovenian	2265959	manual_output_funchead_RANDOM2	6.79195149583
Slovenian	2400203	manual_output_funchead_RANDOM	6.83199908277
Slovenian	2424823	manual_output_funchead_RANDOM	6.81093757947
Slovenian	2436250560	manual_output_funchead_two_coarse_parser_best_balanced	6.82776674753
Slovenian	25393398	manual_output_funchead_two_coarse_lambda09_best_large	6.76058804235
Slovenian	3597197	manual_output_funchead_RANDOM	6.78512339803
Slovenian	3694258	manual_output_funchead_RANDOM2	6.8257735049
Slovenian	4049150	manual_output_funchead_RANDOM2	6.86808291819
Slovenian	4137314	manual_output_funchead_RANDOM2	6.81032350801
Slovenian	4568938	manual_output_funchead_RANDOM	6.80209291833
Slovenian	4595943	manual_output_funchead_RANDOM2	6.80073174738
Slovenian	4596982	manual_output_funchead_RANDOM	6.83065211002
Slovenian	4728781	manual_output_funchead_coarse_depl	6.74032500694
Slovenian	5286272	manual_output_funchead_RANDOM2	6.7993161692
Slovenian	5788559	manual_output_funchead_RANDOM	6.81997705015
Slovenian	5939582	manual_output_funchead_RANDOM	6.81253247129
Slovenian	7035781	manual_output_funchead_RANDOM	6.82829204376
Slovenian	7335440	manual_output_funchead_ground_coarse_final	6.77507300083
Slovenian	8183389	manual_output_funchead_RANDOM	6.8273126013
Slovenian	9638263698	manual_output_funchead_langmod_coarse_best_balanced	6.71417880518
Slovenian	9687263	manual_output_funchead_RANDOM	6.87021816942
Spanish	1127237	manual_output_funchead_RANDOM2	6.35586113218
Spanish	1165665	manual_output_funchead_RANDOM2	6.36606285368
Spanish	1647382	manual_output_funchead_RANDOM	6.31150968645
Spanish	2056300	manual_output_funchead_RANDOM	6.26880116239
Spanish	2174665	manual_output_funchead_RANDOM	6.29321766659
Spanish	2526955	manual_output_funchead_RANDOM2	6.40188965088
Spanish	3021568	manual_output_funchead_RANDOM	6.29451930669
Spanish	3111535	manual_output_funchead_RANDOM2	6.29621797678
Spanish	3508122133	manual_output_funchead_two_coarse_lambda09_best_large	6.13316883859
Spanish	3696527	manual_output_funchead_RANDOM2	6.27987516576
Spanish	3866756	manual_output_funchead_RANDOM	6.3253204807
Spanish	4047513575	manual_output_funchead_langmod_coarse_best_balanced	6.1465604731
Spanish	4206968	manual_output_funchead_coarse_depl	6.12127057076
Spanish	4303719988	manual_output_funchead_two_coarse_parser_best_balanced	6.19646611082
Spanish	4326519	manual_output_funchead_RANDOM	6.2804832431
Spanish	4594419	manual_output_funchead_ground_coarse_final	6.11747321718
Spanish	517971	manual_output_funchead_RANDOM	6.31676073193
Spanish	5226932	manual_output_funchead_RANDOM2	6.3054532654
Spanish	5679299	manual_output_funchead_RANDOM2	6.35045494523
Spanish	6766058353	manual_output_funchead_two_coarse_lambda09_best_large	6.11725940286
Spanish	7105378	manual_output_funchead_RANDOM	6.28332271085
Spanish	7156847	manual_output_funchead_RANDOM	6.42281633842
Spanish	7603125	manual_output_funchead_RANDOM2	6.41717618518
Spanish	8128962	manual_output_funchead_RANDOM2	6.29049956284
Spanish	8277205	manual_output_funchead_RANDOM2	6.39704767137
Spanish	8835445	manual_output_funchead_RANDOM	6.28982893336
Spanish	9204108	manual_output_funchead_RANDOM2	6.33979762384
Spanish	9679847	manual_output_funchead_RANDOM	6.34579755489
Swedish	1190734	manual_output_funchead_RANDOM2	6.57637802451
Swedish	1289001	manual_output_funchead_RANDOM	6.54352409316
Swedish	2352668	manual_output_funchead_RANDOM	6.60111797982
Swedish	2486520636	manual_output_funchead_langmod_coarse_best_balanced	6.51011839917
Swedish	2542697	manual_output_funchead_RANDOM2	6.52623960787
Swedish	3504455	manual_output_funchead_RANDOM	6.61132812159
Swedish	3553361	manual_output_funchead_RANDOM2	6.58933547001
Swedish	4399820	manual_output_funchead_RANDOM	6.57613475947
Swedish	4797689	manual_output_funchead_RANDOM2	6.60911405268
Swedish	4799515	manual_output_funchead_RANDOM2	6.55456594177
Swedish	4902096	manual_output_funchead_RANDOM2	6.6029821524
Swedish	4919893	manual_output_funchead_RANDOM	6.55013340514
Swedish	5035985	manual_output_funchead_RANDOM2	6.57020172748
Swedish	5305017	manual_output_funchead_RANDOM	6.61890028097
Swedish	5928472	manual_output_funchead_RANDOM	6.61078942481
Swedish	5945751659	manual_output_funchead_two_coarse_lambda09_best_large	6.51276585741
Swedish	6330696	manual_output_funchead_RANDOM2	6.59333991661
Swedish	691847957	manual_output_funchead_two_coarse_parser_best_balanced	6.53122409924
Swedish	7060514	manual_output_funchead_RANDOM	6.56503645794
Swedish	7251671	manual_output_funchead_RANDOM2	6.60366806608
Swedish	7266257	manual_output_funchead_RANDOM2	6.57315423308
Swedish	7609961975	manual_output_funchead_two_coarse_lambda09_best_large	6.47944237174
Swedish	8005853	manual_output_funchead_RANDOM	6.60517128824
Swedish	8596854	manual_output_funchead_RANDOM	6.60408629279
Swedish	8725567	manual_output_funchead_ground_coarse_final	6.4659870196
Swedish	9141734	manual_output_funchead_coarse_depl	6.48881865983
Swedish	9443005	manual_output_funchead_RANDOM2	6.61298465674
Tamil	1107378819	manual_output_funchead_two_coarse_parser_best_balanced	7.1854713259
Tamil	1962296	manual_output_funchead_RANDOM	7.22200237339
Tamil	1976591	manual_output_funchead_RANDOM	7.18559459221
Tamil	2137969	manual_output_funchead_RANDOM2	7.17723131115
Tamil	2279960	manual_output_funchead_RANDOM2	7.21182401455
Tamil	2363465	manual_output_funchead_RANDOM2	7.18777452194
Tamil	2525220	manual_output_funchead_RANDOM	7.20954731121
Tamil	285608	manual_output_funchead_RANDOM2	7.20306199968
Tamil	3234472513	manual_output_funchead_langmod_coarse_best_balanced	7.18887706327
Tamil	3433166	manual_output_funchead_RANDOM	7.21147235382
Tamil	4192998455	manual_output_funchead_two_coarse_lambda09_best_large	7.2080680156
Tamil	5040810	manual_output_funchead_RANDOM2	7.14712327739
Tamil	5098545	manual_output_funchead_ground_coarse_final	7.07122544839
Tamil	5292550	manual_output_funchead_RANDOM	7.16329200899
Tamil	5382477	manual_output_funchead_RANDOM	7.20248260406
Tamil	5437593	manual_output_funchead_RANDOM2	7.18223547909
Tamil	7340130	manual_output_funchead_RANDOM2	7.19609244025
Tamil	7415326	manual_output_funchead_RANDOM	7.23129756542
Tamil	7668504	manual_output_funchead_RANDOM	7.19906215237
Tamil	785076	manual_output_funchead_RANDOM	7.18582480206
Tamil	800383	manual_output_funchead_coarse_depl	7.18127550676
Tamil	8399284	manual_output_funchead_RANDOM2	7.23521742217
Tamil	8711707313	manual_output_funchead_two_coarse_lambda09_best_large	7.21607358921
Tamil	9344861	manual_output_funchead_RANDOM2	7.15631825396
Tamil	9547996	manual_output_funchead_RANDOM2	7.11993069332
Tamil	9651250	manual_output_funchead_RANDOM2	7.16172103806
Tamil	9723700	manual_output_funchead_RANDOM	7.20908332536
Telugu	1206641	manual_output_funchead_RANDOM	4.38244422384
Telugu	186127	manual_output_funchead_RANDOM2	4.37836490536
Telugu	2100047	manual_output_funchead_RANDOM2	4.41699807945
Telugu	2115251	manual_output_funchead_RANDOM2	4.42939484919
Telugu	214896	manual_output_funchead_RANDOM	4.40139403709
Telugu	240743	manual_output_funchead_RANDOM	4.37945808178
Telugu	3215079	manual_output_funchead_RANDOM2	4.41965962565
Telugu	3475905	manual_output_funchead_RANDOM2	4.37378869731
Telugu	3591418	manual_output_funchead_RANDOM	4.40123309993
Telugu	3645273	manual_output_funchead_RANDOM2	4.43718307606
Telugu	3951998013	manual_output_funchead_two_coarse_lambda09_best_large	4.39612876418
Telugu	4818092	manual_output_funchead_coarse_depl	4.30038810881
Telugu	5199296536	manual_output_funchead_two_coarse_parser_best_balanced	4.45120201384
Telugu	5331743	manual_output_funchead_RANDOM	4.4353566373
Telugu	5631934	manual_output_funchead_RANDOM2	4.37624956267
Telugu	615728	manual_output_funchead_RANDOM	4.38305873639
Telugu	6722645	manual_output_funchead_RANDOM	4.39299243196
Telugu	6994226783	manual_output_funchead_two_coarse_lambda09_best_large	4.33440984244
Telugu	7360002	manual_output_funchead_RANDOM	4.34564233428
Telugu	7403142	manual_output_funchead_RANDOM	4.37248572122
Telugu	7525511	manual_output_funchead_ground_coarse_final	4.24993514901
Telugu	8250608376	manual_output_funchead_langmod_coarse_best_balanced	4.32973163916
Telugu	8600359	manual_output_funchead_RANDOM2	4.33229050957
Telugu	8802510	manual_output_funchead_RANDOM	4.38795739071
Telugu	9447243	manual_output_funchead_RANDOM2	4.39493057424
Telugu	9608364	manual_output_funchead_RANDOM2	4.38549926418
Telugu	9969321	manual_output_funchead_RANDOM2	4.38633023163
Turkish	1035393965	manual_output_funchead_two_coarse_lambda09_best_large	7.12090051759
Turkish	1055798	manual_output_funchead_RANDOM2	7.12019731082
Turkish	1421943	manual_output_funchead_RANDOM	7.10812187188
Turkish	2228722	manual_output_funchead_RANDOM2	7.13047971049
Turkish	2600993	manual_output_funchead_RANDOM	7.0641151972
Turkish	2612262	manual_output_funchead_RANDOM	7.12349443757
Turkish	2788901	manual_output_funchead_RANDOM	7.1009882613
Turkish	295249	manual_output_funchead_RANDOM2	7.09657480614
Turkish	3965825	manual_output_funchead_RANDOM2	7.10844036844
Turkish	4307710	manual_output_funchead_RANDOM2	7.12843037503
Turkish	4598574	manual_output_funchead_RANDOM2	7.13437816463
Turkish	4881742	manual_output_funchead_RANDOM	7.11767259245
Turkish	4968554	manual_output_funchead_RANDOM2	7.11082547837
Turkish	5754928	manual_output_funchead_ground_coarse_final	7.00607420531
Turkish	6320014	manual_output_funchead_RANDOM2	7.11783489858
Turkish	6821175	manual_output_funchead_coarse_depl	7.10734423425
Turkish	6833006	manual_output_funchead_RANDOM2	7.13358409215
Turkish	6939375	manual_output_funchead_RANDOM2	7.13411553845
Turkish	7002253353	manual_output_funchead_two_coarse_parser_best_balanced	7.09092015002
Turkish	7326405	manual_output_funchead_RANDOM	7.13385420595
Turkish	8151228474	manual_output_funchead_two_coarse_lambda09_best_large	7.06738874879
Turkish	8187646	manual_output_funchead_RANDOM	7.11677037633
Turkish	8195032	manual_output_funchead_RANDOM	7.09302738494
Turkish	8267675	manual_output_funchead_RANDOM2	7.13027182143
Turkish	8884411876	manual_output_funchead_langmod_coarse_best_balanced	7.05444950463
Turkish	9289141	manual_output_funchead_RANDOM	7.11410783686
Ukrainian	1356979	manual_output_funchead_ground_coarse_final	8.22736686971
Ukrainian	1549316	manual_output_funchead_RANDOM	8.23258529796
Ukrainian	1695740	manual_output_funchead_RANDOM2	8.25392313161
Ukrainian	174754	manual_output_funchead_RANDOM2	8.26655510912
Ukrainian	2037596885	manual_output_funchead_two_coarse_parser_best_balanced	8.22985345478
Ukrainian	2422311	manual_output_funchead_RANDOM	8.2732495307
Ukrainian	3080998	manual_output_funchead_RANDOM2	8.26668293424
Ukrainian	3267897	manual_output_funchead_RANDOM2	8.23505759695
Ukrainian	5274698	manual_output_funchead_RANDOM	8.24291286096
Ukrainian	5355931	manual_output_funchead_RANDOM2	8.23191293755
Ukrainian	5745341	manual_output_funchead_RANDOM2	8.23542121199
Ukrainian	61834	manual_output_funchead_RANDOM	8.19242368696
Ukrainian	6204132549	manual_output_funchead_two_coarse_lambda09_best_large	8.22871511163
Ukrainian	6867191	manual_output_funchead_RANDOM2	8.24458096059
Ukrainian	6928366	manual_output_funchead_RANDOM	8.25838895242
Ukrainian	7364747851	manual_output_funchead_two_coarse_lambda09_best_large	8.22824442832
Ukrainian	7412692	manual_output_funchead_RANDOM	8.23755651311
Ukrainian	819778	manual_output_funchead_RANDOM2	8.21585446126
Ukrainian	8375462	manual_output_funchead_RANDOM	8.25577082764
Ukrainian	8433366	manual_output_funchead_RANDOM	8.26847911069
Ukrainian	8842355	manual_output_funchead_RANDOM2	8.23160614672
Ukrainian	8863917	manual_output_funchead_RANDOM	8.25820650656
Ukrainian	8866063	manual_output_funchead_coarse_depl	8.23988219533
Ukrainian	8881679248	manual_output_funchead_langmod_coarse_best_balanced	8.18747837785
Ukrainian	943232	manual_output_funchead_RANDOM2	8.25361442819
Ukrainian	9612817	manual_output_funchead_RANDOM	8.2500868843
Ukrainian	9693144	manual_output_funchead_RANDOM	8.19479723313
Ukrainian	9846752	manual_output_funchead_RANDOM2	8.20857067921
Urdu	1504501	manual_output_funchead_RANDOM2	5.96900699728
Urdu	1945516561	manual_output_funchead_two_coarse_lambda09_best_large	5.72395293933
Urdu	2105939435	manual_output_funchead_langmod_coarse_best_balanced	5.7049205895
Urdu	3562307529	manual_output_funchead_two_coarse_parser_best_balanced	5.88855870892
Urdu	3579893	manual_output_funchead_RANDOM	6.05761223203
Urdu	3970895	manual_output_funchead_RANDOM	5.95676311634
Urdu	4173638	manual_output_funchead_RANDOM2	5.93778842703
Urdu	4489329	manual_output_funchead_RANDOM	5.88788595308
Urdu	4695541	manual_output_funchead_RANDOM2	5.86099854163
Urdu	5325281	manual_output_funchead_ground_coarse_final	5.66067508396
Urdu	5769454	manual_output_funchead_RANDOM2	5.91369942601
Urdu	5780032	manual_output_funchead_RANDOM2	5.90110325667
Urdu	6011589	manual_output_funchead_RANDOM2	5.93350045578
Urdu	6083217	manual_output_funchead_RANDOM	6.0017919118
Urdu	6465959954	manual_output_funchead_two_coarse_lambda09_best_large	5.66065365434
Urdu	6774720	manual_output_funchead_RANDOM2	5.97223489232
Urdu	6828157	manual_output_funchead_RANDOM2	5.86731193983
Urdu	7266873	manual_output_funchead_RANDOM2	5.92488569285
Urdu	7516619	manual_output_funchead_RANDOM	5.93785358673
Urdu	80691	manual_output_funchead_RANDOM	5.91740940613
Urdu	8432834	manual_output_funchead_coarse_depl	5.73308150174
Urdu	844095	manual_output_funchead_RANDOM2	6.03636089889
Urdu	8731676	manual_output_funchead_RANDOM	5.89667410592
Urdu	9164359	manual_output_funchead_RANDOM2	5.88966752189
Urdu	9620656	manual_output_funchead_RANDOM	6.01179274877
Vietnamese	1171173532	manual_output_funchead_two_coarse_lambda09_best_large	6.3608758948
Vietnamese	1324370	manual_output_funchead_RANDOM2	6.39331612887
Vietnamese	1988915	manual_output_funchead_ground_coarse_final	6.3295924255
Vietnamese	2194242	manual_output_funchead_coarse_depl	6.33564717809
Vietnamese	2406644	manual_output_funchead_RANDOM	6.38496419942
Vietnamese	2770070	manual_output_funchead_RANDOM	6.39248748881
Vietnamese	2776899	manual_output_funchead_RANDOM	6.35088260456
Vietnamese	2830802	manual_output_funchead_RANDOM2	6.36840778667
Vietnamese	327869	manual_output_funchead_RANDOM2	6.39939350607
Vietnamese	4049653	manual_output_funchead_RANDOM2	6.39552468605
Vietnamese	4196966	manual_output_funchead_RANDOM2	6.39621865289
Vietnamese	446385011	manual_output_funchead_two_coarse_parser_best_balanced	6.36052119946
Vietnamese	4623228	manual_output_funchead_RANDOM	6.37483317204
Vietnamese	4730135	manual_output_funchead_RANDOM	6.38484348507
Vietnamese	4877500	manual_output_funchead_RANDOM2	6.38260141587
Vietnamese	5257160	manual_output_funchead_RANDOM2	6.41365985389
Vietnamese	557265	manual_output_funchead_RANDOM	6.36390091665
Vietnamese	581652	manual_output_funchead_RANDOM2	6.38431301468
Vietnamese	5898295	manual_output_funchead_RANDOM	6.39534150514
Vietnamese	6872399	manual_output_funchead_RANDOM2	6.3783661776
Vietnamese	6927336	manual_output_funchead_RANDOM2	6.36743560311
Vietnamese	7323470	manual_output_funchead_RANDOM	6.38515470568
Vietnamese	7979724	manual_output_funchead_RANDOM	6.41038735502
Vietnamese	8617334717	manual_output_funchead_langmod_coarse_best_balanced	6.34252193246
Vietnamese	8876442	manual_output_funchead_RANDOM2	6.35446966197
Vietnamese	9350967	manual_output_funchead_RANDOM	6.37507562187
Vietnamese	9864186953	manual_output_funchead_two_coarse_lambda09_best_large	6.34016503912
