acl	acl	Ancient_Greek	3813	0.870180959874
acl	acl	Arabic	4779	0.997907512032
acl	acl	Basque	915	0.0448087431694
acl	acl	Belarusian	45	0.8
acl	acl	Bulgarian	1438	0.989568845619
acl	acl	Catalan	8587	0.99627343659
acl	acl	Chinese	4951	0.305392849929
acl	acl	Coptic	262	0.988549618321
acl	acl	Croatian	3546	0.991539763113
acl	acl	Czech	28231	0.994119939074
acl	acl	Dutch	1346	0.738484398217
acl	acl	English	2823	0.925965285158
acl	acl	Estonian	1221	0.166257166257
acl	acl	Finnish	5918	0.326630618452
acl	acl	French	13277	0.928372373277
acl	acl	Galician	404	0.982673267327
acl	acl	German	2629	0.949410422214
acl	acl	Gothic	712	0.897471910112
acl	acl	Greek	377	0.846153846154
acl	acl	Hebrew	286	1.0
acl	acl	Hindi	2861	0.271583362461
acl	acl	Hungarian	248	0.983870967742
acl	acl	Indonesian	3027	0.980839114635
acl	acl	Italian	4182	0.974892395983
acl	acl	Japanese	9013	0.0
acl	acl	Korean	19951	0.000200491203448
acl	acl	Latin	14050	0.935871886121
acl	acl	Latvian	2216	0.920126353791
acl	acl	Lithuanian	30	0.8
acl	acl	Marathi	9	0.0
acl	acl	Norwegian	3321	0.972598614875
acl	acl	Old_Church_Slavonic	717	0.881450488145
acl	acl	Polish	355	1.0
acl	acl	Portuguese	2771	0.947311439913
acl	acl	Romanian	4595	0.993688792165
acl	acl	Russian	11490	0.751784160139
acl	acl	Serbian	1478	0.990527740189
acl	acl	Slovak	824	0.993932038835
acl	acl	Slovenian	2337	0.996576807873
acl	acl	Spanish	15066	0.96468870304
acl	acl	Swedish	863	1.0
acl	acl	Tamil	31	0.709677419355
acl	acl	Telugu	24	0.0
acl	acl	Turkish	1206	0.00580431177446
acl	acl	Ukrainian	1187	0.996630160067
acl	acl	Urdu	749	0.411214953271
acl	acl:cleft	French	2	1.0
acl	acl:inf	Hebrew	261	1.0
acl	acl:inf	Portuguese	56	0.982142857143
acl	acl:part	Portuguese	2576	0.930124223602
acl	acl:relcl	Belarusian	47	1.0
acl	acl:relcl	Chinese	1609	0.00248601615911
acl	acl:relcl	Danish	1633	0.967544396816
acl	acl:relcl	Dutch	2542	0.999606608969
acl	acl:relcl	English	3172	0.998738965952
acl	acl:relcl	Estonian	758	0.990765171504
acl	acl:relcl	Finnish	1892	0.998942917548
acl	acl:relcl	French	8499	0.998705730086
acl	acl:relcl	Greek	740	1.0
acl	acl:relcl	Hebrew	2736	1.0
acl	acl:relcl	Hindi	1081	0.657724329325
acl	acl:relcl	Irish	264	1.0
acl	acl:relcl	Italian	3894	0.998715973292
acl	acl:relcl	Korean	2735	0.00255941499086
acl	acl:relcl	Lithuanian	36	0.916666666667
acl	acl:relcl	Marathi	3	0.0
acl	acl:relcl	Norwegian	7411	0.999055458103
acl	acl:relcl	Persian	1279	0.998436278342
acl	acl:relcl	Portuguese	5350	0.998878504673
acl	acl:relcl	Russian	6811	0.998972250771
acl	acl:relcl	Spanish	5150	0.998834951456
acl	acl:relcl	Swedish	1898	0.99841938883
acl	acl:relcl	Telugu	30	0.0666666666667
acl	acl:relcl	Urdu	797	0.621079046424
advcl	advcl	Ancient_Greek	18118	0.448725024837
advcl	advcl	Arabic	1426	0.895511921459
advcl	advcl	Basque	4232	0.378780718336
advcl	advcl	Belarusian	51	0.490196078431
advcl	advcl	Bulgarian	1449	0.654244306418
advcl	advcl	Catalan	6039	0.849312800132
advcl	advcl	Chinese	145	0.0
advcl	advcl	Coptic	274	0.715328467153
advcl	advcl	Croatian	1641	0.676416819013
advcl	advcl	Czech	14747	0.668813996067
advcl	advcl	Danish	1002	0.967065868263
advcl	advcl	Dutch	2815	0.710479573712
advcl	advcl	English	6098	0.749426041325
advcl	advcl	Estonian	1838	0.708922742111
advcl	advcl	Finnish	6161	0.720824541471
advcl	advcl	French	7749	0.751064653504
advcl	advcl	Galician	227	0.845814977974
advcl	advcl	German	1347	0.706755753526
advcl	advcl	Gothic	2059	0.546867411365
advcl	advcl	Greek	663	0.751131221719
advcl	advcl	Hebrew	1028	0.732490272374
advcl	advcl	Hindi	4052	0.0668805528134
advcl	advcl	Hungarian	307	0.684039087948
advcl	advcl	Indonesian	1205	0.78755186722
advcl	advcl	Irish	167	0.850299401198
advcl	advcl	Italian	4832	0.722268211921
advcl	advcl	Japanese	4189	0.0
advcl	advcl	Korean	22488	0.00324617573817
advcl	advcl	Latin	17368	0.533452326117
advcl	advcl	Latvian	1177	0.642310960068
advcl	advcl	Lithuanian	57	0.649122807018
advcl	advcl	Marathi	105	0.00952380952381
advcl	advcl	Norwegian	9274	0.823269355187
advcl	advcl	Old_Church_Slavonic	2479	0.470754336426
advcl	advcl	Persian	865	0.197687861272
advcl	advcl	Polish	522	0.637931034483
advcl	advcl	Portuguese	4560	0.754166666667
advcl	advcl	Romanian	3292	0.736634264885
advcl	advcl	Russian	10428	0.593785960875
advcl	advcl	Serbian	546	0.712454212454
advcl	advcl	Slovak	769	0.596879063719
advcl	advcl	Slovenian	1390	0.594244604317
advcl	advcl	Spanish	11873	0.836182936073
advcl	advcl	Swedish	2437	0.718506360279
advcl	advcl	Tamil	277	0.0216606498195
advcl	advcl	Telugu	110	0.00909090909091
advcl	advcl	Ukrainian	1113	0.650494159928
advcl	advcl	Urdu	1655	0.210271903323
advcl	advcl	Vietnamese	416	0.322115384615
advcl	advcl:cond	Telugu	14	0.0
advcl	advcl:sp	Ukrainian	56	0.553571428571
advcl	advcl:svc	Ukrainian	25	0.96
advcl	advcl:tcl	Romanian	147	0.489795918367
advmod	advmod	Afrikaans	1311	0.338672768879
advmod	advmod	Ancient_Greek	43223	0.226407236888
advmod	advmod	Arabic	24060	0.81068162926
advmod	advmod	Basque	5324	0.188580015026
advmod	advmod	Belarusian	270	0.125925925926
advmod	advmod	Bulgarian	6440	0.191925465839
advmod	advmod	Catalan	14306	0.334125541731
advmod	advmod	Chinese	3572	0.0277155655095
advmod	advmod	Coptic	523	0.694072657744
advmod	advmod	Croatian	7449	0.0984024701302
advmod	advmod	Czech	83987	0.243168585614
advmod	advmod	Danish	6511	0.359698970972
advmod	advmod	Dutch	14501	0.230191021309
advmod	advmod	English	18144	0.265321869489
advmod	advmod	Estonian	7621	0.306521453877
advmod	advmod	Finnish	25645	0.341236108403
advmod	advmod	French	36866	0.333043997179
advmod	advmod	Galician	1756	0.23291571754
advmod	advmod	German	16682	0.214482675938
advmod	advmod	Gothic	3155	0.182567353407
advmod	advmod	Greek	2326	0.371023215821
advmod	advmod	Hebrew	4930	0.383975659229
advmod	advmod	Hindi	5406	0.0164631890492
advmod	advmod	Hungarian	336	0.0625
advmod	advmod	Indonesian	4748	0.117312552654
advmod	advmod	Irish	411	0.669099756691
advmod	advmod	Italian	14579	0.209890939022
advmod	advmod	Japanese	3455	0.0
advmod	advmod	Korean	24982	0.0142502601873
advmod	advmod	Latin	29467	0.154070655309
advmod	advmod	Latvian	4027	0.14477278371
advmod	advmod	Lithuanian	241	0.0622406639004
advmod	advmod	Marathi	130	0.0692307692308
advmod	advmod	Norwegian	32670	0.297490052036
advmod	advmod	Old_Church_Slavonic	3107	0.194399742517
advmod	advmod	Persian	4329	0.042042042042
advmod	advmod	Polish	5119	0.214690369213
advmod	advmod	Portuguese	16140	0.244609665428
advmod	advmod	Romanian	9754	0.246873077712
advmod	advmod	Russian	51102	0.136628703378
advmod	advmod	Serbian	2072	0.0897683397683
advmod	advmod	Slovak	4430	0.213318284424
advmod	advmod	Slovenian	13303	0.230173645042
advmod	advmod	Spanish	29139	0.285802532688
advmod	advmod	Swedish	10359	0.343276378029
advmod	advmod	Tamil	331	0.00906344410876
advmod	advmod	Telugu	223	0.0448430493274
advmod	advmod	Turkish	1571	0.1088478676
advmod	advmod	Ukrainian	4639	0.147230006467
advmod	advmod	Urdu	9605	0.0183237896929
advmod	advmod	Vietnamese	2398	0.245204336947
advmod	advmod:discourse	Belarusian	20	0.1
advmod	advmod:emph	Arabic	1207	0.222866611433
advmod	advmod:emph	Catalan	1	0.0
advmod	advmod:emph	Croatian	39	0.0
advmod	advmod:emph	Czech	30253	0.00796615211715
advmod	advmod:emph	Latin	3211	0.141077545936
advmod	advmod:emph	Lithuanian	63	0.015873015873
advmod	advmod:emph	Slovak	812	0.00246305418719
advmod	advmod:emph	Tamil	179	0.977653631285
advmod	advmod:emph	Turkish	805	0.878260869565
advmod	advmod:inf	Hebrew	12	1.0
advmod	advmod:locy	Hungarian	57	0.122807017544
advmod	advmod:mode	Hungarian	1041	0.108549471662
advmod	advmod:obl	Hungarian	4	0.75
advmod	advmod:phrase	Hebrew	161	0.503105590062
advmod	advmod:quant	Estonian	135	0.037037037037
advmod	advmod:que	Hungarian	18	0.888888888889
advmod	advmod:tfrom	Hungarian	12	0.166666666667
advmod	advmod:tlocy	Hungarian	517	0.0967117988395
advmod	advmod:tmod	Romanian	207	0.212560386473
advmod	advmod:to	Hungarian	18	0.388888888889
advmod	advmod:tto	Hungarian	27	0.037037037037
amod	amod	Afrikaans	3465	0.288311688312
amod	amod	Ancient_Greek	4353	0.549506087756
amod	amod	Arabic	77043	0.983476759732
amod	amod	Basque	3340	0.716467065868
amod	amod	Belarusian	627	0.00478468899522
amod	amod	Bulgarian	10638	0.0349689791314
amod	amod	Catalan	22247	0.782667325932
amod	amod	Chinese	1812	0.00165562913907
amod	amod	Coptic	6	1.0
amod	amod	Croatian	16880	0.0156398104265
amod	amod	Czech	213276	0.0777959076502
amod	amod	Danish	5214	0.136363636364
amod	amod	Dutch	15089	0.0361190271058
amod	amod	English	17186	0.0566158501106
amod	amod	Estonian	4533	0.0372821530995
amod	amod	Finnish	15062	0.00670561678396
amod	amod	French	45130	0.707001994239
amod	amod	Galician	9009	0.794871794872
amod	amod	German	15601	0.0222421639638
amod	amod	Gothic	709	0.543018335684
amod	amod	Greek	3594	0.0350584307179
amod	amod	Hebrew	6932	1.0
amod	amod	Hindi	12900	0.026511627907
amod	amod	Indonesian	4143	0.88848660391
amod	amod	Irish	407	0.970515970516
amod	amod	Italian	20463	0.677759859258
amod	amod	Japanese	2414	0.0
amod	amod	Korean	16733	0.00203191298631
amod	amod	Latin	15756	0.537128712871
amod	amod	Latvian	3701	0.00432315590381
amod	amod	Lithuanian	237	0.0253164556962
amod	amod	Marathi	80	0.0
amod	amod	Norwegian	26618	0.0489518371027
amod	amod	Old_Church_Slavonic	1203	0.800498753117
amod	amod	Persian	8107	0.933514246947
amod	amod	Polish	5640	0.353723404255
amod	amod	Portuguese	23078	0.686671288673
amod	amod	Romanian	12319	0.877993343616
amod	amod	Russian	91551	0.0245983113237
amod	amod	Serbian	6568	0.00395858708892
amod	amod	Slovak	6527	0.0428987283591
amod	amod	Slovenian	11230	0.0259127337489
amod	amod	Spanish	49119	0.731142734991
amod	amod	Swedish	8235	0.0338797814208
amod	amod	Tamil	538	0.00371747211896
amod	amod	Telugu	68	0.0147058823529
amod	amod	Turkish	2884	0.0228848821082
amod	amod	Ukrainian	6885	0.0461873638344
amod	amod	Urdu	6193	0.00726626836751
amod	amod	Vietnamese	889	0.876265466817
amod	amod:att	Hungarian	3787	0.00132030631106
amod	amod:attlvc	Hungarian	3	0.0
amod	amod:mode	Hungarian	164	0.0609756097561
amod	amod:obl	Hungarian	48	0.166666666667
appos	appos	Afrikaans	53	1.0
appos	appos	Ancient_Greek	2697	0.933259176863
appos	appos	Arabic	9070	0.976074972437
appos	appos	Basque	457	0.99124726477
appos	appos	Belarusian	38	0.973684210526
appos	appos	Bulgarian	31	0.903225806452
appos	appos	Catalan	6791	0.997938447946
appos	appos	Chinese	1254	0.558213716108
appos	appos	Coptic	52	1.0
appos	appos	Croatian	2742	0.988694383662
appos	appos	Czech	9698	0.997319034853
appos	appos	Danish	320	0.978125
appos	appos	Dutch	3862	0.997151734852
appos	appos	English	2129	0.977923907938
appos	appos	Estonian	392	0.987244897959
appos	appos	Finnish	1257	1.0
appos	appos	French	7043	0.976998438166
appos	appos	Galician	40	1.0
appos	appos	German	6757	0.988456415569
appos	appos	Gothic	609	0.91789819376
appos	appos	Greek	199	0.989949748744
appos	appos	Hebrew	1556	0.996786632391
appos	appos	Hungarian	192	0.828125
appos	appos	Indonesian	2444	0.983633387889
appos	appos	Irish	66	1.0
appos	appos	Italian	1196	1.0
appos	appos	Korean	2313	0.805015131863
appos	appos	Latin	2060	0.922815533981
appos	appos	Latvian	4	1.0
appos	appos	Lithuanian	33	1.0
appos	appos	Marathi	2	1.0
appos	appos	Norwegian	1892	1.0
appos	appos	Old_Church_Slavonic	382	0.895287958115
appos	appos	Persian	528	0.979166666667
appos	appos	Polish	350	1.0
appos	appos	Portuguese	8598	0.998836938823
appos	appos	Romanian	1123	0.988423864648
appos	appos	Russian	10460	0.990917782027
appos	appos	Serbian	566	0.980565371025
appos	appos	Slovak	223	1.0
appos	appos	Slovenian	405	1.0
appos	appos	Spanish	15585	0.988001283285
appos	appos	Swedish	635	1.0
appos	appos	Tamil	7	1.0
appos	appos	Turkish	47	0.659574468085
appos	appos	Ukrainian	502	1.0
appos	appos	Vietnamese	53	0.981132075472
aux	aux	Afrikaans	1240	0.216129032258
aux	aux	Ancient_Greek	62	0.387096774194
aux	aux	Arabic	7176	0.0124024526198
aux	aux	Basque	8312	0.914821944177
aux	aux	Belarusian	24	0.166666666667
aux	aux	Bulgarian	4771	0.0169775728359
aux	aux	Catalan	16682	0.011629301043
aux	aux	Chinese	789	0.0
aux	aux	Coptic	621	0.0
aux	aux	Croatian	7067	0.295599264186
aux	aux	Czech	20270	0.154218056241
aux	aux	Danish	2831	0.0190745319675
aux	aux	Dutch	5016	0.0837320574163
aux	aux	English	10900	0.00385321100917
aux	aux	Estonian	2605	0.0529750479846
aux	aux	Finnish	11627	0.0211576502967
aux	aux	French	12212	0.000655093350802
aux	aux	Galician	1197	0.0208855472013
aux	aux	German	2923	0.327061238454
aux	aux	Gothic	78	0.974358974359
aux	aux	Greek	1827	0.00383141762452
aux	aux	Hebrew	648	0.0787037037037
aux	aux	Hindi	10357	0.998551704161
aux	aux	Hungarian	19	0.526315789474
aux	aux	Indonesian	3	0.0
aux	aux	Italian	7559	0.00251355999471
aux	aux	Japanese	20746	1.0
aux	aux	Korean	17518	0.999543326864
aux	aux	Latin	672	0.813988095238
aux	aux	Latvian	1168	0.0393835616438
aux	aux	Lithuanian	29	0.0344827586207
aux	aux	Marathi	122	0.94262295082
aux	aux	Norwegian	15786	0.00361079437476
aux	aux	Old_Church_Slavonic	1182	0.889170896785
aux	aux	Persian	2051	0.508532423208
aux	aux	Polish	944	0.734110169492
aux	aux	Portuguese	4878	0.00451004510045
aux	aux	Romanian	4791	0.00981006053016
aux	aux	Russian	2153	0.357640501626
aux	aux	Serbian	3614	0.323741007194
aux	aux	Slovak	2010	0.432338308458
aux	aux	Slovenian	7226	0.0686410185441
aux	aux	Spanish	12789	0.0148565173196
aux	aux	Swedish	3577	0.00391389432485
aux	aux	Tamil	464	0.995689655172
aux	aux	Ukrainian	170	0.341176470588
aux	aux	Urdu	7955	0.996228786926
aux	aux	Vietnamese	162	0.0432098765432
aux	aux:caus	Chinese	176	0.0
aux	aux:caus	French	503	0.0
aux	aux:pass	Afrikaans	758	0.84036939314
aux	aux:pass	Ancient_Greek	42	0.404761904762
aux	aux:pass	Arabic	100	0.03
aux	aux:pass	Belarusian	14	0.0714285714286
aux	aux:pass	Bulgarian	869	0.0448791714614
aux	aux:pass	Chinese	383	0.0
aux	aux:pass	Croatian	967	0.259565667011
aux	aux:pass	Czech	8120	0.0163793103448
aux	aux:pass	Dutch	3030	0.146534653465
aux	aux:pass	English	1937	0.0170366546205
aux	aux:pass	Finnish	666	0.003003003003
aux	aux:pass	French	6564	0.00091407678245
aux	aux:pass	Galician	20	0.0
aux	aux:pass	German	3314	0.337356668678
aux	aux:pass	Gothic	1	1.0
aux	aux:pass	Hindi	9957	0.999497840715
aux	aux:pass	Italian	2638	0.00113722517058
aux	aux:pass	Latin	2832	0.811793785311
aux	aux:pass	Lithuanian	2	0.0
aux	aux:pass	Marathi	7	1.0
aux	aux:pass	Norwegian	2078	0.0
aux	aux:pass	Persian	196	0.994897959184
aux	aux:pass	Polish	258	0.15503875969
aux	aux:pass	Portuguese	3274	0.000610873549175
aux	aux:pass	Romanian	1517	0.00395517468688
aux	aux:pass	Russian	2801	0.0271331667262
aux	aux:pass	Slovak	72	0.0138888888889
aux	aux:pass	Spanish	1832	0.00218340611354
aux	aux:pass	Swedish	123	0.00813008130081
aux	aux:pass	Vietnamese	270	0.17037037037
aux	aux:q	Hebrew	42	0.0
aux	aux:q	Turkish	161	1.0
case	case	Afrikaans	5	0.0
case	case	Ancient_Greek	19	0.0
case	case	Czech	1	0.0
case	case	Danish	15	0.0
case	case	Dutch	1	0.0
case	case	French	7	0.0
case	case	Galician	56	0.839285714286
case	case	Gothic	3	0.0
case	case	Hebrew	4	0.0
case	case	Hindi	4	1.0
case	case	Italian	2	0.5
case	case	Latin	2	0.0
case	case	Polish	1	1.0
case	case	Portuguese	8	0.125
case	case	Romanian	20	0.15
case	case	Russian	7	0.0
case	case	Slovenian	1	0.0
case	case	Spanish	4	0.5
case	case	Urdu	12	0.583333333333
case	case	Vietnamese	3	0.333333333333
case	case:suff	Chinese	145	0.00689655172414
cc	cc	Ancient_Greek	2	1.0
cc	cc	Arabic	275	0.810909090909
cc	cc	Catalan	50	0.86
cc	cc	Czech	509	0.0098231827112
cc	cc	English	39	0.0
cc	cc	French	5	0.0
cc	cc	Greek	7	0.0
cc	cc	Hebrew	97	0.0103092783505
cc	cc	Italian	1	1.0
cc	cc	Korean	4	0.0
cc	cc	Latin	8	0.625
cc	cc	Portuguese	5	0.0
cc	cc	Slovak	3	0.0
cc	cc	Spanish	57	0.912280701754
cc	cc	Turkish	2	0.0
cc	cc:preconj	Estonian	3	0.0
ccomp	ccomp	Afrikaans	756	0.970899470899
ccomp	ccomp	Ancient_Greek	3711	0.921045540286
ccomp	ccomp	Arabic	19057	0.979482604817
ccomp	ccomp	Basque	948	0.457805907173
ccomp	ccomp	Belarusian	72	0.666666666667
ccomp	ccomp	Bulgarian	1925	0.936623376623
ccomp	ccomp	Catalan	3747	0.876701361089
ccomp	ccomp	Chinese	1973	0.852508869742
ccomp	ccomp	Coptic	158	1.0
ccomp	ccomp	Croatian	1644	0.994525547445
ccomp	ccomp	Czech	12236	0.792661000327
ccomp	ccomp	Danish	518	0.557915057915
ccomp	ccomp	Dutch	2083	0.916946711474
ccomp	ccomp	English	3300	0.956666666667
ccomp	ccomp	Estonian	615	0.973983739837
ccomp	ccomp	Finnish	3381	0.931381248151
ccomp	ccomp	French	3295	0.964795144158
ccomp	ccomp	Galician	5751	0.963136845766
ccomp	ccomp	German	721	0.787794729542
ccomp	ccomp	Gothic	672	0.964285714286
ccomp	ccomp	Greek	583	0.965694682676
ccomp	ccomp	Hebrew	882	0.985260770975
ccomp	ccomp	Hungarian	62	0.838709677419
ccomp	ccomp	Indonesian	430	0.946511627907
ccomp	ccomp	Irish	188	0.941489361702
ccomp	ccomp	Italian	2151	0.986982798698
ccomp	ccomp	Japanese	292	0.0
ccomp	ccomp	Korean	15058	0.000664098817904
ccomp	ccomp	Latin	6023	0.773368753113
ccomp	ccomp	Latvian	1152	0.926215277778
ccomp	ccomp	Lithuanian	40	0.875
ccomp	ccomp	Marathi	22	0.681818181818
ccomp	ccomp	Norwegian	3821	0.986390997121
ccomp	ccomp	Old_Church_Slavonic	623	0.983948635634
ccomp	ccomp	Persian	3711	0.997305308542
ccomp	ccomp	Polish	585	0.989743589744
ccomp	ccomp	Portuguese	3628	0.726571113561
ccomp	ccomp	Romanian	2222	0.990549054905
ccomp	ccomp	Russian	5682	0.980288630764
ccomp	ccomp	Serbian	1059	1.0
ccomp	ccomp	Slovak	1209	0.541770057899
ccomp	ccomp	Slovenian	1275	0.983529411765
ccomp	ccomp	Spanish	6714	0.830503425678
ccomp	ccomp	Swedish	941	0.985122210414
ccomp	ccomp	Tamil	117	0.00854700854701
ccomp	ccomp	Telugu	84	0.0357142857143
ccomp	ccomp	Turkish	32	0.03125
ccomp	ccomp	Ukrainian	448	0.982142857143
ccomp	ccomp	Vietnamese	899	0.979977753059
ccomp	ccomp:obj	Hungarian	176	0.840909090909
ccomp	ccomp:obl	Hungarian	122	0.926229508197
ccomp	ccomp:pmod	Romanian	191	0.994764397906
ccomp	ccomp:pred	Hungarian	15	1.0
clf	clf	Chinese	2015	0.0
compound	compound	Arabic	653	0.00153139356815
compound	compound	Basque	1317	0.0
compound	compound	Belarusian	19	0.0
compound	compound	Bulgarian	2	1.0
compound	compound	Catalan	2991	0.997993981946
compound	compound	Croatian	2139	0.510518934081
compound	compound	Czech	2654	0.747550866616
compound	compound	English	10842	0.0164176351227
compound	compound	Estonian	52	0.230769230769
compound	compound	Finnish	226	0.00442477876106
compound	compound	French	901	0.581576026637
compound	compound	Galician	10	1.0
compound	compound	German	1189	0.0723296888141
compound	compound	Greek	70	0.0142857142857
compound	compound	Hindi	32607	0.00665501272733
compound	compound	Hungarian	107	0.0
compound	compound	Indonesian	6748	0.977622999407
compound	compound	Irish	923	0.949079089924
compound	compound	Italian	1031	1.0
compound	compound	Japanese	15362	0.077984637417
compound	compound	Korean	22456	8.90630566441e-05
compound	compound	Latin	14	0.714285714286
compound	compound	Latvian	275	0.989090909091
compound	compound	Lithuanian	4	0.0
compound	compound	Marathi	6	0.166666666667
compound	compound	Norwegian	538	0.206319702602
compound	compound	Persian	270	0.0518518518519
compound	compound	Portuguese	507	0.844181459566
compound	compound	Romanian	71	0.87323943662
compound	compound	Russian	1071	0.169934640523
compound	compound	Serbian	1046	0.231357552581
compound	compound	Slovak	5	0.0
compound	compound	Spanish	2691	0.901151988109
compound	compound	Swedish	19	0.0
compound	compound	Tamil	13	0.846153846154
compound	compound	Telugu	36	0.0
compound	compound	Turkish	1811	0.930977360574
compound	compound	Ukrainian	328	0.353658536585
compound	compound	Urdu	16165	0.00847510052583
compound	compound	Vietnamese	2489	0.738850944154
compound	compound:lvc	Marathi	38	0.0
compound	compound:lvc	Persian	4947	0.0018192844148
compound	compound:lvc	Telugu	61	0.0
compound	compound:lvc	Turkish	430	1.0
compound	compound:nn	Finnish	1414	0.0106082036775
compound	compound:plur	Indonesian	599	1.0
compound	compound:preverb	Hungarian	369	0.829268292683
compound	compound:prt	Afrikaans	275	0.389090909091
compound	compound:prt	Danish	361	0.775623268698
compound	compound:prt	Dutch	2514	0.616547334924
compound	compound:prt	English	1205	0.996680497925
compound	compound:prt	Estonian	1326	0.632730015083
compound	compound:prt	Finnish	596	0.894295302013
compound	compound:prt	German	1430	0.981118881119
compound	compound:prt	Irish	4	1.0
compound	compound:prt	Norwegian	4940	0.968218623482
compound	compound:prt	Persian	89	0.0112359550562
compound	compound:prt	Swedish	1310	0.996946564885
compound	compound:prt	Tamil	1	1.0
compound	compound:redup	Marathi	1	0.0
compound	compound:redup	Telugu	15	0.0
compound	compound:redup	Turkish	163	0.993865030675
compound	compound:smixut	Hebrew	7985	1.0
compound	compound:svc	Marathi	31	0.967741935484
compound	compound:svc	Telugu	70	0.0
compound	compound:svc	Ukrainian	5	1.0
conj	conj	Afrikaans	1705	0.992375366569
conj	conj	Ancient_Greek	18444	0.999512036435
conj	conj	Arabic	40099	0.998204444001
conj	conj	Basque	4167	1.0
conj	conj	Belarusian	315	1.0
conj	conj	Bulgarian	5008	0.999800319489
conj	conj	Catalan	14250	0.999929824561
conj	conj	Chinese	2862	1.0
conj	conj	Coptic	265	0.939622641509
conj	conj	Croatian	8762	0.996119607396
conj	conj	Czech	99810	0.999969942891
conj	conj	Danish	3163	0.962061334176
conj	conj	Dutch	8025	0.998629283489
conj	conj	English	13062	0.991502067065
conj	conj	Estonian	4775	1.0
conj	conj	Finnish	15295	0.990781301079
conj	conj	French	30119	0.994953351705
conj	conj	Galician	629	0.982511923688
conj	conj	German	11322	0.998763469352
conj	conj	Gothic	2721	0.999264976112
conj	conj	Greek	1784	0.999439461883
conj	conj	Hebrew	4972	0.999798873693
conj	conj	Hindi	6697	1.0
conj	conj	Hungarian	1358	0.950662739323
conj	conj	Indonesian	4298	0.999534667287
conj	conj	Irish	457	0.997811816193
conj	conj	Italian	13150	0.999315589354
conj	conj	Korean	22481	0.965882300609
conj	conj	Latin	19104	0.999214824121
conj	conj	Latvian	4289	0.999067381674
conj	conj	Lithuanian	311	0.996784565916
conj	conj	Marathi	91	1.0
conj	conj	Norwegian	21621	1.0
conj	conj	Old_Church_Slavonic	2780	0.998201438849
conj	conj	Persian	7884	0.999112125824
conj	conj	Polish	2368	1.0
conj	conj	Portuguese	15158	0.998878480011
conj	conj	Romanian	8666	0.999884606508
conj	conj	Russian	50603	0.999150248009
conj	conj	Serbian	2877	1.0
conj	conj	Slovak	3524	1.0
conj	conj	Slovenian	5317	0.993605416588
conj	conj	Spanish	31224	0.999551626954
conj	conj	Swedish	6466	0.995205691308
conj	conj	Tamil	187	1.0
conj	conj	Telugu	47	1.0
conj	conj	Turkish	3085	0.796758508914
conj	conj	Ukrainian	4471	0.99955267278
conj	conj	Urdu	3487	0.999713220533
conj	conj	Vietnamese	1131	0.999115826702
conj	conj:discourse	Hebrew	108	1.0
conj	conj:extend	Slovenian	37	0.891891891892
conj	conj:svc	Ukrainian	2	1.0
cop	cop	Afrikaans	8	0.25
cop	cop	Ancient_Greek	1	1.0
cop	cop	Basque	4	0.5
csubj	csubj	Afrikaans	2	0.5
csubj	csubj	Ancient_Greek	416	0.745192307692
csubj	csubj	Arabic	1485	0.991919191919
csubj	csubj	Basque	242	0.520661157025
csubj	csubj	Belarusian	7	1.0
csubj	csubj	Bulgarian	328	0.792682926829
csubj	csubj	Catalan	966	0.762939958592
csubj	csubj	Chinese	341	0.00293255131965
csubj	csubj	Coptic	19	1.0
csubj	csubj	Croatian	278	0.924460431655
csubj	csubj	Czech	7799	0.92101551481
csubj	csubj	Dutch	452	0.887168141593
csubj	csubj	English	543	0.613259668508
csubj	csubj	Estonian	189	0.915343915344
csubj	csubj	Finnish	300	0.786666666667
csubj	csubj	French	181	0.497237569061
csubj	csubj	Galician	27	0.851851851852
csubj	csubj	German	178	0.702247191011
csubj	csubj	Greek	364	0.983516483516
csubj	csubj	Hebrew	12	0.666666666667
csubj	csubj	Hungarian	115	0.895652173913
csubj	csubj	Indonesian	25	0.0
csubj	csubj	Italian	503	0.785288270378
csubj	csubj	Japanese	203	0.0
csubj	csubj	Korean	1134	0.00176366843034
csubj	csubj	Latin	4278	0.780271154745
csubj	csubj	Latvian	110	0.990909090909
csubj	csubj	Lithuanian	6	0.666666666667
csubj	csubj	Marathi	1	0.0
csubj	csubj	Norwegian	1850	0.891891891892
csubj	csubj	Polish	4	0.25
csubj	csubj	Portuguese	953	0.788037775446
csubj	csubj	Romanian	796	0.900753768844
csubj	csubj	Russian	5500	0.840363636364
csubj	csubj	Serbian	142	0.971830985915
csubj	csubj	Slovak	133	0.90977443609
csubj	csubj	Slovenian	560	0.9375
csubj	csubj	Spanish	1765	0.762039660057
csubj	csubj	Swedish	409	0.80684596577
csubj	csubj	Tamil	8	0.0
csubj	csubj	Telugu	19	0.0
csubj	csubj	Turkish	7	0.0
csubj	csubj	Ukrainian	369	0.883468834688
csubj	csubj	Vietnamese	74	0.0
csubj	csubj:cleft	Irish	68	1.0
csubj	csubj:cop	Estonian	127	0.92125984252
csubj	csubj:cop	Finnish	389	0.907455012853
csubj	csubj:cop	Irish	28	1.0
csubj	csubj:pass	Ancient_Greek	128	0.96875
csubj	csubj:pass	Arabic	1	1.0
csubj	csubj:pass	Bulgarian	80	0.9125
csubj	csubj:pass	Catalan	2	1.0
csubj	csubj:pass	Chinese	5	0.0
csubj	csubj:pass	Croatian	60	1.0
csubj	csubj:pass	Czech	590	0.918644067797
csubj	csubj:pass	English	17	0.588235294118
csubj	csubj:pass	French	3	1.0
csubj	csubj:pass	German	46	0.847826086957
csubj	csubj:pass	Gothic	22	0.954545454545
csubj	csubj:pass	Indonesian	8	0.0
csubj	csubj:pass	Italian	14	0.857142857143
csubj	csubj:pass	Latin	729	0.646090534979
csubj	csubj:pass	Latvian	14	0.928571428571
csubj	csubj:pass	Norwegian	10	0.6
csubj	csubj:pass	Old_Church_Slavonic	9	1.0
csubj	csubj:pass	Portuguese	8	0.75
csubj	csubj:pass	Romanian	57	0.947368421053
csubj	csubj:pass	Russian	114	0.868421052632
csubj	csubj:pass	Slovak	13	1.0
csubj	csubj:pass	Spanish	8	0.875
csubj	csubj:pass	Swedish	33	0.878787878788
dep	dep	Afrikaans	1338	0.95067264574
dep	dep	Ancient_Greek	4	0.25
dep	dep	Arabic	6509	0.287140881856
dep	dep	Basque	199	0.989949748744
dep	dep	Catalan	84	0.821428571429
dep	dep	Chinese	2365	0.0270613107822
dep	dep	Coptic	7	0.571428571429
dep	dep	Croatian	9	0.444444444444
dep	dep	Czech	14631	0.872325883398
dep	dep	Danish	463	0.829373650108
dep	dep	English	11	0.818181818182
dep	dep	Estonian	2	0.0
dep	dep	Finnish	268	0.335820895522
dep	dep	French	1547	0.596638655462
dep	dep	Galician	2978	0.877770315648
dep	dep	German	740	0.444594594595
dep	dep	Gothic	3	0.666666666667
dep	dep	Greek	16	0.125
dep	dep	Hebrew	2939	0.785301122831
dep	dep	Hindi	4449	0.848730051697
dep	dep	Hungarian	1	0.0
dep	dep	Indonesian	506	0.905138339921
dep	dep	Italian	1439	0.833217512161
dep	dep	Japanese	20	0.05
dep	dep	Korean	4919	0.0809107542183
dep	dep	Latin	4152	0.954961464355
dep	dep	Latvian	194	0.443298969072
dep	dep	Old_Church_Slavonic	91	0.659340659341
dep	dep	Persian	341	0.771260997067
dep	dep	Portuguese	1158	0.600172711572
dep	dep	Romanian	25	0.88
dep	dep	Russian	10	0.4
dep	dep	Serbian	3	0.666666666667
dep	dep	Slovak	568	0.691901408451
dep	dep	Slovenian	8	0.0
dep	dep	Spanish	1433	0.736217725052
dep	dep	Telugu	1	1.0
dep	dep	Urdu	2075	0.738795180723
dep	dep	Vietnamese	125	0.56
det	det	Afrikaans	4683	0.000854153320521
det	det	Ancient_Greek	42329	0.116964728673
det	det	Arabic	6483	0.128489896653
det	det	Basque	2430	0.612757201646
det	det	Belarusian	103	0.0194174757282
det	det	Bulgarian	3104	0.423324742268
det	det	Catalan	64283	0.0153539816126
det	det	Chinese	4045	0.000741656365884
det	det	Coptic	1214	0.0831960461285
det	det	Croatian	3280	0.00579268292683
det	det	Czech	40995	0.0200268325406
det	det	Danish	4980	0.00220883534137
det	det	Dutch	33091	0.000513734852377
det	det	English	28166	0.00184619754314
det	det	Estonian	1368	0.0328947368421
det	det	Finnish	6610	0.0071104387292
det	det	French	145797	0.000637873207268
det	det	Galician	22198	0.0145058113344
det	det	German	34503	0.00382575428224
det	det	Gothic	2407	0.203988367262
det	det	Greek	10112	0.0168117088608
det	det	Hebrew	1594	0.000627352572146
det	det	Hindi	6494	0.0
det	det	Hungarian	3995	0.000500625782228
det	det	Indonesian	4062	0.543082225505
det	det	Irish	1209	0.191066997519
det	det	Italian	58321	0.000411515577579
det	det	Japanese	763	0.0
det	det	Korean	5032	0.00337837837838
det	det	Latin	8032	0.314990039841
det	det	Latvian	1990	0.0140703517588
det	det	Lithuanian	123	0.0
det	det	Marathi	109	0.0
det	det	Norwegian	25418	0.0165237233457
det	det	Old_Church_Slavonic	1123	0.591273374889
det	det	Persian	3616	0.0
det	det	Polish	1190	0.0613445378151
det	det	Portuguese	74416	0.00581864115244
det	det	Romanian	11342	0.114706400987
det	det	Russian	20852	0.0551505850758
det	det	Serbian	1305	0.00229885057471
det	det	Slovak	2253	0.0208610741234
det	det	Slovenian	3442	0.000581057524695
det	det	Spanish	126809	0.00850885978125
det	det	Swedish	7411	0.00094454189718
det	det	Tamil	86	0.0
det	det	Telugu	138	0.0434782608696
det	det	Turkish	1701	0.00646678424456
det	det	Ukrainian	2241	0.0334672021419
det	det	Urdu	2203	0.0
det	det	Vietnamese	1124	0.503558718861
det	det:def	Hebrew	15037	0.0
det	det:numgov	Czech	1418	0.0641748942172
det	det:numgov	Polish	87	0.0229885057471
det	det:numgov	Serbian	88	0.0
det	det:numgov	Slovak	37	0.0
det	det:numgov	Ukrainian	117	0.0
det	det:nummod	Czech	777	0.0720720720721
det	det:nummod	Polish	15	0.8
det	det:nummod	Ukrainian	25	0.0
det	det:poss	German	2226	0.0
det	det:poss	Italian	2631	0.036488027366
det	det:poss	Korean	2202	0.0108991825613
det	det:poss	Portuguese	1556	0.0571979434447
det	det:predet	English	200	0.0
det	det:predet	Italian	492	0.0
det	det:predet	Persian	43	0.0
det	det:quant	Hebrew	40	0.0
discourse	discourse	Ancient_Greek	10509	0.216005328766
discourse	discourse	Basque	55	0.327272727273
discourse	discourse	Belarusian	3	0.0
discourse	discourse	Bulgarian	622	0.495176848875
discourse	discourse	Chinese	180	0.994444444444
discourse	discourse	Coptic	7	0.285714285714
discourse	discourse	Croatian	1902	0.0294426919033
discourse	discourse	Czech	713	0.131837307153
discourse	discourse	Danish	29	0.379310344828
discourse	discourse	English	966	0.218426501035
discourse	discourse	Estonian	172	0.133720930233
discourse	discourse	Finnish	538	0.345724907063
discourse	discourse	French	52	0.173076923077
discourse	discourse	Galician	4	0.25
discourse	discourse	Gothic	912	0.289473684211
discourse	discourse	Greek	6	0.166666666667
discourse	discourse	Hungarian	1	0.0
discourse	discourse	Italian	725	0.448275862069
discourse	discourse	Korean	45	0.422222222222
discourse	discourse	Latin	5048	0.225039619651
discourse	discourse	Latvian	1641	0.166361974406
discourse	discourse	Lithuanian	1	0.0
discourse	discourse	Marathi	52	0.692307692308
discourse	discourse	Norwegian	393	0.223918575064
discourse	discourse	Old_Church_Slavonic	1652	0.297820823245
discourse	discourse	Portuguese	13	0.384615384615
discourse	discourse	Romanian	59	0.203389830508
discourse	discourse	Russian	13158	0.301565587475
discourse	discourse	Serbian	275	0.12
discourse	discourse	Slovak	44	0.181818181818
discourse	discourse	Slovenian	1108	0.40523465704
discourse	discourse	Swedish	170	0.0588235294118
discourse	discourse	Telugu	27	0.777777777778
discourse	discourse	Turkish	128	0.578125
discourse	discourse	Ukrainian	1516	0.172163588391
discourse	discourse	Vietnamese	209	0.468899521531
discourse	discourse:emo	Italian	387	0.90180878553
discourse	discourse:filler	Norwegian	71	0.338028169014
discourse	discourse:filler	Slovenian	463	0.0280777537797
dislocated	dislocated	Chinese	52	0.961538461538
dislocated	dislocated	Coptic	140	0.371428571429
dislocated	dislocated	Croatian	8	0.0
dislocated	dislocated	English	124	0.661290322581
dislocated	dislocated	French	52	0.211538461538
dislocated	dislocated	Hebrew	15	0.0
dislocated	dislocated	Hindi	304	0.917763157895
dislocated	dislocated	Hungarian	1	1.0
dislocated	dislocated	Italian	70	0.228571428571
dislocated	dislocated	Korean	19134	0.000156788962057
dislocated	dislocated	Marathi	7	0.428571428571
dislocated	dislocated	Norwegian	186	0.994623655914
dislocated	dislocated	Persian	59	0.0338983050847
dislocated	dislocated	Portuguese	8	0.125
dislocated	dislocated	Slovenian	37	0.594594594595
dislocated	dislocated	Swedish	359	0.590529247911
dislocated	dislocated	Telugu	1	0.0
dislocated	dislocated	Ukrainian	14	0.714285714286
dislocated	dislocated	Urdu	316	0.924050632911
dislocated	dislocated:cleft	French	3	0.0
expl	expl	Bulgarian	3060	0.133986928105
expl	expl	Croatian	12	0.0833333333333
expl	expl	Danish	402	0.213930348259
expl	expl	Dutch	436	0.252293577982
expl	expl	English	1023	0.0899315738025
expl	expl	Finnish	465	0.0344086021505
expl	expl	French	5386	0.0282213145191
expl	expl	Galician	168	0.529761904762
expl	expl	German	386	0.440414507772
expl	expl	Greek	14	0.0
expl	expl	Italian	2852	0.200911640954
expl	expl	Norwegian	6162	0.183382018825
expl	expl	Portuguese	917	0.396946564885
expl	expl	Romanian	535	0.132710280374
expl	expl	Russian	49	0.0
expl	expl	Slovenian	2376	0.0799663299663
expl	expl	Swedish	792	0.188131313131
expl	expl	Ukrainian	81	0.185185185185
expl	expl:impers	Italian	556	0.0485611510791
expl	expl:impers	Romanian	128	0.0234375
expl	expl:pass	Catalan	458	0.0262008733624
expl	expl:pass	Czech	7038	0.16396703609
expl	expl:pass	Italian	380	0.105263157895
expl	expl:pass	Latin	249	0.0481927710843
expl	expl:pass	Romanian	1050	0.0209523809524
expl	expl:pass	Slovak	194	0.201030927835
expl	expl:pass	Spanish	456	0.00657894736842
expl	expl:poss	Romanian	568	0.0669014084507
expl	expl:pv	Croatian	1974	0.261904761905
expl	expl:pv	Czech	25368	0.214443393251
expl	expl:pv	Polish	1486	0.78734858681
expl	expl:pv	Portuguese	615	0.29593495935
expl	expl:pv	Romanian	2298	0.050043516101
expl	expl:pv	Slovak	2389	0.313938886563
fixed	fixed	Ancient_Greek	92	0.847826086957
fixed	fixed	Arabic	786	1.0
fixed	fixed	Basque	230	1.0
fixed	fixed	Belarusian	86	1.0
fixed	fixed	Bulgarian	655	1.0
fixed	fixed	Catalan	8856	0.999887082204
fixed	fixed	Coptic	38	1.0
fixed	fixed	Croatian	665	1.0
fixed	fixed	Czech	6544	1.0
fixed	fixed	Danish	432	1.0
fixed	fixed	Dutch	5564	0.997124370956
fixed	fixed	English	1129	1.0
fixed	fixed	Finnish	973	1.0
fixed	fixed	French	49337	0.99898656181
fixed	fixed	Galician	164	1.0
fixed	fixed	German	142	1.0
fixed	fixed	Gothic	2	1.0
fixed	fixed	Greek	51	1.0
fixed	fixed	Hebrew	906	1.0
fixed	fixed	Indonesian	553	1.0
fixed	fixed	Irish	145	1.0
fixed	fixed	Italian	1189	0.999158957107
fixed	fixed	Japanese	321	1.0
fixed	fixed	Korean	3027	1.0
fixed	fixed	Latin	223	0.977578475336
fixed	fixed	Latvian	16	1.0
fixed	fixed	Lithuanian	78	1.0
fixed	fixed	Marathi	4	1.0
fixed	fixed	Old_Church_Slavonic	1	0.0
fixed	fixed	Persian	1536	1.0
fixed	fixed	Polish	29	1.0
fixed	fixed	Portuguese	1511	0.904698874917
fixed	fixed	Romanian	6295	0.997458300238
fixed	fixed	Russian	8726	0.999770799908
fixed	fixed	Serbian	380	1.0
fixed	fixed	Slovak	163	1.0
fixed	fixed	Slovenian	616	1.0
fixed	fixed	Spanish	9980	1.0
fixed	fixed	Swedish	1930	0.998445595855
fixed	fixed	Turkish	34	0.0
fixed	fixed	Ukrainian	170	1.0
flat	flat	Afrikaans	174	0.885057471264
flat	flat	Ancient_Greek	68	1.0
flat	flat	Arabic	827	0.96977025393
flat	flat	Basque	1645	1.0
flat	flat	Belarusian	139	1.0
flat	flat	Bulgarian	1560	1.0
flat	flat	Catalan	15687	0.999490023586
flat	flat	Coptic	4	1.0
flat	flat	Croatian	2328	1.0
flat	flat	Czech	12989	1.0
flat	flat	Danish	1456	0.99793956044
flat	flat	English	2367	0.933671313899
flat	flat	Estonian	656	0.993902439024
flat	flat	Finnish	1526	1.0
flat	flat	French	122	1.0
flat	flat	Galician	145	1.0
flat	flat	German	6991	0.999856958947
flat	flat	Gothic	2	1.0
flat	flat	Indonesian	10321	1.0
flat	flat	Irish	20	1.0
flat	flat	Italian	963	1.0
flat	flat	Korean	11256	1.0
flat	flat	Latin	574	1.0
flat	flat	Latvian	86	1.0
flat	flat	Lithuanian	41	1.0
flat	flat	Marathi	7	1.0
flat	flat	Old_Church_Slavonic	148	1.0
flat	flat	Persian	2908	1.0
flat	flat	Polish	3	1.0
flat	flat	Portuguese	5884	0.99949014276
flat	flat	Romanian	1318	0.997723823976
flat	flat	Russian	1585	0.973501577287
flat	flat	Serbian	2534	0.999605367009
flat	flat	Slovak	9	1.0
flat	flat	Slovenian	81	0.975308641975
flat	flat	Spanish	20128	0.999652225755
flat	flat	Swedish	301	0.993355481728
flat	flat	Telugu	11	0.181818181818
flat	flat	Turkish	743	0.989232839838
flat	flat	Ukrainian	20	1.0
flat	flat:foreign	Arabic	716	0.0768156424581
flat	flat:foreign	Chinese	298	1.0
flat	flat:foreign	Croatian	100	0.55
flat	flat:foreign	Czech	2930	0.235153583618
flat	flat:foreign	English	93	1.0
flat	flat:foreign	Estonian	36	1.0
flat	flat:foreign	Finnish	93	1.0
flat	flat:foreign	French	72	1.0
flat	flat:foreign	Galician	1	1.0
flat	flat:foreign	Italian	360	0.997222222222
flat	flat:foreign	Latin	60	0.266666666667
flat	flat:foreign	Latvian	51	1.0
flat	flat:foreign	Norwegian	1112	1.0
flat	flat:foreign	Persian	166	0.993975903614
flat	flat:foreign	Portuguese	68	0.647058823529
flat	flat:foreign	Russian	2006	0.962113659023
flat	flat:foreign	Slovak	67	0.298507462687
flat	flat:foreign	Slovenian	91	1.0
flat	flat:foreign	Ukrainian	112	1.0
flat	flat:name	Ancient_Greek	274	0.989051094891
flat	flat:name	Arabic	13826	1.0
flat	flat:name	Belarusian	14	1.0
flat	flat:name	Dutch	10145	0.997437161163
flat	flat:name	English	348	0.994252873563
flat	flat:name	Finnish	2574	1.0
flat	flat:name	French	11395	0.997806055287
flat	flat:name	Galician	197	1.0
flat	flat:name	Gothic	110	0.972727272727
flat	flat:name	Hebrew	2374	1.0
flat	flat:name	Hungarian	792	0.810606060606
flat	flat:name	Irish	84	1.0
flat	flat:name	Italian	4825	1.0
flat	flat:name	Latin	493	0.965517241379
flat	flat:name	Latvian	585	1.0
flat	flat:name	Norwegian	10205	1.0
flat	flat:name	Old_Church_Slavonic	13	1.0
flat	flat:name	Portuguese	5578	0.999641448548
flat	flat:name	Russian	4836	1.0
flat	flat:name	Slovenian	703	0.99573257468
flat	flat:name	Swedish	131	1.0
flat	flat:name	Ukrainian	383	1.0
flat	flat:repeat	Ukrainian	41	1.0
flat	flat:title	Ukrainian	713	0.998597475456
goeswith	goeswith	Belarusian	1	1.0
goeswith	goeswith	Bulgarian	1	1.0
goeswith	goeswith	Croatian	56	0.357142857143
goeswith	goeswith	Danish	6	1.0
goeswith	goeswith	English	347	0.319884726225
goeswith	goeswith	Finnish	49	0.857142857143
goeswith	goeswith	French	27	0.925925925926
goeswith	goeswith	Hebrew	2	1.0
goeswith	goeswith	Hungarian	3	1.0
goeswith	goeswith	Italian	22	0.954545454545
goeswith	goeswith	Latvian	2	1.0
goeswith	goeswith	Marathi	1	1.0
goeswith	goeswith	Norwegian	80	0.725
goeswith	goeswith	Romanian	275	0.981818181818
goeswith	goeswith	Russian	1974	0.999493414387
goeswith	goeswith	Serbian	16	0.375
goeswith	goeswith	Slovenian	6	1.0
goeswith	goeswith	Ukrainian	5	0.2
iobj	iobj	Afrikaans	50	0.42
iobj	iobj	Ancient_Greek	7581	0.620894341116
iobj	iobj	Arabic	1876	0.98933901919
iobj	iobj	Basque	818	0.327628361858
iobj	iobj	Belarusian	27	0.481481481481
iobj	iobj	Bulgarian	3216	0.80907960199
iobj	iobj	Catalan	1394	0.509325681492
iobj	iobj	Chinese	71	1.0
iobj	iobj	Coptic	16	1.0
iobj	iobj	Croatian	654	0.553516819572
iobj	iobj	Czech	7243	0.55060057987
iobj	iobj	Danish	140	0.921428571429
iobj	iobj	Dutch	597	0.331658291457
iobj	iobj	English	510	0.992156862745
iobj	iobj	French	3109	0.109038275973
iobj	iobj	Galician	525	0.598095238095
iobj	iobj	German	1192	0.418624161074
iobj	iobj	Gothic	1449	0.772946859903
iobj	iobj	Greek	61	0.147540983607
iobj	iobj	Hebrew	3495	0.945064377682
iobj	iobj	Hindi	2254	0.0
iobj	iobj	Hungarian	94	0.574468085106
iobj	iobj	Indonesian	19	0.947368421053
iobj	iobj	Italian	1140	0.241228070175
iobj	iobj	Japanese	4084	0.0
iobj	iobj	Korean	1018	0.00098231827112
iobj	iobj	Latin	5999	0.587264544091
iobj	iobj	Latvian	1982	0.701311806256
iobj	iobj	Lithuanian	52	0.711538461538
iobj	iobj	Marathi	29	0.0689655172414
iobj	iobj	Norwegian	1257	0.820206841687
iobj	iobj	Old_Church_Slavonic	1942	0.868692070031
iobj	iobj	Polish	350	0.834285714286
iobj	iobj	Portuguese	696	0.675287356322
iobj	iobj	Romanian	1878	0.585729499468
iobj	iobj	Russian	7884	0.610223236936
iobj	iobj	Serbian	2	0.5
iobj	iobj	Slovak	706	0.515580736544
iobj	iobj	Slovenian	618	0.278317152104
iobj	iobj	Spanish	8850	0.276836158192
iobj	iobj	Swedish	222	0.977477477477
iobj	iobj	Tamil	26	0.0
iobj	iobj	Telugu	33	0.0
iobj	iobj	Ukrainian	241	0.634854771784
iobj	iobj	Urdu	824	0.00970873786408
iobj	iobj	Vietnamese	34	1.0
iobj	iobj:agent	French	19	0.0
lifted_case	lifted_case	Afrikaans	4969	0.949084322801
lifted_case	lifted_case	Ancient_Greek	23105	0.956546202121
lifted_case	lifted_case	Arabic	118974	0.98466891926
lifted_case	lifted_case	Basque	1481	0.0108035111411
lifted_case	lifted_case	Belarusian	702	0.991452991453
lifted_case	lifted_case	Bulgarian	19401	0.982629761353
lifted_case	lifted_case	Catalan	69016	0.975165179089
lifted_case	lifted_case	Chinese	12530	0.675738228252
lifted_case	lifted_case	Coptic	1468	0.973433242507
lifted_case	lifted_case	Croatian	17728	0.980200812274
lifted_case	lifted_case	Czech	190460	0.994450278274
lifted_case	lifted_case	Danish	8943	0.959856871296
lifted_case	lifted_case	Dutch	29685	0.97614957049
lifted_case	lifted_case	English	31662	0.935158865517
lifted_case	lifted_case	Estonian	2324	0.239672977625
lifted_case	lifted_case	Finnish	5135	0.130866601753
lifted_case	lifted_case	French	131067	0.992538167502
lifted_case	lifted_case	Galician	21374	0.933564143352
lifted_case	lifted_case	German	29491	0.979383540741
lifted_case	lifted_case	Gothic	3894	0.997175141243
lifted_case	lifted_case	Greek	4468	0.991942703671
lifted_case	lifted_case	Hebrew	24755	0.990708947687
lifted_case	lifted_case	Hindi	60886	0.128239661006
lifted_case	lifted_case	Hungarian	603	0.00331674958541
lifted_case	lifted_case	Indonesian	10755	0.962250116225
lifted_case	lifted_case	Irish	1741	0.993107409535
lifted_case	lifted_case	Italian	52725	0.990080606923
lifted_case	lifted_case	Japanese	38448	0.0789898044112
lifted_case	lifted_case	Korean	2594	0.00616808018504
lifted_case	lifted_case	Latin	36925	0.958997968856
lifted_case	lifted_case	Latvian	3431	0.97435150102
lifted_case	lifted_case	Lithuanian	167	0.988023952096
lifted_case	lifted_case	Marathi	271	0.0553505535055
lifted_case	lifted_case	Norwegian	60456	0.979720788673
lifted_case	lifted_case	Old_Church_Slavonic	3886	0.983530622748
lifted_case	lifted_case	Persian	17152	0.863456156716
lifted_case	lifted_case	Polish	7780	0.939974293059
lifted_case	lifted_case	Portuguese	75242	0.987028521305
lifted_case	lifted_case	Romanian	25718	0.975075822381
lifted_case	lifted_case	Russian	100138	0.98647865945
lifted_case	lifted_case	Serbian	7464	0.978697749196
lifted_case	lifted_case	Slovak	7368	0.995792616721
lifted_case	lifted_case	Slovenian	13335	0.998650168729
lifted_case	lifted_case	Spanish	134350	0.983520655006
lifted_case	lifted_case	Swedish	14577	0.979899842217
lifted_case	lifted_case	Tamil	206	0.0
lifted_case	lifted_case	Telugu	50	0.0
lifted_case	lifted_case	Turkish	1835	0.0610354223433
lifted_case	lifted_case	Ukrainian	7810	0.98847631242
lifted_case	lifted_case	Urdu	23403	0.153783702944
lifted_case	lifted_case	Vietnamese	1728	0.962384259259
lifted_cc	lifted_cc	Afrikaans	1535	0.0469055374593
lifted_cc	lifted_cc	Ancient_Greek	22420	0.337823371989
lifted_cc	lifted_cc	Arabic	61973	0.463718070773
lifted_cc	lifted_cc	Basque	3748	0.938100320171
lifted_cc	lifted_cc	Belarusian	187	0.994652406417
lifted_cc	lifted_cc	Bulgarian	4398	0.995679854479
lifted_cc	lifted_cc	Catalan	13094	0.979838093783
lifted_cc	lifted_cc	Chinese	1554	0.98712998713
lifted_cc	lifted_cc	Coptic	370	0.975675675676
lifted_cc	lifted_cc	Croatian	6978	0.988248781886
lifted_cc	lifted_cc	Czech	78809	0.958570721618
lifted_cc	lifted_cc	Danish	2859	0.925848198671
lifted_cc	lifted_cc	Dutch	6219	0.97073484483
lifted_cc	lifted_cc	English	11271	0.993523201136
lifted_cc	lifted_cc	Estonian	3602	0.992226540811
lifted_cc	lifted_cc	Finnish	11783	0.995077654248
lifted_cc	lifted_cc	French	22947	0.9953370811
lifted_cc	lifted_cc	Galician	3943	0.20517372559
lifted_cc	lifted_cc	German	8318	0.977157970666
lifted_cc	lifted_cc	Gothic	4103	0.474774555204
lifted_cc	lifted_cc	Greek	1692	0.972813238771
lifted_cc	lifted_cc	Hebrew	4448	0.995503597122
lifted_cc	lifted_cc	Hindi	5915	0.998140321217
lifted_cc	lifted_cc	Hungarian	1346	0.789747399703
lifted_cc	lifted_cc	Indonesian	3207	0.936389148737
lifted_cc	lifted_cc	Irish	408	0.997549019608
lifted_cc	lifted_cc	Italian	10724	0.995710555763
lifted_cc	lifted_cc	Japanese	585	0.00512820512821
lifted_cc	lifted_cc	Korean	4976	0.99115755627
lifted_cc	lifted_cc	Latin	27316	0.695782691463
lifted_cc	lifted_cc	Latvian	3057	0.996401701014
lifted_cc	lifted_cc	Lithuanian	247	0.987854251012
lifted_cc	lifted_cc	Marathi	63	0.984126984127
lifted_cc	lifted_cc	Norwegian	19885	0.993361830526
lifted_cc	lifted_cc	Old_Church_Slavonic	4013	0.450286568652
lifted_cc	lifted_cc	Persian	6945	0.985169186465
lifted_cc	lifted_cc	Polish	1509	1.0
lifted_cc	lifted_cc	Portuguese	12077	0.969611658524
lifted_cc	lifted_cc	Romanian	6792	0.975853945819
lifted_cc	lifted_cc	Russian	37785	0.995394998015
lifted_cc	lifted_cc	Serbian	2341	0.991883810337
lifted_cc	lifted_cc	Slovak	2873	0.986773407588
lifted_cc	lifted_cc	Slovenian	5004	0.996003197442
lifted_cc	lifted_cc	Spanish	26509	0.97936549851
lifted_cc	lifted_cc	Swedish	5157	0.970331588133
lifted_cc	lifted_cc	Tamil	89	0.47191011236
lifted_cc	lifted_cc	Telugu	14	0.571428571429
lifted_cc	lifted_cc	Turkish	714	0.90056022409
lifted_cc	lifted_cc	Ukrainian	3316	0.999095295537
lifted_cc	lifted_cc	Urdu	3002	0.99600266489
lifted_cc	lifted_cc	Vietnamese	1224	0.771241830065
lifted_cop	lifted_cop	Afrikaans	574	0.447735191638
lifted_cop	lifted_cop	Ancient_Greek	4673	0.405521078536
lifted_cop	lifted_cop	Arabic	5611	0.779361967564
lifted_cop	lifted_cop	Basque	1944	0.20524691358
lifted_cop	lifted_cop	Belarusian	22	0.772727272727
lifted_cop	lifted_cop	Bulgarian	2114	0.676915799432
lifted_cop	lifted_cop	Catalan	4307	0.663106570699
lifted_cop	lifted_cop	Chinese	1613	0.945443273404
lifted_cop	lifted_cop	Coptic	67	0.0
lifted_cop	lifted_cop	Croatian	3208	0.625935162095
lifted_cop	lifted_cop	Czech	28359	0.710250714059
lifted_cop	lifted_cop	Danish	1584	0.729797979798
lifted_cop	lifted_cop	Dutch	5025	0.572338308458
lifted_cop	lifted_cop	English	6759	0.773043349608
lifted_cop	lifted_cop	Estonian	2092	0.609464627151
lifted_cop	lifted_cop	Finnish	8311	0.71808446637
lifted_cop	lifted_cop	French	8893	0.861688968852
lifted_cop	lifted_cop	Galician	1466	0.787175989086
lifted_cop	lifted_cop	German	4617	0.777344596058
lifted_cop	lifted_cop	Greek	437	0.631578947368
lifted_cop	lifted_cop	Hebrew	374	0.716577540107
lifted_cop	lifted_cop	Hindi	3132	0.00415070242656
lifted_cop	lifted_cop	Hungarian	128	0.21875
lifted_cop	lifted_cop	Indonesian	959	0.930135557873
lifted_cop	lifted_cop	Irish	210	0.880952380952
lifted_cop	lifted_cop	Italian	4825	0.696787564767
lifted_cop	lifted_cop	Japanese	2052	0.194444444444
lifted_cop	lifted_cop	Korean	368	0.00815217391304
lifted_cop	lifted_cop	Latin	13570	0.457111274871
lifted_cop	lifted_cop	Latvian	902	0.741685144124
lifted_cop	lifted_cop	Lithuanian	64	0.65625
lifted_cop	lifted_cop	Marathi	57	0.105263157895
lifted_cop	lifted_cop	Norwegian	13088	0.773838630807
lifted_cop	lifted_cop	Persian	4238	0.00330344502124
lifted_cop	lifted_cop	Polish	841	0.727705112961
lifted_cop	lifted_cop	Portuguese	4600	0.763260869565
lifted_cop	lifted_cop	Romanian	2103	0.728483119353
lifted_cop	lifted_cop	Russian	5021	0.625373431587
lifted_cop	lifted_cop	Serbian	1118	0.563506261181
lifted_cop	lifted_cop	Slovak	1342	0.769746646796
lifted_cop	lifted_cop	Slovenian	2968	0.623315363881
lifted_cop	lifted_cop	Spanish	11370	0.732453825858
lifted_cop	lifted_cop	Swedish	2219	0.720144209103
lifted_cop	lifted_cop	Tamil	1	0.0
lifted_cop	lifted_cop	Turkish	681	0.00881057268722
lifted_cop	lifted_cop	Ukrainian	601	0.633943427621
lifted_cop	lifted_cop	Urdu	1073	0.0139794967381
lifted_cop	lifted_cop	Vietnamese	282	0.992907801418
lifted_mark	lifted_mark	Afrikaans	789	0.930291508238
lifted_mark	lifted_mark	Ancient_Greek	6128	0.992983028721
lifted_mark	lifted_mark	Arabic	30083	0.976930492305
lifted_mark	lifted_mark	Basque	170	0.0647058823529
lifted_mark	lifted_mark	Belarusian	107	0.971962616822
lifted_mark	lifted_mark	Bulgarian	1660	1.0
lifted_mark	lifted_mark	Catalan	13895	0.994458438287
lifted_mark	lifted_mark	Chinese	6429	0.417483278893
lifted_mark	lifted_mark	Coptic	835	1.0
lifted_mark	lifted_mark	Croatian	3669	0.979831016626
lifted_mark	lifted_mark	Czech	37450	0.971241655541
lifted_mark	lifted_mark	Danish	4157	0.965119076257
lifted_mark	lifted_mark	Dutch	7336	0.981324972737
lifted_mark	lifted_mark	English	11947	0.999330375827
lifted_mark	lifted_mark	Estonian	2327	0.990975504942
lifted_mark	lifted_mark	Finnish	7429	0.990577466685
lifted_mark	lifted_mark	French	19204	0.997917100604
lifted_mark	lifted_mark	Galician	1680	0.995238095238
lifted_mark	lifted_mark	German	2953	0.95055875381
lifted_mark	lifted_mark	Gothic	1396	0.987106017192
lifted_mark	lifted_mark	Greek	958	0.992693110647
lifted_mark	lifted_mark	Hebrew	4924	1.0
lifted_mark	lifted_mark	Hindi	13015	0.59070303496
lifted_mark	lifted_mark	Hungarian	587	0.981260647359
lifted_mark	lifted_mark	Indonesian	1418	0.975317348378
lifted_mark	lifted_mark	Irish	823	0.973268529769
lifted_mark	lifted_mark	Italian	8596	1.0
lifted_mark	lifted_mark	Japanese	10120	0.073418972332
lifted_mark	lifted_mark	Korean	1033	0.686350435624
lifted_mark	lifted_mark	Latin	22431	0.9886318042
lifted_mark	lifted_mark	Latvian	1517	0.998022412657
lifted_mark	lifted_mark	Lithuanian	112	1.0
lifted_mark	lifted_mark	Marathi	25	0.76
lifted_mark	lifted_mark	Norwegian	28000	0.998892857143
lifted_mark	lifted_mark	Old_Church_Slavonic	1119	0.984807864164
lifted_mark	lifted_mark	Persian	3763	0.998671272921
lifted_mark	lifted_mark	Polish	846	0.986997635934
lifted_mark	lifted_mark	Portuguese	10566	0.997160704145
lifted_mark	lifted_mark	Romanian	6243	0.995354797373
lifted_mark	lifted_mark	Russian	19058	0.9880889915
lifted_mark	lifted_mark	Serbian	2478	0.999596448749
lifted_mark	lifted_mark	Slovak	1758	0.999431171786
lifted_mark	lifted_mark	Slovenian	4904	0.998980424144
lifted_mark	lifted_mark	Spanish	28687	0.995677484575
lifted_mark	lifted_mark	Swedish	5944	0.99798115747
lifted_mark	lifted_mark	Tamil	210	0.00952380952381
lifted_mark	lifted_mark	Telugu	53	0.0377358490566
lifted_mark	lifted_mark	Turkish	59	0.0338983050847
lifted_mark	lifted_mark	Ukrainian	1633	0.999387630129
lifted_mark	lifted_mark	Urdu	4176	0.653496168582
lifted_mark	lifted_mark	Vietnamese	156	0.141025641026
list	list	Belarusian	2	1.0
list	list	Croatian	24	0.875
list	list	Danish	182	0.972527472527
list	list	English	536	0.996268656716
list	list	Estonian	17	0.705882352941
list	list	Galician	3	1.0
list	list	Hungarian	14	1.0
list	list	Irish	6	1.0
list	list	Italian	104	1.0
list	list	Lithuanian	2	1.0
list	list	Romanian	9	1.0
list	list	Russian	309	1.0
list	list	Serbian	11	1.0
list	list	Swedish	5	1.0
list	list	Telugu	2	0.0
list	list	Ukrainian	4	1.0
list	list	Vietnamese	7	1.0
mark	mark	Arabic	19	1.0
mark	mark	Catalan	3	0.333333333333
mark	mark	Czech	1	0.0
mark	mark	Danish	26	0.0384615384615
mark	mark	English	30	0.0
mark	mark	French	1	0.0
mark	mark	German	1	1.0
mark	mark	Gothic	1	0.0
mark	mark	Irish	1	1.0
mark	mark	Korean	3	0.0
mark	mark	Latin	3	0.0
mark	mark	Portuguese	3	1.0
mark	mark	Romanian	6	0.666666666667
mark	mark	Spanish	6	0.5
mark	mark	Swedish	3	0.0
mark	mark	Tamil	1	0.0
mark	mark	Urdu	1	1.0
nmod	nmod	Afrikaans	2377	0.909970551115
nmod	nmod	Ancient_Greek	27585	0.55696936741
nmod	nmod	Arabic	153122	0.95627016366
nmod	nmod	Basque	8533	0.0950427751084
nmod	nmod	Belarusian	793	0.986128625473
nmod	nmod	Bulgarian	12883	0.984786152294
nmod	nmod	Catalan	39453	0.931969685449
nmod	nmod	Chinese	13348	0.0131854959545
nmod	nmod	Coptic	353	0.99433427762
nmod	nmod	Croatian	17112	0.976098644226
nmod	nmod	Czech	199139	0.925007155806
nmod	nmod	Danish	4658	0.8688278231
nmod	nmod	Dutch	16316	0.901323853886
nmod	nmod	English	14650	0.876177474403
nmod	nmod	Estonian	6411	0.173763843394
nmod	nmod	Finnish	24653	0.558147081491
nmod	nmod	French	80421	0.986906405043
nmod	nmod	Galician	15883	0.986841276837
nmod	nmod	German	21312	0.803115615616
nmod	nmod	Gothic	2841	0.909538894755
nmod	nmod	Greek	6173	0.900534586101
nmod	nmod	Hebrew	6296	0.95584498094
nmod	nmod	Hindi	30765	0.0230781732488
nmod	nmod	Hungarian	55	0.127272727273
nmod	nmod	Indonesian	4028	0.969960278054
nmod	nmod	Irish	798	0.952380952381
nmod	nmod	Italian	31277	0.975541132462
nmod	nmod	Japanese	12697	0.0
nmod	nmod	Korean	21782	0.00312184372418
nmod	nmod	Latin	30285	0.629057289087
nmod	nmod	Latvian	6830	0.100585651537
nmod	nmod	Lithuanian	274	0.200729927007
nmod	nmod	Marathi	5	0.0
nmod	nmod	Norwegian	35517	0.718726243771
nmod	nmod	Old_Church_Slavonic	1822	0.927552140505
nmod	nmod	Persian	6941	0.614464774528
nmod	nmod	Polish	6771	0.915522079457
nmod	nmod	Portuguese	62728	0.933809463079
nmod	nmod	Romanian	18954	0.985860504379
nmod	nmod	Russian	99130	0.94333703218
nmod	nmod	Serbian	6848	0.992114485981
nmod	nmod	Slovak	5535	0.851851851852
nmod	nmod	Slovenian	9858	0.946135118685
nmod	nmod	Spanish	73395	0.968390217317
nmod	nmod	Swedish	6032	0.814323607427
nmod	nmod	Tamil	1622	0.00863131935882
nmod	nmod	Telugu	57	0.0526315789474
nmod	nmod	Turkish	3115	0.0417335473515
nmod	nmod	Ukrainian	6491	0.98936989678
nmod	nmod	Urdu	12168	0.0637738330046
nmod	nmod	Vietnamese	872	0.947247706422
nmod	nmod:agent	Romanian	789	0.996197718631
nmod	nmod:att	Hungarian	1920	0.0234375
nmod	nmod:attlvc	Hungarian	1	0.0
nmod	nmod:cmp	Telugu	6	0.833333333333
nmod	nmod:gobj	Finnish	1585	0.0
nmod	nmod:gsubj	Finnish	589	0.0
nmod	nmod:npmod	English	167	0.640718562874
nmod	nmod:npmod	Portuguese	446	0.890134529148
nmod	nmod:obl	Hungarian	2630	0.267300380228
nmod	nmod:obllvc	Hungarian	10	0.1
nmod	nmod:own	Finnish	544	0.132352941176
nmod	nmod:pmod	Romanian	1551	0.933591231464
nmod	nmod:poss	Arabic	86591	0.999976902911
nmod	nmod:poss	Danish	921	0.191096634093
nmod	nmod:poss	Dutch	2258	0.0
nmod	nmod:poss	English	5677	0.000880746873349
nmod	nmod:poss	Estonian	7	0.0
nmod	nmod:poss	Finnish	9863	0.000608334178242
nmod	nmod:poss	German	76	0.0
nmod	nmod:poss	Hebrew	3837	1.0
nmod	nmod:poss	Irish	118	0.0
nmod	nmod:poss	Marathi	134	0.00746268656716
nmod	nmod:poss	Persian	15327	0.999021334899
nmod	nmod:poss	Swedish	2655	0.00263653483992
nmod	nmod:poss	Telugu	137	0.0
nmod	nmod:poss	Turkish	2923	0.00376325692781
nmod	nmod:tmod	Chinese	1449	0.0117322291235
nmod	nmod:tmod	English	324	0.947530864198
nmod	nmod:tmod	Portuguese	181	0.994475138122
nmod	nmod:tmod	Romanian	528	0.638257575758
nmod	nmod:tmod	Telugu	9	0.0
nsubj	nsubj	Afrikaans	2321	0.0262817750969
nsubj	nsubj	Ancient_Greek	25154	0.317881847817
nsubj	nsubj	Arabic	39074	0.675001279623
nsubj	nsubj	Basque	6979	0.190715002149
nsubj	nsubj	Belarusian	476	0.241596638655
nsubj	nsubj	Bulgarian	9032	0.21789193977
nsubj	nsubj	Catalan	24540	0.16727791361
nsubj	nsubj	Chinese	8459	0.0010639555503
nsubj	nsubj	Coptic	1081	0.102682701203
nsubj	nsubj	Croatian	11999	0.213684473706
nsubj	nsubj	Czech	109656	0.323420515065
nsubj	nsubj	Danish	8138	0.161833374293
nsubj	nsubj	Dutch	20265	0.222945965951
nsubj	nsubj	English	26287	0.0413892798722
nsubj	nsubj	Estonian	6875	0.313890909091
nsubj	nsubj	Finnish	22163	0.156567251726
nsubj	nsubj	French	49895	0.0471790760597
nsubj	nsubj	Galician	5873	0.172995062149
nsubj	nsubj	German	16201	0.250169742608
nsubj	nsubj	Gothic	3625	0.34124137931
nsubj	nsubj	Greek	2977	0.268390997649
nsubj	nsubj	Hebrew	7948	0.299823855058
nsubj	nsubj	Hindi	19086	0.014146494813
nsubj	nsubj	Hungarian	1973	0.239736441967
nsubj	nsubj	Indonesian	6405	0.015925058548
nsubj	nsubj	Irish	938	0.868869936034
nsubj	nsubj	Italian	16588	0.212442729684
nsubj	nsubj	Japanese	6400	0.0
nsubj	nsubj	Korean	22396	0.0041078764065
nsubj	nsubj	Latin	32760	0.211172161172
nsubj	nsubj	Latvian	6213	0.217286335104
nsubj	nsubj	Lithuanian	304	0.256578947368
nsubj	nsubj	Marathi	431	0.0208816705336
nsubj	nsubj	Norwegian	50855	0.171035296431
nsubj	nsubj	Old_Church_Slavonic	4318	0.375636868921
nsubj	nsubj	Persian	7948	0.00817815802718
nsubj	nsubj	Polish	4995	0.294494494494
nsubj	nsubj	Portuguese	23564	0.104608725174
nsubj	nsubj	Romanian	10049	0.168076425515
nsubj	nsubj	Russian	71145	0.248267622461
nsubj	nsubj	Serbian	5884	0.226376614548
nsubj	nsubj	Slovak	6250	0.32384
nsubj	nsubj	Slovenian	7494	0.274753135842
nsubj	nsubj	Spanish	42160	0.171442125237
nsubj	nsubj	Swedish	11405	0.175361683472
nsubj	nsubj	Tamil	520	0.0269230769231
nsubj	nsubj	Telugu	971	0.00926879505664
nsubj	nsubj	Turkish	3092	0.0831177231565
nsubj	nsubj	Ukrainian	5377	0.220011158639
nsubj	nsubj	Urdu	6579	0.00699194406445
nsubj	nsubj	Vietnamese	2623	0.0160121997713
nsubj	nsubj:caus	French	171	0.00584795321637
nsubj	nsubj:cop	Estonian	1862	0.287325456498
nsubj	nsubj:cop	Finnish	6735	0.193615441722
nsubj	nsubj:cop	Hebrew	377	0.026525198939
nsubj	nsubj:expl	French	2	0.0
nsubj	nsubj:lvc	Hungarian	2	0.5
nsubj	nsubj:nc	Persian	22	0.818181818182
nsubj	nsubj:nc	Telugu	49	0.0
nsubj	nsubj:own	Marathi	3	0.0
nsubj	nsubj:pass	Afrikaans	442	0.0
nsubj	nsubj:pass	Ancient_Greek	1835	0.428337874659
nsubj	nsubj:pass	Arabic	1936	0.79132231405
nsubj	nsubj:pass	Belarusian	4	1.0
nsubj	nsubj:pass	Bulgarian	1312	0.368140243902
nsubj	nsubj:pass	Catalan	24	0.333333333333
nsubj	nsubj:pass	Chinese	245	0.0
nsubj	nsubj:pass	Croatian	997	0.428284854564
nsubj	nsubj:pass	Czech	10839	0.399391087739
nsubj	nsubj:pass	Dutch	2003	0.000499251123315
nsubj	nsubj:pass	English	2175	0.0225287356322
nsubj	nsubj:pass	French	3205	0.0146645865835
nsubj	nsubj:pass	Galician	14	0.0
nsubj	nsubj:pass	German	3075	0.0256910569106
nsubj	nsubj:pass	Gothic	169	0.313609467456
nsubj	nsubj:pass	Hindi	520	0.0230769230769
nsubj	nsubj:pass	Indonesian	1987	0.0216406643181
nsubj	nsubj:pass	Italian	2677	0.316772506537
nsubj	nsubj:pass	Korean	453	0.00220750551876
nsubj	nsubj:pass	Latin	8631	0.251998609663
nsubj	nsubj:pass	Latvian	424	0.341981132075
nsubj	nsubj:pass	Marathi	7	0.0
nsubj	nsubj:pass	Norwegian	2528	0.0383702531646
nsubj	nsubj:pass	Old_Church_Slavonic	10	0.4
nsubj	nsubj:pass	Persian	136	0.0
nsubj	nsubj:pass	Polish	189	0.179894179894
nsubj	nsubj:pass	Portuguese	2734	0.137161667886
nsubj	nsubj:pass	Romanian	1755	0.34301994302
nsubj	nsubj:pass	Russian	5081	0.351899232435
nsubj	nsubj:pass	Slovak	177	0.367231638418
nsubj	nsubj:pass	Spanish	1197	0.061821219716
nsubj	nsubj:pass	Swedish	1432	0.180167597765
nsubj	nsubj:pass	Tamil	1	0.0
nsubj	nsubj:pass	Ukrainian	167	0.197604790419
nummod	nummod	Afrikaans	359	0.0
nummod	nummod	Ancient_Greek	1103	0.316409791478
nummod	nummod	Arabic	13331	0.561923336584
nummod	nummod	Basque	1656	0.467995169082
nummod	nummod	Belarusian	42	0.047619047619
nummod	nummod	Bulgarian	1561	0.0787956438181
nummod	nummod	Catalan	5055	0.208506429278
nummod	nummod	Chinese	5600	0.00571428571429
nummod	nummod	Coptic	4	0.0
nummod	nummod	Croatian	2692	0.06426448737
nummod	nummod	Czech	22725	0.40396039604
nummod	nummod	Danish	1140	0.168421052632
nummod	nummod	Dutch	2636	0.155159332322
nummod	nummod	English	3655	0.307523939808
nummod	nummod	Estonian	1115	0.37399103139
nummod	nummod	Finnish	5137	0.205956784115
nummod	nummod	French	15845	0.245503313348
nummod	nummod	Galician	203	0.620689655172
nummod	nummod	German	2977	0.033926771918
nummod	nummod	Gothic	150	0.26
nummod	nummod	Greek	384	0.046875
nummod	nummod	Hebrew	1964	0.230651731161
nummod	nummod	Hindi	5042	0.0059500198334
nummod	nummod	Hungarian	263	0.00380228136882
nummod	nummod	Indonesian	3919	0.575146721102
nummod	nummod	Irish	195	0.353846153846
nummod	nummod	Italian	4348	0.366375344986
nummod	nummod	Japanese	2771	0.0
nummod	nummod	Korean	3298	0.034263189812
nummod	nummod	Latin	2005	0.34114713217
nummod	nummod	Latvian	617	0.0372771474878
nummod	nummod	Lithuanian	4	0.0
nummod	nummod	Marathi	29	0.0
nummod	nummod	Norwegian	4210	0.00380047505938
nummod	nummod	Old_Church_Slavonic	229	0.35807860262
nummod	nummod	Persian	2564	0.124414976599
nummod	nummod	Polish	87	0.908045977011
nummod	nummod	Portuguese	6956	0.102932719954
nummod	nummod	Romanian	3910	0.462404092072
nummod	nummod	Russian	10866	0.225473955457
nummod	nummod	Serbian	1069	0.0542563143124
nummod	nummod	Slovak	776	0.454896907216
nummod	nummod	Slovenian	1681	0.18738845925
nummod	nummod	Spanish	12160	0.219572368421
nummod	nummod	Swedish	1292	0.178018575851
nummod	nummod	Tamil	157	0.00636942675159
nummod	nummod	Telugu	69	0.0434782608696
nummod	nummod	Turkish	515	0.00776699029126
nummod	nummod	Ukrainian	331	0.012084592145
nummod	nummod	Urdu	1894	0.0422386483633
nummod	nummod	Vietnamese	819	0.201465201465
nummod	nummod:entity	Russian	56	1.0
nummod	nummod:gov	Belarusian	64	0.0
nummod	nummod:gov	Czech	7957	0.0209878094759
nummod	nummod:gov	Lithuanian	6	0.0
nummod	nummod:gov	Russian	4921	0.0908351960984
nummod	nummod:gov	Serbian	510	0.00588235294118
nummod	nummod:gov	Ukrainian	235	0.0510638297872
obj	obj	Afrikaans	2136	0.251872659176
obj	obj	Ancient_Greek	16020	0.387640449438
obj	obj	Arabic	41866	0.975517126069
obj	obj	Basque	6006	0.148684648685
obj	obj	Belarusian	283	0.82332155477
obj	obj	Bulgarian	6012	0.810379241517
obj	obj	Catalan	33032	0.700653911359
obj	obj	Chinese	7168	0.973353794643
obj	obj	Coptic	461	1.0
obj	obj	Croatian	8111	0.748366415978
obj	obj	Czech	86924	0.685552896783
obj	obj	Danish	4490	0.946770601336
obj	obj	Dutch	9511	0.415518872884
obj	obj	English	16487	0.958876690726
obj	obj	Estonian	4532	0.622683142101
obj	obj	Finnish	17798	0.697943589167
obj	obj	French	31789	0.835792255183
obj	obj	Galician	6535	0.810405508799
obj	obj	German	8063	0.542602009178
obj	obj	Greek	1985	0.834256926952
obj	obj	Hebrew	3640	0.966483516484
obj	obj	Hindi	15332	0.25430472215
obj	obj	Hungarian	1318	0.437025796662
obj	obj	Indonesian	5221	0.944263551044
obj	obj	Irish	487	0.564681724846
obj	obj	Italian	14024	0.869937250428
obj	obj	Japanese	4732	0.0
obj	obj	Korean	26900	0.0053531598513
obj	obj	Latin	15472	0.508531540848
obj	obj	Latvian	3157	0.675641431739
obj	obj	Lithuanian	212	0.622641509434
obj	obj	Marathi	222	0.0315315315315
obj	obj	Norwegian	24763	0.941162217825
obj	obj	Persian	3505	0.0176890156919
obj	obj	Polish	4608	0.810112847222
obj	obj	Portuguese	17797	0.907737259089
obj	obj	Romanian	7512	0.82947284345
obj	obj	Russian	32871	0.803808828451
obj	obj	Serbian	2678	0.880134428678
obj	obj	Slovak	5680	0.657394366197
obj	obj	Slovenian	7237	0.590714384413
obj	obj	Spanish	47195	0.784532259773
obj	obj	Swedish	6667	0.946602669867
obj	obj	Tamil	490	0.00612244897959
obj	obj	Telugu	423	0.00472813238771
obj	obj	Turkish	3533	0.0464194735352
obj	obj	Ukrainian	4043	0.746722730646
obj	obj	Urdu	5801	0.260472332356
obj	obj	Vietnamese	3016	0.957891246684
obj	obj:agent	French	119	0.747899159664
obj	obj:dir	Ancient_Greek	12761	0.589687328579
obj	obj:dir	Gothic	3017	0.615843553199
obj	obj:dir	Latin	11166	0.460863335124
obj	obj:dir	Old_Church_Slavonic	3357	0.679773607388
obj	obj:lvc	Hungarian	30	0.366666666667
obl	obl	Afrikaans	2523	0.512088783195
obl	obl	Ancient_Greek	20483	0.570668359127
obl	obl	Arabic	12544	0.927614795918
obl	obl	Basque	7624	0.260099685205
obl	obl	Belarusian	466	0.581545064378
obl	obl	Bulgarian	5855	0.664901793339
obl	obl	Catalan	19131	0.700538393184
obl	obl	Chinese	2341	0.119179837676
obl	obl	Coptic	808	0.94801980198
obl	obl	Croatian	11413	0.655392972926
obl	obl	Czech	113424	0.546718507547
obl	obl	Danish	5536	0.823699421965
obl	obl	Dutch	17269	0.467832532283
obl	obl	English	16189	0.888566310458
obl	obl	Estonian	8597	0.551820402466
obl	obl	Finnish	16646	0.598341944011
obl	obl	French	58470	0.835283051137
obl	obl	Galician	5623	0.768095322781
obl	obl	German	16416	0.393823099415
obl	obl	Gothic	3389	0.725582767778
obl	obl	Greek	2655	0.755178907721
obl	obl	Hebrew	7399	0.764562778754
obl	obl	Hindi	26382	0.00227427791676
obl	obl	Hungarian	614	0.154723127036
obl	obl	Indonesian	5726	0.810164163465
obl	obl	Irish	720	0.836111111111
obl	obl	Italian	21483	0.750872783131
obl	obl	Japanese	9307	0.0
obl	obl	Korean	13039	0.00153385995859
obl	obl	Latin	32637	0.473909979471
obl	obl	Latvian	4804	0.467943380516
obl	obl	Lithuanian	203	0.477832512315
obl	obl	Marathi	157	0.0254777070064
obl	obl	Norwegian	34479	0.801299341628
obl	obl	Old_Church_Slavonic	3362	0.733789411065
obl	obl	Persian	7281	0.0222496909765
obl	obl	Polish	3443	0.556491431891
obl	obl	Portuguese	12237	0.772738416278
obl	obl	Romanian	11271	0.788661165824
obl	obl	Russian	90485	0.594076366249
obl	obl	Serbian	6049	0.780459580096
obl	obl	Slovak	5102	0.584476675813
obl	obl	Slovenian	9794	0.545333877884
obl	obl	Spanish	45897	0.76649889971
obl	obl	Swedish	8885	0.821722003376
obl	obl	Tamil	714	0.00280112044818
obl	obl	Telugu	268	0.00373134328358
obl	obl	Turkish	3688	0.0566702819957
obl	obl	Ukrainian	6278	0.666613571201
obl	obl	Urdu	1842	0.0255157437568
obl	obl	Vietnamese	1023	0.609970674487
obl	obl:agent	Ancient_Greek	447	0.682326621924
obl	obl:agent	Belarusian	4	0.75
obl	obl:agent	Czech	875	0.685714285714
obl	obl:agent	English	217	0.990783410138
obl	obl:agent	French	316	0.996835443038
obl	obl:agent	Gothic	58	0.775862068966
obl	obl:agent	Italian	1325	0.976603773585
obl	obl:agent	Latin	480	0.410416666667
obl	obl:agent	Lithuanian	4	0.25
obl	obl:agent	Old_Church_Slavonic	65	0.846153846154
obl	obl:agent	Polish	5	0.6
obl	obl:agent	Portuguese	697	0.994261119082
obl	obl:agent	Russian	243	0.925925925926
obl	obl:agent	Slovak	6	1.0
obl	obl:agent	Swedish	224	0.941964285714
obl	obl:arg	Czech	24141	0.730292862765
obl	obl:arg	Greek	106	0.952830188679
obl	obl:arg	Polish	2507	0.82050259274
obl	obl:arg	Slovak	1012	0.737154150198
obl	obl:cau	Telugu	3	0.0
obl	obl:loc	Danish	561	0.953654188948
obl	obl:npmod	English	506	0.268774703557
obl	obl:prep	Irish	250	0.988
obl	obl:tmod	Danish	116	0.439655172414
obl	obl:tmod	English	616	0.798701298701
obl	obl:tmod	Hebrew	222	0.752252252252
obl	obl:tmod	Irish	24	0.666666666667
obl	obl:tmod	Telugu	97	0.0412371134021
orphan	orphan	Ancient_Greek	701	0.674750356633
orphan	orphan	Arabic	217	1.0
orphan	orphan	Belarusian	14	0.357142857143
orphan	orphan	Bulgarian	3	1.0
orphan	orphan	Catalan	12	1.0
orphan	orphan	Chinese	2	1.0
orphan	orphan	Coptic	3	1.0
orphan	orphan	Croatian	143	0.328671328671
orphan	orphan	Czech	5913	1.0
orphan	orphan	English	36	0.833333333333
orphan	orphan	Estonian	37	0.864864864865
orphan	orphan	Finnish	276	0.565217391304
orphan	orphan	French	716	0.988826815642
orphan	orphan	Galician	1	1.0
orphan	orphan	Gothic	169	0.763313609467
orphan	orphan	Greek	225	0.88
orphan	orphan	Hungarian	64	0.1875
orphan	orphan	Italian	77	0.766233766234
orphan	orphan	Latin	1407	0.905472636816
orphan	orphan	Latvian	13	0.692307692308
orphan	orphan	Lithuanian	3	0.666666666667
orphan	orphan	Marathi	1	1.0
orphan	orphan	Norwegian	396	1.0
orphan	orphan	Old_Church_Slavonic	182	0.802197802198
orphan	orphan	Portuguese	7	1.0
orphan	orphan	Romanian	82	0.536585365854
orphan	orphan	Russian	1272	0.564465408805
orphan	orphan	Serbian	65	0.861538461538
orphan	orphan	Slovak	110	1.0
orphan	orphan	Slovenian	28	0.357142857143
orphan	orphan	Spanish	29	1.0
orphan	orphan	Swedish	48	0.979166666667
orphan	orphan	Telugu	4	0.25
orphan	orphan	Ukrainian	13	0.923076923077
parataxis	parataxis	Ancient_Greek	329	0.659574468085
parataxis	parataxis	Arabic	12396	0.989593417231
parataxis	parataxis	Basque	41	0.975609756098
parataxis	parataxis	Belarusian	99	0.59595959596
parataxis	parataxis	Bulgarian	584	0.027397260274
parataxis	parataxis	Catalan	507	0.526627218935
parataxis	parataxis	Coptic	103	0.990291262136
parataxis	parataxis	Croatian	2111	0.788252013264
parataxis	parataxis	Czech	2445	0.672392638037
parataxis	parataxis	Danish	1	1.0
parataxis	parataxis	Dutch	2991	0.843530591775
parataxis	parataxis	English	1790	0.951955307263
parataxis	parataxis	Estonian	1137	0.897977132806
parataxis	parataxis	Finnish	735	0.994557823129
parataxis	parataxis	French	2937	0.902621722846
parataxis	parataxis	Galician	40	0.875
parataxis	parataxis	German	506	0.938735177866
parataxis	parataxis	Gothic	68	0.661764705882
parataxis	parataxis	Greek	50	0.8
parataxis	parataxis	Hebrew	424	0.52358490566
parataxis	parataxis	Hungarian	106	0.698113207547
parataxis	parataxis	Indonesian	367	0.880108991826
parataxis	parataxis	Irish	14	1.0
parataxis	parataxis	Italian	2685	0.872253258845
parataxis	parataxis	Latin	1034	0.785299806576
parataxis	parataxis	Latvian	696	0.41091954023
parataxis	parataxis	Lithuanian	146	0.452054794521
parataxis	parataxis	Marathi	67	1.0
parataxis	parataxis	Norwegian	2999	0.971657219073
parataxis	parataxis	Old_Church_Slavonic	60	0.466666666667
parataxis	parataxis	Persian	199	0.914572864322
parataxis	parataxis	Portuguese	1122	0.81550802139
parataxis	parataxis	Romanian	1600	0.388125
parataxis	parataxis	Russian	20279	0.578233640712
parataxis	parataxis	Serbian	1076	0.829925650558
parataxis	parataxis	Slovak	55	0.618181818182
parataxis	parataxis	Slovenian	2151	0.906555090656
parataxis	parataxis	Spanish	2213	0.863081789426
parataxis	parataxis	Swedish	593	0.967959527825
parataxis	parataxis	Tamil	2	1.0
parataxis	parataxis	Telugu	26	0.615384615385
parataxis	parataxis	Turkish	8	0.875
parataxis	parataxis	Ukrainian	980	0.95612244898
parataxis	parataxis	Vietnamese	338	0.872781065089
parataxis	parataxis:deletion	Norwegian	30	0.0333333333333
parataxis	parataxis:discourse	Slovenian	144	0.340277777778
parataxis	parataxis:discourse	Ukrainian	110	0.118181818182
parataxis	parataxis:hashtag	Italian	1028	0.785019455253
parataxis	parataxis:insert	Italian	12	0.666666666667
parataxis	parataxis:nsubj	Italian	14	0.142857142857
parataxis	parataxis:obj	Italian	40	0.925
parataxis	parataxis:restart	Slovenian	58	0.98275862069
punct	punct	Afrikaans	3622	0.920762009939
punct	punct	Ancient_Greek	22596	0.845016817136
punct	punct	Arabic	87715	0.773151684433
punct	punct	Basque	15905	0.649104055329
punct	punct	Belarusian	1122	0.540106951872
punct	punct	Bulgarian	19631	0.616728643472
punct	punct	Catalan	47534	0.596793873859
punct	punct	Chinese	15388	0.387249805043
punct	punct	Coptic	494	0.947368421053
punct	punct	Croatian	22351	0.576036866359
punct	punct	Czech	286801	0.553770733017
punct	punct	Danish	12489	0.893266074145
punct	punct	Dutch	35307	0.619622171241
punct	punct	English	40205	0.745504290511
punct	punct	Estonian	17748	0.594433175569
punct	punct	Finnish	46675	0.767262988752
punct	punct	French	111905	0.70160403914
punct	punct	Galician	12011	0.678627924403
punct	punct	German	35959	0.725548541394
punct	punct	Greek	5226	0.57960199005
punct	punct	Hebrew	16073	0.764138617557
punct	punct	Hindi	21120	0.824479166667
punct	punct	Hungarian	4322	0.689495603887
punct	punct	Indonesian	16739	0.750403249895
punct	punct	Irish	1406	0.47012802276
punct	punct	Italian	44278	0.799313428791
punct	punct	Japanese	17807	0.927163475038
punct	punct	Korean	44726	0.925457228458
punct	punct	Latin	41230	0.607664322096
punct	punct	Latvian	13501	0.516332123546
punct	punct	Lithuanian	877	0.436716077537
punct	punct	Marathi	647	0.851622874807
punct	punct	Norwegian	64859	0.890285079943
punct	punct	Persian	12077	0.646932185145
punct	punct	Polish	11709	0.70099923136
punct	punct	Portuguese	66598	0.62030391303
punct	punct	Romanian	27455	0.616390457112
punct	punct	Russian	196441	0.889432450456
punct	punct	Serbian	9451	0.578034070469
punct	punct	Slovak	17323	0.687178895111
punct	punct	Slovenian	17714	0.567912385684
punct	punct	Spanish	105455	0.592148309706
punct	punct	Swedish	15244	0.838428234059
punct	punct	Tamil	810	0.633333333333
punct	punct	Telugu	1293	0.924207269915
punct	punct	Turkish	8460	0.668676122931
punct	punct	Ukrainian	16030	0.49245165315
punct	punct	Urdu	6275	0.881274900398
punct	punct	Vietnamese	4593	0.718049205312
reparandum	reparandum	Danish	2	0.0
reparandum	reparandum	English	35	0.171428571429
reparandum	reparandum	Finnish	16	0.0
reparandum	reparandum	French	7	0.0
reparandum	reparandum	Italian	1	1.0
reparandum	reparandum	Norwegian	95	0.0421052631579
reparandum	reparandum	Portuguese	1	0.0
reparandum	reparandum	Romanian	1	1.0
reparandum	reparandum	Slovenian	459	0.0283224400871
reparandum	reparandum	Swedish	3	0.0
reparandum	reparandum	Ukrainian	1	0.0
root	root	Afrikaans	1509	1.0
root	root	Ancient_Greek	28478	1.0
root	root	Arabic	24759	1.0
root	root	Basque	7194	1.0
root	root	Belarusian	325	1.0
root	root	Bulgarian	10022	1.0
root	root	Catalan	14832	1.0
root	root	Chinese	4497	1.0
root	root	Coptic	405	1.0
root	root	Croatian	8289	1.0
root	root	Czech	114304	1.0
root	root	Danish	4947	1.0
root	root	Dutch	19828	1.0
root	root	English	20132	1.0
root	root	Estonian	7814	1.0
root	root	Finnish	30437	1.0
root	root	French	35579	1.0
root	root	Galician	3732	1.0
root	root	German	14613	1.0
root	root	Gothic	4372	1.0
root	root	Greek	2065	1.0
root	root	Hebrew	5725	1.0
root	root	Hindi	14963	1.0
root	root	Hungarian	1351	1.0
root	root	Indonesian	5036	1.0
root	root	Irish	566	1.0
root	root	Italian	18497	1.0
root	root	Japanese	7675	1.0
root	root	Korean	30426	1.0
root	root	Latin	33166	1.0
root	root	Latvian	5113	1.0
root	root	Lithuanian	208	1.0
root	root	Marathi	419	1.0
root	root	Norwegian	34509	1.0
root	root	Old_Church_Slavonic	5196	1.0
root	root	Persian	5397	1.0
root	root	Polish	7127	1.0
root	root	Portuguese	19765	1.0
root	root	Romanian	9416	1.0
root	root	Russian	59827	1.0
root	root	Serbian	3400	1.0
root	root	Slovak	9543	1.0
root	root	Slovenian	9349	1.0
root	root	Spanish	31546	1.0
root	root	Swedish	8457	1.0
root	root	Tamil	480	1.0
root	root	Telugu	1182	1.0
root	root	Turkish	4660	1.0
root	root	Ukrainian	5083	1.0
root	root	Urdu	4595	1.0
root	root	Vietnamese	2200	1.0
vocative	vocative	Ancient_Greek	2017	0.274169558751
vocative	vocative	Basque	33	0.69696969697
vocative	vocative	Bulgarian	55	0.472727272727
vocative	vocative	Chinese	1	0.0
vocative	vocative	Coptic	16	0.5
vocative	vocative	Croatian	23	0.434782608696
vocative	vocative	Czech	368	0.407608695652
vocative	vocative	Danish	28	0.571428571429
vocative	vocative	English	267	0.426966292135
vocative	vocative	Estonian	94	0.553191489362
vocative	vocative	Finnish	249	0.481927710843
vocative	vocative	French	122	0.122950819672
vocative	vocative	Galician	1	0.0
vocative	vocative	Gothic	310	0.261290322581
vocative	vocative	Greek	63	0.206349206349
vocative	vocative	Hindi	7	0.142857142857
vocative	vocative	Hungarian	1	0.0
vocative	vocative	Irish	10	0.7
vocative	vocative	Italian	377	0.289124668435
vocative	vocative	Korean	14	0.142857142857
vocative	vocative	Latin	955	0.270157068063
vocative	vocative	Latvian	29	0.448275862069
vocative	vocative	Lithuanian	1	1.0
vocative	vocative	Marathi	24	0.208333333333
vocative	vocative	Old_Church_Slavonic	453	0.187637969095
vocative	vocative	Persian	58	0.275862068966
vocative	vocative	Portuguese	11	0.363636363636
vocative	vocative	Romanian	137	0.532846715328
vocative	vocative	Russian	19	0.315789473684
vocative	vocative	Serbian	1	0.0
vocative	vocative	Slovak	34	0.705882352941
vocative	vocative	Slovenian	49	0.510204081633
vocative	vocative	Swedish	63	0.460317460317
vocative	vocative	Telugu	13	0.0
vocative	vocative	Ukrainian	71	0.549295774648
vocative	vocative	Urdu	15	0.0
vocative	vocative	Vietnamese	5	0.4
vocative	vocative:mention	Italian	1266	0.19747235387
xcomp	xcomp	Afrikaans	232	0.931034482759
xcomp	xcomp	Ancient_Greek	8343	0.665468057054
xcomp	xcomp	Arabic	11219	0.987966841965
xcomp	xcomp	Basque	1120	0.182142857143
xcomp	xcomp	Belarusian	90	0.988888888889
xcomp	xcomp	Bulgarian	705	0.990070921986
xcomp	xcomp	Catalan	2213	0.950293718934
xcomp	xcomp	Chinese	1604	0.786783042394
xcomp	xcomp	Coptic	109	1.0
xcomp	xcomp	Croatian	2766	0.960954446855
xcomp	xcomp	Czech	24492	0.931691981055
xcomp	xcomp	Danish	456	0.686403508772
xcomp	xcomp	Dutch	1622	0.673242909988
xcomp	xcomp	English	4869	0.981310330663
xcomp	xcomp	Estonian	1196	0.810200668896
xcomp	xcomp	Finnish	3262	0.96290619252
xcomp	xcomp	French	12078	0.995777446597
xcomp	xcomp	Galician	647	0.975270479134
xcomp	xcomp	German	987	0.759878419453
xcomp	xcomp	Gothic	1950	0.48
xcomp	xcomp	Greek	511	0.976516634051
xcomp	xcomp	Hebrew	1628	0.9957002457
xcomp	xcomp	Hindi	686	0.0102040816327
xcomp	xcomp	Hungarian	237	0.907172995781
xcomp	xcomp	Indonesian	1237	0.900565885206
xcomp	xcomp	Irish	339	0.967551622419
xcomp	xcomp	Italian	3051	0.990494919698
xcomp	xcomp	Korean	3875	0.0
xcomp	xcomp	Latin	6448	0.643300248139
xcomp	xcomp	Latvian	963	0.952232606438
xcomp	xcomp	Lithuanian	78	0.974358974359
xcomp	xcomp	Marathi	18	0.111111111111
xcomp	xcomp	Norwegian	7036	0.983086981239
xcomp	xcomp	Old_Church_Slavonic	2008	0.623007968127
xcomp	xcomp	Persian	418	0.0526315789474
xcomp	xcomp	Polish	1040	0.975961538462
xcomp	xcomp	Portuguese	2699	0.988884772138
xcomp	xcomp	Romanian	1119	0.897229669348
xcomp	xcomp	Russian	10501	0.954385296638
xcomp	xcomp	Serbian	849	0.939929328622
xcomp	xcomp	Slovak	1087	0.933762649494
xcomp	xcomp	Slovenian	1224	0.953431372549
xcomp	xcomp	Spanish	3699	0.963233306299
xcomp	xcomp	Swedish	1703	0.968878449794
xcomp	xcomp	Tamil	24	0.0
xcomp	xcomp	Telugu	6	0.333333333333
xcomp	xcomp	Ukrainian	730	0.967123287671
xcomp	xcomp	Urdu	411	0.0121654501217
xcomp	xcomp	Vietnamese	2637	0.976109215017
xcomp	xcomp:adj	Portuguese	1476	0.986449864499
xcomp	xcomp:ds	Finnish	1291	0.962044926414
xcomp	xcomp:pred	Irish	331	0.984894259819
xcomp	xcomp:sp	Ukrainian	242	0.863636363636
