Language	FileName	Direction	Group
Afrikaans	2846162986	OV	GROUP1
Afrikaans	6654163338	OV	GROUP2
Afrikaans	5770375398	OV	GROUP3
Afrikaans	5809970684	OV	GROUP4
Afrikaans	2869394950	OV	GROUP1
Afrikaans	1797515431	OV	GROUP2
Afrikaans	9243198915	OV	GROUP3
Afrikaans	9098792234	OV	GROUP4
Afrikaans	8727079804	OV	GROUP1
Afrikaans	2336973232	OV	GROUP2
Afrikaans	3416813851	OV	GROUP3
Afrikaans	7115290772	OV	GROUP4
Afrikaans	1658885477	VO	GROUP1
Afrikaans	4418056942	VO	GROUP2
Afrikaans	5621493157	VO	GROUP3
Afrikaans	8246575664	VO	GROUP4
Afrikaans	8071512605	VO	GROUP1
Afrikaans	1243029953	VO	GROUP2
Afrikaans	5266076008	VO	GROUP3
Afrikaans	2244052059	VO	GROUP4
Afrikaans	9653750532	VO	GROUP1
Afrikaans	8307133954	VO	GROUP2
Afrikaans	9895049578	VO	GROUP3
Afrikaans	1528547223	VO	GROUP4
Afrikaans	1657761114	VO	GROUP1
Ancient_Greek	2460249038	OV	GROUP1
Ancient_Greek	8085969138	OV	GROUP2
Ancient_Greek	8093632911	OV	GROUP3
Ancient_Greek	8168916694	OV	GROUP4
Ancient_Greek	2397321414	OV	GROUP1
Ancient_Greek	6847276818	OV	GROUP2
Ancient_Greek	7121520514	OV	GROUP3
Ancient_Greek	100386622	OV	GROUP4
Ancient_Greek	2109942319	OV	GROUP1
Ancient_Greek	5284106553	OV	GROUP2
Ancient_Greek	5584517038	OV	GROUP3
Ancient_Greek	542477161	OV	GROUP4
Ancient_Greek	2824182837	VO	GROUP1
Ancient_Greek	6727343105	VO	GROUP2
Ancient_Greek	8721468343	VO	GROUP3
Ancient_Greek	806839504	VO	GROUP4
Ancient_Greek	8333263371	VO	GROUP1
Ancient_Greek	1662443726	VO	GROUP2
Ancient_Greek	2464717213	VO	GROUP3
Ancient_Greek	2121072826	VO	GROUP4
Ancient_Greek	3527231951	VO	GROUP1
Ancient_Greek	9434884410	VO	GROUP2
Ancient_Greek	8094299318	VO	GROUP3
Ancient_Greek	8249797608	VO	GROUP4
Arabic	3225030129	OV	GROUP1
Arabic	6427878818	OV	GROUP2
Arabic	9589482979	OV	GROUP3
Arabic	1713853144	OV	GROUP4
Arabic	9849984601	OV	GROUP1
Arabic	2728997642	OV	GROUP2
Arabic	2462663640	OV	GROUP3
Arabic	5318815603	OV	GROUP4
Arabic	7835557024	OV	GROUP1
Arabic	6411487572	OV	GROUP2
Arabic	2481192020	OV	GROUP3
Arabic	5869004632	OV	GROUP4
Arabic	8583156033	VO	GROUP1
Arabic	861592665	VO	GROUP2
Arabic	9788252482	VO	GROUP3
Arabic	6101513491	VO	GROUP4
Arabic	5867584802	VO	GROUP1
Arabic	37304170	VO	GROUP2
Arabic	7867074011	VO	GROUP3
Arabic	1441855073	VO	GROUP4
Arabic	2006582232	VO	GROUP1
Arabic	4569200782	VO	GROUP2
Arabic	6094570701	VO	GROUP3
Arabic	2229651182	VO	GROUP4
Basque	6998623817	OV	GROUP1
Basque	9724974740	OV	GROUP2
Basque	2545473674	OV	GROUP3
Basque	717795527	OV	GROUP4
Basque	8363653979	OV	GROUP1
Basque	8133001279	OV	GROUP2
Basque	1933414271	OV	GROUP3
Basque	2881607944	OV	GROUP4
Basque	657083143	OV	GROUP1
Basque	6607162747	OV	GROUP2
Basque	8245831695	OV	GROUP3
Basque	8239865039	OV	GROUP4
Basque	9340220735	VO	GROUP1
Basque	4590119091	VO	GROUP2
Basque	7825666655	VO	GROUP3
Basque	7473453870	VO	GROUP4
Basque	1773799092	VO	GROUP1
Basque	9590786184	VO	GROUP2
Basque	6423440658	VO	GROUP3
Basque	660485853	VO	GROUP4
Basque	5417024915	VO	GROUP1
Basque	6601537573	VO	GROUP2
Basque	690068745	VO	GROUP3
Basque	3019829477	VO	GROUP4
Belarusian	1976195062	OV	GROUP1
Belarusian	3153103412	OV	GROUP2
Belarusian	532707348	OV	GROUP3
Belarusian	8060678659	OV	GROUP4
Belarusian	7691383669	OV	GROUP1
Belarusian	3780649995	OV	GROUP2
Belarusian	4707734453	OV	GROUP3
Belarusian	9553234368	OV	GROUP4
Belarusian	4596137355	OV	GROUP1
Belarusian	926360780	OV	GROUP2
Belarusian	7359258414	OV	GROUP3
Belarusian	7585077224	OV	GROUP4
Belarusian	5157342878	VO	GROUP1
Belarusian	1452304414	VO	GROUP2
Belarusian	9604816900	VO	GROUP3
Belarusian	9127204363	VO	GROUP4
Belarusian	6959182267	VO	GROUP1
Belarusian	157938696	VO	GROUP2
Belarusian	5477271494	VO	GROUP3
Belarusian	4387765524	VO	GROUP4
Belarusian	2064241235	VO	GROUP1
Belarusian	3589680229	VO	GROUP2
Belarusian	4326018097	VO	GROUP3
Belarusian	9133720537	VO	GROUP4
Bulgarian	1170573905	OV	GROUP1
Bulgarian	9342297711	OV	GROUP2
Bulgarian	3377048490	OV	GROUP3
Bulgarian	4983112764	OV	GROUP4
Bulgarian	9992365671	OV	GROUP1
Bulgarian	7535274598	OV	GROUP2
Bulgarian	3671976643	OV	GROUP3
Bulgarian	1676354471	OV	GROUP4
Bulgarian	2372045954	OV	GROUP1
Bulgarian	6058402865	OV	GROUP2
Bulgarian	4422284109	OV	GROUP3
Bulgarian	2355648162	OV	GROUP4
Bulgarian	1638685578	VO	GROUP1
Bulgarian	3695134530	VO	GROUP2
Bulgarian	5238225980	VO	GROUP3
Bulgarian	6688858397	VO	GROUP4
Bulgarian	204987555	VO	GROUP1
Bulgarian	4259924332	VO	GROUP2
Bulgarian	7592514626	VO	GROUP3
Bulgarian	5456330300	VO	GROUP4
Bulgarian	5061524885	VO	GROUP1
Bulgarian	7812667892	VO	GROUP2
Bulgarian	4966070623	VO	GROUP3
Bulgarian	8732118915	VO	GROUP4
Catalan	9936545114	OV	GROUP1
Catalan	7212398813	OV	GROUP2
Catalan	966092703	OV	GROUP3
Catalan	1962043850	OV	GROUP4
Catalan	2181627944	OV	GROUP1
Catalan	8564735648	OV	GROUP2
Catalan	3553756992	OV	GROUP3
Catalan	835794223	OV	GROUP4
Catalan	1134979530	OV	GROUP1
Catalan	7875549067	OV	GROUP2
Catalan	7673093064	OV	GROUP3
Catalan	7458419633	OV	GROUP4
Catalan	3086894984	VO	GROUP1
Catalan	1379648592	VO	GROUP2
Catalan	6485767966	VO	GROUP3
Catalan	7252745566	VO	GROUP4
Catalan	2471432465	VO	GROUP1
Catalan	4759555755	VO	GROUP2
Catalan	8263732915	VO	GROUP3
Catalan	2538995201	VO	GROUP4
Catalan	3775893096	VO	GROUP1
Catalan	5306277338	VO	GROUP2
Catalan	8956671908	VO	GROUP3
Catalan	7742757293	VO	GROUP4
Chinese	879693125	OV	GROUP1
Chinese	1608415687	OV	GROUP2
Chinese	9308509808	OV	GROUP3
Chinese	7775259707	OV	GROUP4
Chinese	7099448244	OV	GROUP1
Chinese	1252493077	OV	GROUP2
Chinese	6268404438	OV	GROUP3
Chinese	852200053	OV	GROUP4
Chinese	1525295101	OV	GROUP1
Chinese	4863208342	OV	GROUP2
Chinese	6927762817	OV	GROUP3
Chinese	8105850052	OV	GROUP4
Chinese	7647437770	VO	GROUP1
Chinese	2045095097	VO	GROUP2
Chinese	6026513642	VO	GROUP3
Chinese	343306077	VO	GROUP4
Chinese	6257091369	VO	GROUP1
Chinese	164577662	VO	GROUP2
Chinese	9509884092	VO	GROUP3
Chinese	2313695943	VO	GROUP4
Chinese	7369851073	VO	GROUP1
Chinese	7131672363	VO	GROUP2
Chinese	7446968920	VO	GROUP3
Chinese	4381263919	VO	GROUP4
Coptic	2061526880	OV	GROUP1
Coptic	3642981499	OV	GROUP2
Coptic	1512478300	OV	GROUP3
Coptic	4837152713	OV	GROUP4
Coptic	987166104	OV	GROUP1
Coptic	6920195056	OV	GROUP2
Coptic	2516158782	OV	GROUP3
Coptic	9080416429	OV	GROUP4
Coptic	6862560490	OV	GROUP1
Coptic	3164031297	OV	GROUP2
Coptic	2515749036	OV	GROUP3
Coptic	5656083375	OV	GROUP4
Coptic	6041088033	VO	GROUP1
Coptic	4517005444	VO	GROUP2
Coptic	589750799	VO	GROUP3
Coptic	782259072	VO	GROUP4
Coptic	6388881323	VO	GROUP1
Coptic	1634291040	VO	GROUP2
Coptic	3725234897	VO	GROUP3
Coptic	1611446358	VO	GROUP4
Coptic	2464551016	VO	GROUP1
Coptic	5251627572	VO	GROUP2
Coptic	4346961360	VO	GROUP3
Coptic	3748970563	VO	GROUP4
Croatian	3798552277	OV	GROUP1
Croatian	6847099698	OV	GROUP2
Croatian	2692971735	OV	GROUP3
Croatian	663958888	OV	GROUP4
Croatian	874619944	OV	GROUP1
Croatian	8107510327	OV	GROUP2
Croatian	33135674	OV	GROUP3
Croatian	8679557483	OV	GROUP4
Croatian	1552783168	OV	GROUP1
Croatian	6959776174	OV	GROUP2
Croatian	609458335	OV	GROUP3
Croatian	9459340378	OV	GROUP4
Croatian	6408938622	VO	GROUP1
Croatian	1216537107	VO	GROUP2
Croatian	6790831544	VO	GROUP3
Croatian	7324385554	VO	GROUP4
Croatian	3321068676	VO	GROUP1
Croatian	3099887828	VO	GROUP2
Croatian	3033886661	VO	GROUP3
Croatian	8046879825	VO	GROUP4
Croatian	5832621400	VO	GROUP1
Croatian	5089635956	VO	GROUP2
Croatian	9171130000	VO	GROUP3
Croatian	2343622722	VO	GROUP4
Czech	3086601219	OV	GROUP1
Czech	9140685692	OV	GROUP2
Czech	5473904570	OV	GROUP3
Czech	8051655506	OV	GROUP4
Czech	4077730903	OV	GROUP1
Czech	8005291109	OV	GROUP2
Czech	9341244952	OV	GROUP3
Czech	4658048204	OV	GROUP4
Czech	3617787554	OV	GROUP1
Czech	9541986778	OV	GROUP2
Czech	725389157	OV	GROUP3
Czech	6418284628	OV	GROUP4
Czech	8141685977	OV	GROUP1
Czech	9337335727	VO	GROUP1
Czech	8120644804	VO	GROUP2
Czech	6306938640	VO	GROUP3
Czech	6641886353	VO	GROUP4
Czech	2331880029	VO	GROUP1
Czech	3401939023	VO	GROUP2
Czech	4010460209	VO	GROUP3
Czech	1444933523	VO	GROUP4
Czech	7840121364	VO	GROUP1
Czech	8839631454	VO	GROUP2
Czech	6682666435	VO	GROUP3
Czech	567049331	VO	GROUP4
Danish	5701981539	OV	GROUP1
Danish	9180537518	OV	GROUP2
Danish	4554946807	OV	GROUP3
Danish	8729629327	OV	GROUP4
Danish	2616466607	OV	GROUP1
Danish	1108530248	OV	GROUP2
Danish	2784096538	OV	GROUP3
Danish	5824485390	OV	GROUP4
Danish	3243028224	OV	GROUP1
Danish	122581733	OV	GROUP2
Danish	8761703752	OV	GROUP3
Danish	9346918106	OV	GROUP4
Danish	5604041068	VO	GROUP1
Danish	5500305980	VO	GROUP2
Danish	7575930030	VO	GROUP3
Danish	3952714728	VO	GROUP4
Danish	8690418231	VO	GROUP1
Danish	1552290073	VO	GROUP2
Danish	3311572534	VO	GROUP3
Danish	6161271648	VO	GROUP4
Danish	8015690102	VO	GROUP1
Danish	3540964777	VO	GROUP2
Danish	384412782	VO	GROUP3
Danish	5914445670	VO	GROUP4
Dutch	4435548871	OV	GROUP1
Dutch	1118393839	OV	GROUP2
Dutch	4456562268	OV	GROUP3
Dutch	7775405388	OV	GROUP4
Dutch	4727165580	OV	GROUP1
Dutch	5266995269	OV	GROUP2
Dutch	8061996055	OV	GROUP3
Dutch	1073347678	OV	GROUP4
Dutch	2568301737	OV	GROUP1
Dutch	9666829161	OV	GROUP2
Dutch	3331821553	OV	GROUP3
Dutch	7914274986	OV	GROUP4
Dutch	5990686683	OV	GROUP1
Dutch	6955889391	VO	GROUP1
Dutch	8705762937	VO	GROUP2
Dutch	8857876313	VO	GROUP3
Dutch	2181121230	VO	GROUP4
Dutch	7974561834	VO	GROUP1
Dutch	3902085028	VO	GROUP2
Dutch	1454093843	VO	GROUP3
Dutch	5427721463	VO	GROUP4
Dutch	6170861758	VO	GROUP1
Dutch	7925799883	VO	GROUP2
Dutch	5101586457	VO	GROUP3
Dutch	4979061618	VO	GROUP4
Dutch	5944845713	VO	GROUP1
English	2539204204	OV	GROUP1
English	4409672014	OV	GROUP2
English	7030440871	OV	GROUP3
English	7876628481	OV	GROUP4
English	9386080325	OV	GROUP1
English	4947121803	OV	GROUP2
English	2608680131	OV	GROUP3
English	6295386939	OV	GROUP4
English	9021624881	OV	GROUP1
English	4910096554	OV	GROUP2
English	8253448084	OV	GROUP3
English	677471935	OV	GROUP4
English	5695541364	VO	GROUP1
English	7580379440	VO	GROUP2
English	1861401696	VO	GROUP3
English	6448967977	VO	GROUP4
English	5593687804	VO	GROUP1
English	3260879064	VO	GROUP2
English	9322393111	VO	GROUP3
English	9935841037	VO	GROUP4
English	521274686	VO	GROUP1
English	9691137995	VO	GROUP2
English	9632101529	VO	GROUP3
English	7405933776	VO	GROUP4
Estonian	2193715782	OV	GROUP1
Estonian	6548791509	OV	GROUP2
Estonian	184087540	OV	GROUP3
Estonian	6985317856	OV	GROUP4
Estonian	1640027993	OV	GROUP1
Estonian	8609622278	OV	GROUP2
Estonian	5879401288	OV	GROUP3
Estonian	9828378963	OV	GROUP4
Estonian	7125397000	OV	GROUP1
Estonian	8287909227	OV	GROUP2
Estonian	9895311798	OV	GROUP3
Estonian	1420288269	OV	GROUP4
Estonian	1534374712	VO	GROUP1
Estonian	6005170877	VO	GROUP2
Estonian	6293982301	VO	GROUP3
Estonian	2367739706	VO	GROUP4
Estonian	6004854147	VO	GROUP1
Estonian	4227834293	VO	GROUP2
Estonian	9516554508	VO	GROUP3
Estonian	4737512014	VO	GROUP4
Estonian	9201022475	VO	GROUP1
Estonian	453495948	VO	GROUP2
Estonian	3317895290	VO	GROUP3
Estonian	6460036660	VO	GROUP4
Finnish	1266678302	OV	GROUP1
Finnish	7281723814	OV	GROUP2
Finnish	582421446	OV	GROUP3
Finnish	561431915	OV	GROUP4
Finnish	1801673413	OV	GROUP1
Finnish	7780466564	OV	GROUP2
Finnish	2710299600	OV	GROUP3
Finnish	2319061700	OV	GROUP4
Finnish	8684997966	OV	GROUP1
Finnish	6642178163	OV	GROUP2
Finnish	5335149485	OV	GROUP3
Finnish	6582140560	OV	GROUP4
Finnish	8934540534	VO	GROUP1
Finnish	3742081041	VO	GROUP2
Finnish	1165449940	VO	GROUP3
Finnish	7512597550	VO	GROUP4
Finnish	6589028339	VO	GROUP1
Finnish	8278855198	VO	GROUP2
Finnish	1555669820	VO	GROUP3
Finnish	9752094430	VO	GROUP4
Finnish	3542538061	VO	GROUP1
Finnish	1375310690	VO	GROUP2
Finnish	3529350779	VO	GROUP3
Finnish	4663177148	VO	GROUP4
French	7622895099	OV	GROUP1
French	1804798267	OV	GROUP2
French	8111446947	OV	GROUP3
French	6273746389	OV	GROUP4
French	8932085602	OV	GROUP1
French	7908722978	OV	GROUP2
French	7897086626	OV	GROUP3
French	6320535347	OV	GROUP4
French	6662217200	OV	GROUP1
French	5303474759	OV	GROUP2
French	1452193365	OV	GROUP3
French	3669059037	OV	GROUP4
French	8663386833	VO	GROUP1
French	8546236540	VO	GROUP2
French	2913304388	VO	GROUP3
French	1853947948	VO	GROUP4
French	7260291825	VO	GROUP1
French	1842524198	VO	GROUP2
French	4013494826	VO	GROUP3
French	6912153951	VO	GROUP4
French	3037027383	VO	GROUP1
French	4872997742	VO	GROUP2
French	8192054014	VO	GROUP3
French	6854151894	VO	GROUP4
Galician	454387779	OV	GROUP1
Galician	7889150172	OV	GROUP2
Galician	898582989	OV	GROUP3
Galician	8639776079	OV	GROUP4
Galician	4011099045	OV	GROUP1
Galician	9182157309	OV	GROUP2
Galician	845646266	OV	GROUP3
Galician	6804679991	OV	GROUP4
Galician	2670938162	OV	GROUP1
Galician	6863491188	OV	GROUP2
Galician	345548586	OV	GROUP3
Galician	1106493779	OV	GROUP4
Galician	8753749998	VO	GROUP1
Galician	7875103053	VO	GROUP2
Galician	9888894181	VO	GROUP3
Galician	7145686102	VO	GROUP4
Galician	6029986537	VO	GROUP1
Galician	5469793482	VO	GROUP2
Galician	2745190476	VO	GROUP3
Galician	8515847732	VO	GROUP4
Galician	1356713099	VO	GROUP1
Galician	5988943500	VO	GROUP2
Galician	9306240684	VO	GROUP3
Galician	2179952099	VO	GROUP4
German	8723024291	OV	GROUP1
German	6342040758	OV	GROUP2
German	7136971851	OV	GROUP3
German	71307869	OV	GROUP4
German	175901926	OV	GROUP1
German	7233494255	OV	GROUP2
German	4702663606	OV	GROUP3
German	4445452725	OV	GROUP4
German	5722010187	OV	GROUP1
German	4190278615	OV	GROUP2
German	7237154057	OV	GROUP3
German	4661301716	OV	GROUP4
German	9024217012	VO	GROUP1
German	183828430	VO	GROUP2
German	3150957569	VO	GROUP3
German	8515262878	VO	GROUP4
German	5715216458	VO	GROUP1
German	136153380	VO	GROUP2
German	6574715777	VO	GROUP3
German	8202691602	VO	GROUP4
German	6706744738	VO	GROUP1
German	3888300843	VO	GROUP2
German	1831204260	VO	GROUP3
German	9443367601	VO	GROUP4
Gothic	6737090998	OV	GROUP1
Gothic	7843548989	OV	GROUP2
Gothic	3694139128	OV	GROUP3
Gothic	5935470810	OV	GROUP4
Gothic	2357964386	OV	GROUP1
Gothic	3406263810	OV	GROUP2
Gothic	7296551045	OV	GROUP3
Gothic	6143094904	OV	GROUP4
Gothic	5146462271	OV	GROUP1
Gothic	6118902839	OV	GROUP2
Gothic	5335219129	OV	GROUP3
Gothic	6256606243	OV	GROUP4
Gothic	7215537599	VO	GROUP1
Gothic	8738609137	VO	GROUP2
Gothic	2305067591	VO	GROUP3
Gothic	4762537530	VO	GROUP4
Gothic	7331081936	VO	GROUP1
Gothic	9323684490	VO	GROUP2
Gothic	1202122097	VO	GROUP3
Gothic	9319134439	VO	GROUP4
Gothic	2985003243	VO	GROUP1
Gothic	5759701124	VO	GROUP2
Gothic	5869981999	VO	GROUP3
Gothic	1358396919	VO	GROUP4
Greek	2209324319	OV	GROUP1
Greek	6456624145	OV	GROUP2
Greek	3529480172	OV	GROUP3
Greek	5485218092	OV	GROUP4
Greek	391300779	OV	GROUP1
Greek	1540783101	OV	GROUP2
Greek	9363886521	OV	GROUP3
Greek	4395741772	OV	GROUP4
Greek	5990544894	OV	GROUP1
Greek	7331222042	OV	GROUP2
Greek	9998851151	OV	GROUP3
Greek	5370391157	OV	GROUP4
Greek	5152840389	VO	GROUP1
Greek	8432842461	VO	GROUP2
Greek	443087336	VO	GROUP3
Greek	3046758712	VO	GROUP4
Greek	9770309800	VO	GROUP1
Greek	6619864691	VO	GROUP2
Greek	3866288962	VO	GROUP3
Greek	7650272780	VO	GROUP4
Greek	5105683559	VO	GROUP1
Greek	9619503589	VO	GROUP2
Greek	538279922	VO	GROUP3
Greek	7920532892	VO	GROUP4
Hebrew	8681764859	OV	GROUP1
Hebrew	6390048527	OV	GROUP2
Hebrew	9622715829	OV	GROUP3
Hebrew	6251060391	OV	GROUP4
Hebrew	7717550035	OV	GROUP1
Hebrew	9230706573	OV	GROUP2
Hebrew	9618702992	OV	GROUP3
Hebrew	6087914014	OV	GROUP4
Hebrew	907470382	OV	GROUP1
Hebrew	5764264925	OV	GROUP2
Hebrew	484359128	OV	GROUP3
Hebrew	1334963092	OV	GROUP4
Hebrew	6281657213	VO	GROUP1
Hebrew	643621124	VO	GROUP2
Hebrew	6614334335	VO	GROUP3
Hebrew	8002327225	VO	GROUP4
Hebrew	6866507495	VO	GROUP1
Hebrew	7994146565	VO	GROUP2
Hebrew	9351257043	VO	GROUP3
Hebrew	6719626898	VO	GROUP4
Hebrew	4914310971	VO	GROUP1
Hebrew	6482958279	VO	GROUP2
Hebrew	5904258105	VO	GROUP3
Hebrew	7408502760	VO	GROUP4
Hindi	4611313920	OV	GROUP1
Hindi	4220078889	OV	GROUP2
Hindi	612057196	OV	GROUP3
Hindi	9635394031	OV	GROUP4
Hindi	1376619858	OV	GROUP1
Hindi	6931578816	OV	GROUP2
Hindi	1091791772	OV	GROUP3
Hindi	2016540864	OV	GROUP4
Hindi	7704815015	OV	GROUP1
Hindi	3424672901	OV	GROUP2
Hindi	678089378	OV	GROUP3
Hindi	1676837368	OV	GROUP4
Hindi	5884876022	VO	GROUP1
Hindi	2815589020	VO	GROUP2
Hindi	9755066701	VO	GROUP3
Hindi	5962983572	VO	GROUP4
Hindi	9408810693	VO	GROUP1
Hindi	1066497213	VO	GROUP2
Hindi	4411777117	VO	GROUP3
Hindi	2187989692	VO	GROUP4
Hindi	4930250224	VO	GROUP1
Hindi	1939270997	VO	GROUP2
Hindi	2868111645	VO	GROUP3
Hindi	6446658008	VO	GROUP4
Hungarian	8705090251	OV	GROUP1
Hungarian	5786187046	OV	GROUP2
Hungarian	835743013	OV	GROUP3
Hungarian	3342300900	OV	GROUP4
Hungarian	9502250582	OV	GROUP1
Hungarian	288003905	OV	GROUP2
Hungarian	5224955774	OV	GROUP3
Hungarian	6648854911	OV	GROUP4
Hungarian	469486279	OV	GROUP1
Hungarian	9627108233	OV	GROUP2
Hungarian	2692870494	OV	GROUP3
Hungarian	9410202872	OV	GROUP4
Hungarian	1738048221	VO	GROUP1
Hungarian	993437270	VO	GROUP2
Hungarian	5072424235	VO	GROUP3
Hungarian	5672293328	VO	GROUP4
Hungarian	8148810023	VO	GROUP1
Hungarian	8420939739	VO	GROUP2
Hungarian	9615205925	VO	GROUP3
Hungarian	7332538565	VO	GROUP4
Hungarian	5449734832	VO	GROUP1
Hungarian	8976437696	VO	GROUP2
Hungarian	9381740066	VO	GROUP3
Hungarian	1963391511	VO	GROUP4
Indonesian	6755837038	OV	GROUP1
Indonesian	3375856929	OV	GROUP2
Indonesian	8416536337	OV	GROUP3
Indonesian	5916698353	OV	GROUP4
Indonesian	5193281046	OV	GROUP1
Indonesian	2519584723	OV	GROUP2
Indonesian	4879060792	OV	GROUP3
Indonesian	4731998067	OV	GROUP4
Indonesian	5382881867	OV	GROUP1
Indonesian	2560182878	OV	GROUP2
Indonesian	891385641	OV	GROUP3
Indonesian	4375311486	OV	GROUP4
Indonesian	2915991909	OV	GROUP1
Indonesian	7754637447	VO	GROUP1
Indonesian	8584451646	VO	GROUP2
Indonesian	4450050250	VO	GROUP3
Indonesian	5041640935	VO	GROUP4
Indonesian	4418369424	VO	GROUP1
Indonesian	993273831	VO	GROUP2
Indonesian	4470228795	VO	GROUP3
Indonesian	5736069436	VO	GROUP4
Indonesian	6530645675	VO	GROUP1
Indonesian	8374529174	VO	GROUP2
Indonesian	302488657	VO	GROUP3
Indonesian	6050259150	VO	GROUP4
Irish	446418493	OV	GROUP1
Irish	5975979969	OV	GROUP2
Irish	8231415483	OV	GROUP3
Irish	2938889752	OV	GROUP4
Irish	3555231916	OV	GROUP1
Irish	4619624644	OV	GROUP2
Irish	2623977758	OV	GROUP3
Irish	344643896	OV	GROUP4
Irish	7302807329	OV	GROUP1
Irish	3167933702	OV	GROUP2
Irish	7643703723	OV	GROUP3
Irish	8839370098	OV	GROUP4
Irish	4327898982	VO	GROUP1
Irish	21781067	VO	GROUP2
Irish	7638971026	VO	GROUP3
Irish	8605528680	VO	GROUP4
Irish	2176303463	VO	GROUP1
Irish	9473689637	VO	GROUP2
Irish	2994323834	VO	GROUP3
Irish	999781918	VO	GROUP4
Irish	6195122992	VO	GROUP1
Irish	1262201731	VO	GROUP2
Irish	2189901908	VO	GROUP3
Irish	7248715847	VO	GROUP4
Italian	9606114276	OV	GROUP1
Italian	8402267411	OV	GROUP2
Italian	911553149	OV	GROUP3
Italian	1605203152	OV	GROUP4
Italian	3185031035	OV	GROUP1
Italian	2158478159	OV	GROUP2
Italian	3713807910	OV	GROUP3
Italian	1044261734	OV	GROUP4
Italian	1239069177	OV	GROUP1
Italian	189889708	OV	GROUP2
Italian	8737054154	OV	GROUP3
Italian	4907163801	OV	GROUP4
Italian	7633747248	VO	GROUP1
Italian	2159801813	VO	GROUP2
Italian	9424731915	VO	GROUP3
Italian	9858186698	VO	GROUP4
Italian	847591789	VO	GROUP1
Italian	1145283527	VO	GROUP2
Italian	5313212627	VO	GROUP3
Italian	2705796116	VO	GROUP4
Italian	9363890371	VO	GROUP1
Italian	1068152483	VO	GROUP2
Italian	7676356370	VO	GROUP3
Italian	3331694372	VO	GROUP4
Italian	9251457876	VO	GROUP1
Japanese	1461148279	OV	GROUP1
Japanese	3208314050	OV	GROUP2
Japanese	8173520601	OV	GROUP3
Japanese	7214227584	OV	GROUP4
Japanese	2858962760	OV	GROUP1
Japanese	6063659499	OV	GROUP2
Japanese	6615716453	OV	GROUP3
Japanese	2365254073	OV	GROUP4
Japanese	8879667084	OV	GROUP1
Japanese	9193927684	OV	GROUP2
Japanese	8439402816	OV	GROUP3
Japanese	7639076918	OV	GROUP4
Japanese	1009595739	VO	GROUP1
Japanese	313937142	VO	GROUP2
Japanese	1283183948	VO	GROUP3
Japanese	1188143023	VO	GROUP4
Japanese	1068152990	VO	GROUP1
Japanese	5152625031	VO	GROUP2
Japanese	6673178128	VO	GROUP3
Japanese	3088536385	VO	GROUP4
Japanese	2095642367	VO	GROUP1
Japanese	2067345890	VO	GROUP2
Japanese	3429225363	VO	GROUP3
Japanese	1241281058	VO	GROUP4
Korean	1499199054	OV	GROUP1
Korean	8621284411	OV	GROUP2
Korean	9243768601	OV	GROUP3
Korean	3103565506	OV	GROUP4
Korean	6505521778	OV	GROUP1
Korean	4992077103	OV	GROUP2
Korean	3602806999	OV	GROUP3
Korean	7594850778	OV	GROUP4
Korean	7538096224	OV	GROUP1
Korean	9584137591	OV	GROUP2
Korean	939764232	OV	GROUP3
Korean	4858556654	OV	GROUP4
Korean	7169100329	VO	GROUP1
Korean	9582190605	VO	GROUP2
Korean	9355623957	VO	GROUP3
Korean	8609572867	VO	GROUP4
Korean	8034124534	VO	GROUP1
Korean	4995776196	VO	GROUP2
Korean	8121711353	VO	GROUP3
Korean	5533753756	VO	GROUP4
Korean	7193607338	VO	GROUP1
Korean	2944795873	VO	GROUP2
Korean	9541660327	VO	GROUP3
Korean	2724621042	VO	GROUP4
Korean	543184510	VO	GROUP1
Latin	821585655	OV	GROUP1
Latin	8298287341	OV	GROUP2
Latin	8078552324	OV	GROUP3
Latin	1528853115	OV	GROUP4
Latin	9577508682	OV	GROUP1
Latin	744025601	OV	GROUP2
Latin	7282489453	OV	GROUP3
Latin	4429085299	OV	GROUP4
Latin	8755117090	OV	GROUP1
Latin	2887451989	OV	GROUP2
Latin	5784962908	OV	GROUP3
Latin	1696082381	OV	GROUP4
Latin	2642906750	VO	GROUP1
Latin	1105443501	VO	GROUP2
Latin	2984520075	VO	GROUP3
Latin	1892835101	VO	GROUP4
Latin	6935517048	VO	GROUP1
Latin	9147526051	VO	GROUP2
Latin	9019187249	VO	GROUP3
Latin	6754888529	VO	GROUP4
Latin	5234583181	VO	GROUP1
Latin	4766918754	VO	GROUP2
Latin	7278378530	VO	GROUP3
Latin	1542884737	VO	GROUP4
Latvian	8390429393	OV	GROUP1
Latvian	9708684289	OV	GROUP2
Latvian	6855128177	OV	GROUP3
Latvian	3845175163	OV	GROUP4
Latvian	2831766463	OV	GROUP1
Latvian	869200836	OV	GROUP2
Latvian	9624874339	OV	GROUP3
Latvian	4460902927	OV	GROUP4
Latvian	7669348116	OV	GROUP1
Latvian	9342502206	OV	GROUP2
Latvian	3902501904	OV	GROUP3
Latvian	2609941047	OV	GROUP4
Latvian	2453933183	VO	GROUP1
Latvian	3585713646	VO	GROUP2
Latvian	5748753439	VO	GROUP3
Latvian	5246179795	VO	GROUP4
Latvian	828234708	VO	GROUP1
Latvian	8260671049	VO	GROUP2
Latvian	4473885534	VO	GROUP3
Latvian	1665009662	VO	GROUP4
Latvian	2089089217	VO	GROUP1
Latvian	3363923869	VO	GROUP2
Latvian	2403304834	VO	GROUP3
Latvian	9353576704	VO	GROUP4
Lithuanian	6341665332	OV	GROUP1
Lithuanian	3943961110	OV	GROUP2
Lithuanian	2051593345	OV	GROUP3
Lithuanian	7310249754	OV	GROUP4
Lithuanian	7657602354	OV	GROUP1
Lithuanian	8318192640	OV	GROUP2
Lithuanian	6343132952	OV	GROUP3
Lithuanian	1187756157	OV	GROUP4
Lithuanian	257509430	OV	GROUP1
Lithuanian	5633437093	OV	GROUP2
Lithuanian	2831804318	OV	GROUP3
Lithuanian	7149700232	OV	GROUP4
Lithuanian	4793638486	VO	GROUP1
Lithuanian	9875130895	VO	GROUP2
Lithuanian	5547476127	VO	GROUP3
Lithuanian	4143401014	VO	GROUP4
Lithuanian	4989277722	VO	GROUP1
Lithuanian	4556509089	VO	GROUP2
Lithuanian	4770962150	VO	GROUP3
Lithuanian	5160005496	VO	GROUP4
Lithuanian	3283024478	VO	GROUP1
Lithuanian	1711485519	VO	GROUP2
Lithuanian	5938709556	VO	GROUP3
Lithuanian	8806116285	VO	GROUP4
Marathi	5529731670	OV	GROUP1
Marathi	1414525351	OV	GROUP2
Marathi	6983409439	OV	GROUP3
Marathi	829206136	OV	GROUP4
Marathi	8097438185	OV	GROUP1
Marathi	8681623637	OV	GROUP2
Marathi	101766062	OV	GROUP3
Marathi	5658968522	OV	GROUP4
Marathi	257696452	OV	GROUP1
Marathi	2865151624	OV	GROUP2
Marathi	391558040	OV	GROUP3
Marathi	6443156255	OV	GROUP4
Marathi	6527573707	VO	GROUP1
Marathi	9038243873	VO	GROUP2
Marathi	3055571511	VO	GROUP3
Marathi	6450362268	VO	GROUP4
Marathi	743761786	VO	GROUP1
Marathi	5373802930	VO	GROUP2
Marathi	7527077331	VO	GROUP3
Marathi	576148333	VO	GROUP4
Marathi	4639519479	VO	GROUP1
Marathi	1273303150	VO	GROUP2
Marathi	3114572312	VO	GROUP3
Marathi	684035245	VO	GROUP4
Norwegian	4677267510	OV	GROUP1
Norwegian	5667161816	OV	GROUP2
Norwegian	4462321337	OV	GROUP3
Norwegian	2598680483	OV	GROUP4
Norwegian	9756188190	OV	GROUP1
Norwegian	7046681945	OV	GROUP2
Norwegian	4608785146	OV	GROUP3
Norwegian	1590479561	OV	GROUP4
Norwegian	5460575968	OV	GROUP1
Norwegian	7073571361	OV	GROUP2
Norwegian	6853357504	OV	GROUP3
Norwegian	9038239401	OV	GROUP4
Norwegian	1314436887	VO	GROUP1
Norwegian	2398806458	VO	GROUP2
Norwegian	3439621891	VO	GROUP3
Norwegian	2623706403	VO	GROUP4
Norwegian	5969325668	VO	GROUP1
Norwegian	652831863	VO	GROUP2
Norwegian	9079249691	VO	GROUP3
Norwegian	6682403629	VO	GROUP4
Norwegian	4098986604	VO	GROUP1
Norwegian	6706419946	VO	GROUP2
Norwegian	1843054578	VO	GROUP3
Norwegian	2140240605	VO	GROUP4
Old_Church_Slavonic	1195163510	OV	GROUP1
Old_Church_Slavonic	8335099566	OV	GROUP2
Old_Church_Slavonic	6736376940	OV	GROUP3
Old_Church_Slavonic	9206555225	OV	GROUP4
Old_Church_Slavonic	378062582	OV	GROUP1
Old_Church_Slavonic	6365184171	OV	GROUP2
Old_Church_Slavonic	1093263131	OV	GROUP3
Old_Church_Slavonic	7022147467	OV	GROUP4
Old_Church_Slavonic	4613178219	OV	GROUP1
Old_Church_Slavonic	9036276423	OV	GROUP2
Old_Church_Slavonic	5455263306	OV	GROUP3
Old_Church_Slavonic	1012673612	OV	GROUP4
Old_Church_Slavonic	9965379236	VO	GROUP1
Old_Church_Slavonic	8018536269	VO	GROUP2
Old_Church_Slavonic	5087985668	VO	GROUP3
Old_Church_Slavonic	326999304	VO	GROUP4
Old_Church_Slavonic	4932200726	VO	GROUP1
Old_Church_Slavonic	3901401544	VO	GROUP2
Old_Church_Slavonic	178060850	VO	GROUP3
Old_Church_Slavonic	6405433687	VO	GROUP4
Old_Church_Slavonic	520127864	VO	GROUP1
Old_Church_Slavonic	9520871396	VO	GROUP2
Old_Church_Slavonic	5348378406	VO	GROUP3
Old_Church_Slavonic	6385418183	VO	GROUP4
Old_Church_Slavonic	9893792743	VO	GROUP1
Persian	8410637578	OV	GROUP1
Persian	5136961867	OV	GROUP2
Persian	1791878826	OV	GROUP3
Persian	8322321601	OV	GROUP4
Persian	1653974778	OV	GROUP1
Persian	4952612521	OV	GROUP2
Persian	5492839842	OV	GROUP3
Persian	6820022821	OV	GROUP4
Persian	6618935250	OV	GROUP1
Persian	5515117109	OV	GROUP2
Persian	809465018	OV	GROUP3
Persian	4416525557	OV	GROUP4
Persian	9764598452	VO	GROUP1
Persian	3325739392	VO	GROUP2
Persian	5690146700	VO	GROUP3
Persian	7052714991	VO	GROUP4
Persian	8924635208	VO	GROUP1
Persian	1681609021	VO	GROUP2
Persian	5817779357	VO	GROUP3
Persian	3412580769	VO	GROUP4
Persian	5356606347	VO	GROUP1
Persian	8878095985	VO	GROUP2
Persian	4664293056	VO	GROUP3
Persian	637132345	VO	GROUP4
Polish	2245154024	OV	GROUP1
Polish	7806666806	OV	GROUP2
Polish	7468537635	OV	GROUP3
Polish	8482832695	OV	GROUP4
Polish	5227897076	OV	GROUP1
Polish	3922432604	OV	GROUP2
Polish	905619302	OV	GROUP3
Polish	5790044463	OV	GROUP4
Polish	2653238796	OV	GROUP1
Polish	1394826434	OV	GROUP2
Polish	5815877309	OV	GROUP3
Polish	9649884408	OV	GROUP4
Polish	7337863333	VO	GROUP1
Polish	7629492001	VO	GROUP2
Polish	497608523	VO	GROUP3
Polish	7492055730	VO	GROUP4
Polish	946586795	VO	GROUP1
Polish	7054110541	VO	GROUP2
Polish	9522525503	VO	GROUP3
Polish	7393754896	VO	GROUP4
Polish	1975819376	VO	GROUP1
Polish	6951943963	VO	GROUP2
Polish	6653763975	VO	GROUP3
Polish	960254315	VO	GROUP4
Portuguese	4227594057	OV	GROUP1
Portuguese	4572915610	OV	GROUP2
Portuguese	5510411925	OV	GROUP3
Portuguese	5008733344	OV	GROUP4
Portuguese	8587918798	OV	GROUP1
Portuguese	2092691919	OV	GROUP2
Portuguese	6325801317	OV	GROUP3
Portuguese	9692582901	OV	GROUP4
Portuguese	7912672472	OV	GROUP1
Portuguese	4188406256	OV	GROUP2
Portuguese	8189437894	OV	GROUP3
Portuguese	4696823250	OV	GROUP4
Portuguese	3972369	VO	GROUP1
Portuguese	2883132391	VO	GROUP2
Portuguese	2649926595	VO	GROUP3
Portuguese	1080018584	VO	GROUP4
Portuguese	5245130517	VO	GROUP1
Portuguese	5048948364	VO	GROUP2
Portuguese	1404584048	VO	GROUP3
Portuguese	1058558034	VO	GROUP4
Portuguese	2164044809	VO	GROUP1
Portuguese	3276647525	VO	GROUP2
Portuguese	9549591685	VO	GROUP3
Portuguese	6513022989	VO	GROUP4
Romanian	6732489007	OV	GROUP1
Romanian	4657720667	OV	GROUP2
Romanian	3026380184	OV	GROUP3
Romanian	4119230459	OV	GROUP4
Romanian	4087203860	OV	GROUP1
Romanian	6677228325	OV	GROUP2
Romanian	3991739652	OV	GROUP3
Romanian	8687365241	OV	GROUP4
Romanian	124175633	OV	GROUP1
Romanian	5882507407	OV	GROUP2
Romanian	542382060	OV	GROUP3
Romanian	4953637734	OV	GROUP4
Romanian	801587424	VO	GROUP1
Romanian	4598797318	VO	GROUP2
Romanian	576616091	VO	GROUP3
Romanian	5219289772	VO	GROUP4
Romanian	4731834696	VO	GROUP1
Romanian	9081209501	VO	GROUP2
Romanian	7265871322	VO	GROUP3
Romanian	3251976000	VO	GROUP4
Romanian	3635844330	VO	GROUP1
Romanian	8820061733	VO	GROUP2
Romanian	1951399202	VO	GROUP3
Romanian	6784975297	VO	GROUP4
Russian	122638680	OV	GROUP1
Russian	5751275373	OV	GROUP2
Russian	418953189	OV	GROUP3
Russian	5725392105	OV	GROUP4
Russian	2523823048	OV	GROUP1
Russian	751101750	OV	GROUP2
Russian	9241113429	OV	GROUP3
Russian	435800900	OV	GROUP4
Russian	2131524026	OV	GROUP1
Russian	7591950758	OV	GROUP2
Russian	1654461679	OV	GROUP3
Russian	1289860948	OV	GROUP4
Russian	305153601	VO	GROUP1
Russian	5457228368	VO	GROUP2
Russian	9999935444	VO	GROUP3
Russian	2669734743	VO	GROUP4
Russian	4974168950	VO	GROUP1
Russian	3645992655	VO	GROUP2
Russian	976985032	VO	GROUP3
Russian	4785375334	VO	GROUP4
Russian	3075533973	VO	GROUP1
Russian	3547604473	VO	GROUP2
Russian	1126867524	VO	GROUP3
Russian	2914421032	VO	GROUP4
Serbian	7392364811	OV	GROUP1
Serbian	3817427565	OV	GROUP2
Serbian	1084280849	OV	GROUP3
Serbian	9379253204	OV	GROUP4
Serbian	4963641804	OV	GROUP1
Serbian	5932497906	OV	GROUP2
Serbian	2447068480	OV	GROUP3
Serbian	5189403494	OV	GROUP4
Serbian	7803339000	OV	GROUP1
Serbian	70589956	OV	GROUP2
Serbian	4800985670	OV	GROUP3
Serbian	9948301601	OV	GROUP4
Serbian	2847192468	VO	GROUP1
Serbian	3762940978	VO	GROUP2
Serbian	1380264678	VO	GROUP3
Serbian	6095795902	VO	GROUP4
Serbian	2676221706	VO	GROUP1
Serbian	6819748568	VO	GROUP2
Serbian	491512484	VO	GROUP3
Serbian	2052256465	VO	GROUP4
Serbian	3077422057	VO	GROUP1
Serbian	9841626628	VO	GROUP2
Serbian	7242220656	VO	GROUP3
Serbian	8779005273	VO	GROUP4
Slovak	9383936989	OV	GROUP1
Slovak	6162929318	OV	GROUP2
Slovak	9639523416	OV	GROUP3
Slovak	7143867448	OV	GROUP4
Slovak	2297067531	OV	GROUP1
Slovak	8768895670	OV	GROUP2
Slovak	4764609675	OV	GROUP3
Slovak	3537237389	OV	GROUP4
Slovak	2597955304	OV	GROUP1
Slovak	2694480717	OV	GROUP2
Slovak	6136073645	OV	GROUP3
Slovak	8078672634	OV	GROUP4
Slovak	884365404	VO	GROUP1
Slovak	3820800245	VO	GROUP2
Slovak	996749053	VO	GROUP3
Slovak	9852185484	VO	GROUP4
Slovak	2304682388	VO	GROUP1
Slovak	7223255144	VO	GROUP2
Slovak	2176339944	VO	GROUP3
Slovak	2560993786	VO	GROUP4
Slovak	7284773621	VO	GROUP1
Slovak	4572185098	VO	GROUP2
Slovak	4036290974	VO	GROUP3
Slovak	8619746208	VO	GROUP4
Slovenian	2883694790	OV	GROUP1
Slovenian	2235410242	OV	GROUP2
Slovenian	7879820299	OV	GROUP3
Slovenian	8095886855	OV	GROUP4
Slovenian	1131642226	OV	GROUP1
Slovenian	3895563551	OV	GROUP2
Slovenian	3008242275	OV	GROUP3
Slovenian	2097146987	OV	GROUP4
Slovenian	5767532283	OV	GROUP1
Slovenian	9551304062	OV	GROUP2
Slovenian	5947007887	OV	GROUP3
Slovenian	6127724000	OV	GROUP4
Slovenian	8408023901	VO	GROUP1
Slovenian	5257534678	VO	GROUP2
Slovenian	3369697079	VO	GROUP3
Slovenian	3648087420	VO	GROUP4
Slovenian	1199263944	VO	GROUP1
Slovenian	5577568913	VO	GROUP2
Slovenian	8507305788	VO	GROUP3
Slovenian	5082521984	VO	GROUP4
Slovenian	25393398	VO	GROUP1
Slovenian	3916390204	VO	GROUP2
Slovenian	2030408771	VO	GROUP3
Slovenian	7797405506	VO	GROUP4
Spanish	9091773632	OV	GROUP1
Spanish	4950026213	OV	GROUP2
Spanish	5935993697	OV	GROUP3
Spanish	9676856852	OV	GROUP4
Spanish	832295194	OV	GROUP1
Spanish	3508122133	OV	GROUP2
Spanish	1416761622	OV	GROUP3
Spanish	4056691651	OV	GROUP4
Spanish	6663035347	OV	GROUP1
Spanish	2846351591	OV	GROUP2
Spanish	1470278488	OV	GROUP3
Spanish	7552240600	OV	GROUP4
Spanish	2649189903	OV	GROUP1
Spanish	6766058353	VO	GROUP1
Spanish	3586013530	VO	GROUP2
Spanish	8595169941	VO	GROUP3
Spanish	9567779505	VO	GROUP4
Spanish	8257404167	VO	GROUP1
Spanish	3734231508	VO	GROUP2
Spanish	1083174828	VO	GROUP3
Spanish	3765835068	VO	GROUP4
Spanish	3323510410	VO	GROUP1
Spanish	5936298575	VO	GROUP2
Spanish	1590548412	VO	GROUP3
Spanish	5956794139	VO	GROUP4
Swedish	1295359010	OV	GROUP1
Swedish	1715330247	OV	GROUP2
Swedish	5945751659	OV	GROUP3
Swedish	4683723101	OV	GROUP4
Swedish	608888554	OV	GROUP1
Swedish	2750481296	OV	GROUP2
Swedish	1858856591	OV	GROUP3
Swedish	4344227877	OV	GROUP4
Swedish	6721563583	OV	GROUP1
Swedish	513851515	OV	GROUP2
Swedish	8348397690	OV	GROUP3
Swedish	9936031859	OV	GROUP4
Swedish	5977698508	VO	GROUP1
Swedish	768870078	VO	GROUP2
Swedish	5300064062	VO	GROUP3
Swedish	6517500466	VO	GROUP4
Swedish	4662243300	VO	GROUP1
Swedish	6021767066	VO	GROUP2
Swedish	1415069738	VO	GROUP3
Swedish	8794742346	VO	GROUP4
Swedish	6382055435	VO	GROUP1
Swedish	7609961975	VO	GROUP2
Swedish	163094507	VO	GROUP3
Swedish	1572400545	VO	GROUP4
Tamil	680194126	OV	GROUP1
Tamil	9217670121	OV	GROUP2
Tamil	7531526971	OV	GROUP3
Tamil	452860202	OV	GROUP4
Tamil	4192998455	OV	GROUP1
Tamil	6213377853	OV	GROUP2
Tamil	770397392	OV	GROUP3
Tamil	4619391188	OV	GROUP4
Tamil	5995966197	OV	GROUP1
Tamil	4037091544	OV	GROUP2
Tamil	5111385924	OV	GROUP3
Tamil	4705499170	OV	GROUP4
Tamil	5309801900	VO	GROUP1
Tamil	1304036648	VO	GROUP2
Tamil	1931715706	VO	GROUP3
Tamil	1261619753	VO	GROUP4
Tamil	3390016856	VO	GROUP1
Tamil	8711707313	VO	GROUP2
Tamil	8907447880	VO	GROUP3
Tamil	5410921771	VO	GROUP4
Tamil	7915920490	VO	GROUP1
Tamil	3616167762	VO	GROUP2
Tamil	1257984541	VO	GROUP3
Tamil	7419515713	VO	GROUP4
Telugu	4887700711	OV	GROUP1
Telugu	7308909058	OV	GROUP2
Telugu	7522954743	OV	GROUP3
Telugu	9206270986	OV	GROUP4
Telugu	6134024528	OV	GROUP1
Telugu	7562793625	OV	GROUP2
Telugu	3069414913	OV	GROUP3
Telugu	3951998013	OV	GROUP4
Telugu	1637264593	OV	GROUP1
Telugu	3958802968	OV	GROUP2
Telugu	7760927400	OV	GROUP3
Telugu	6282735639	OV	GROUP4
Telugu	906481790	VO	GROUP1
Telugu	3545160889	VO	GROUP2
Telugu	783725394	VO	GROUP3
Telugu	3378222494	VO	GROUP4
Telugu	6994226783	VO	GROUP1
Telugu	6731391711	VO	GROUP2
Telugu	3729955782	VO	GROUP3
Telugu	4692482080	VO	GROUP4
Telugu	312478308	VO	GROUP1
Telugu	4947075102	VO	GROUP2
Telugu	6177579936	VO	GROUP3
Telugu	4228687975	VO	GROUP4
Turkish	7169910342	OV	GROUP1
Turkish	6350748724	OV	GROUP2
Turkish	8037512710	OV	GROUP3
Turkish	1035393965	OV	GROUP4
Turkish	528743179	OV	GROUP1
Turkish	5547033188	OV	GROUP2
Turkish	4730921969	OV	GROUP3
Turkish	1906949152	OV	GROUP4
Turkish	4164831056	OV	GROUP1
Turkish	589207540	OV	GROUP2
Turkish	5867104423	OV	GROUP3
Turkish	5355803168	OV	GROUP4
Turkish	6978544561	VO	GROUP1
Turkish	8151228474	VO	GROUP2
Turkish	6562935437	VO	GROUP3
Turkish	4031801034	VO	GROUP4
Turkish	8613841975	VO	GROUP1
Turkish	5440361935	VO	GROUP2
Turkish	8813750349	VO	GROUP3
Turkish	8611985990	VO	GROUP4
Turkish	5509643988	VO	GROUP1
Turkish	6739337824	VO	GROUP2
Turkish	6059188658	VO	GROUP3
Turkish	1347322337	VO	GROUP4
Ukrainian	359706732	OV	GROUP1
Ukrainian	6790846638	OV	GROUP2
Ukrainian	9861169709	OV	GROUP3
Ukrainian	1616976759	OV	GROUP4
Ukrainian	1454363798	OV	GROUP1
Ukrainian	7364747851	OV	GROUP2
Ukrainian	3955057044	OV	GROUP3
Ukrainian	802304132	OV	GROUP4
Ukrainian	4301405722	OV	GROUP1
Ukrainian	9474669880	OV	GROUP2
Ukrainian	4229910799	OV	GROUP3
Ukrainian	786065646	OV	GROUP4
Ukrainian	4549859727	VO	GROUP1
Ukrainian	2877562774	VO	GROUP2
Ukrainian	5680625075	VO	GROUP3
Ukrainian	7044768915	VO	GROUP4
Ukrainian	6387973586	VO	GROUP1
Ukrainian	9679007697	VO	GROUP2
Ukrainian	9210495005	VO	GROUP3
Ukrainian	1549783366	VO	GROUP4
Ukrainian	6991982342	VO	GROUP1
Ukrainian	6204132549	VO	GROUP2
Ukrainian	5562899522	VO	GROUP3
Ukrainian	6613099482	VO	GROUP4
Urdu	7577085397	OV	GROUP1
Urdu	9349044069	OV	GROUP2
Urdu	7141961520	OV	GROUP3
Urdu	5245756241	OV	GROUP4
Urdu	8194077103	OV	GROUP1
Urdu	9722132547	OV	GROUP2
Urdu	6465959954	OV	GROUP3
Urdu	3837218170	OV	GROUP4
Urdu	4939271411	OV	GROUP1
Urdu	527124779	OV	GROUP2
Urdu	2703496865	OV	GROUP3
Urdu	975738941	OV	GROUP4
Urdu	9898702740	VO	GROUP1
Urdu	8761231290	VO	GROUP2
Urdu	6816960821	VO	GROUP3
Urdu	1945516561	VO	GROUP4
Urdu	5145751057	VO	GROUP1
Urdu	3070740224	VO	GROUP2
Urdu	6860402264	VO	GROUP3
Urdu	5642304159	VO	GROUP4
Urdu	2371635802	VO	GROUP1
Urdu	3992706298	VO	GROUP2
Urdu	9026075601	VO	GROUP3
Urdu	3114164699	VO	GROUP4
Vietnamese	8604993053	OV	GROUP1
Vietnamese	4714058017	OV	GROUP2
Vietnamese	5453166827	OV	GROUP3
Vietnamese	6373146852	OV	GROUP4
Vietnamese	1505157260	OV	GROUP1
Vietnamese	9447049702	OV	GROUP2
Vietnamese	7364629567	OV	GROUP3
Vietnamese	9864186953	OV	GROUP4
Vietnamese	2653224689	OV	GROUP1
Vietnamese	3624577628	OV	GROUP2
Vietnamese	2356922538	OV	GROUP3
Vietnamese	7984581955	OV	GROUP4
Vietnamese	8470296477	VO	GROUP1
Vietnamese	519757474	VO	GROUP2
Vietnamese	2901261142	VO	GROUP3
Vietnamese	8521431725	VO	GROUP4
Vietnamese	7168481155	VO	GROUP1
Vietnamese	3402348407	VO	GROUP2
Vietnamese	3866869627	VO	GROUP3
Vietnamese	8929100471	VO	GROUP4
Vietnamese	1396979972	VO	GROUP1
Vietnamese	8453845018	VO	GROUP2
Vietnamese	2960745660	VO	GROUP3
Vietnamese	1171173532	VO	GROUP4
